amino_acid,All 2A instances (raw),Unique source accession,Unique 2A core peptide,Unique downstream context,Viral 2A instances (raw),"Viral, unique downstream context","All amino acids, all positions",Position 2 of viral proteins,Residue after any proline (P+1)
A,1.636,2.195,6.224,4.27,6.42,6.322,6.51,16.054,6.851
C,0.25,0.336,0.979,0.594,0.07,0.575,2.039,0.636,1.749
D,2.041,2.736,8.112,9.432,3.843,11.494,5.324,10.463,5.157
E,0.607,0.723,2.937,2.711,0.445,0.958,5.729,10.778,5.991
F,9.237,12.92,5.035,7.798,67.174,29.119,4.135,2.859,3.785
G,6.904,9.496,5.874,4.864,0.679,1.916,6.049,6.939,6.275
H,6.154,1.35,0.769,0.557,0.07,0.383,2.211,1.068,2.203
I,2.004,2.724,4.266,6.127,1.804,5.747,6.167,2.813,5.703
K,0.377,0.462,2.727,2.265,0.117,0.766,5.871,5.462,5.169
L,0.731,0.77,3.846,3.788,0.75,2.874,9.095,4.184,8.562
M,4.891,6.499,4.476,16.821,0.562,2.299,2.488,1.418,1.918
N,1.124,1.481,5.455,5.013,0.515,2.49,5.076,6.052,4.511
P,0.711,0.908,4.825,3.713,0.234,1.533,4.941,3.198,7.14
Q,0.326,0.395,1.958,1.634,0.305,1.341,3.719,1.984,3.535
R,2.333,3.194,6.434,4.048,0.328,1.533,5.397,2.836,5.427
S,27.096,8.248,10.14,8.095,7.615,5.747,7.309,13.597,7.803
T,29.899,41.578,12.797,8.801,2.577,6.897,6.315,4.266,6.892
V,3.238,3.475,11.259,8.763,6.068,16.475,6.526,2.684,6.712
W,0.27,0.292,1.329,0.297,0.211,0.766,1.38,0.665,1.271
Y,0.169,0.217,0.559,0.408,0.211,0.766,3.719,2.042,3.345
