gene,transcript,nterm3,condition,bin,proportion,reads
VWA5B1,ENST00000485375.6,MPG,AAVS1 control,1,0.46549,1738.1
VWA5B1,ENST00000485375.6,MPG,AAVS1 control,2,0.23977,1738.1
VWA5B1,ENST00000485375.6,MPG,AAVS1 control,3,0.095458,1738.1
VWA5B1,ENST00000485375.6,MPG,AAVS1 control,4,0.075014,1738.1
VWA5B1,ENST00000485375.6,MPG,AAVS1 control,5,0.078873,1738.1
VWA5B1,ENST00000485375.6,MPG,AAVS1 control,6,0.045391,1738.1
VWA5B1,ENST00000485375.6,MPG,ZYG11B KO,1,0.24918,1198.1
VWA5B1,ENST00000485375.6,MPG,ZYG11B KO,2,0.312,1198.1
VWA5B1,ENST00000485375.6,MPG,ZYG11B KO,3,0.17878,1198.1
VWA5B1,ENST00000485375.6,MPG,ZYG11B KO,4,0.13185,1198.1
VWA5B1,ENST00000485375.6,MPG,ZYG11B KO,5,0.083754,1198.1
VWA5B1,ENST00000485375.6,MPG,ZYG11B KO,6,0.044448,1198.1
VWA5B1,ENST00000485375.6,MPG,ZER1 KO,1,0.10825,1074.7
VWA5B1,ENST00000485375.6,MPG,ZER1 KO,2,0.16271,1074.7
VWA5B1,ENST00000485375.6,MPG,ZER1 KO,3,0.23612,1074.7
VWA5B1,ENST00000485375.6,MPG,ZER1 KO,4,0.26779,1074.7
VWA5B1,ENST00000485375.6,MPG,ZER1 KO,5,0.15496,1074.7
VWA5B1,ENST00000485375.6,MPG,ZER1 KO,6,0.070165,1074.7
VWA5B1,ENST00000485375.6,MPG,wild-type control,1,0.26263,919.27
VWA5B1,ENST00000485375.6,MPG,wild-type control,2,0.46991,919.27
VWA5B1,ENST00000485375.6,MPG,wild-type control,3,0.060887,919.27
VWA5B1,ENST00000485375.6,MPG,wild-type control,4,0.093004,919.27
VWA5B1,ENST00000485375.6,MPG,wild-type control,5,0.084579,919.27
VWA5B1,ENST00000485375.6,MPG,wild-type control,6,0.028993,919.27
VWA5B1,ENST00000485375.6,MPG,double KO,1,0.12712,480.06
VWA5B1,ENST00000485375.6,MPG,double KO,2,0.24804,480.06
VWA5B1,ENST00000485375.6,MPG,double KO,3,0.22782,480.06
VWA5B1,ENST00000485375.6,MPG,double KO,4,0.33054,480.06
VWA5B1,ENST00000485375.6,MPG,double KO,5,0.04147,480.06
VWA5B1,ENST00000485375.6,MPG,double KO,6,0.024997,480.06
SEPTIN4,ENST00000412945.7,MPG,AAVS1 control,1,0.22612,1146.5
SEPTIN4,ENST00000412945.7,MPG,AAVS1 control,2,0.40262,1146.5
SEPTIN4,ENST00000412945.7,MPG,AAVS1 control,3,0.20708,1146.5
SEPTIN4,ENST00000412945.7,MPG,AAVS1 control,4,0.050918,1146.5
SEPTIN4,ENST00000412945.7,MPG,AAVS1 control,5,0.087807,1146.5
SEPTIN4,ENST00000412945.7,MPG,AAVS1 control,6,0.02545,1146.5
SEPTIN4,ENST00000412945.7,MPG,ZYG11B KO,1,0.15368,971.31
SEPTIN4,ENST00000412945.7,MPG,ZYG11B KO,2,0.44627,971.31
SEPTIN4,ENST00000412945.7,MPG,ZYG11B KO,3,0.11814,971.31
SEPTIN4,ENST00000412945.7,MPG,ZYG11B KO,4,0.12908,971.31
SEPTIN4,ENST00000412945.7,MPG,ZYG11B KO,5,0.12331,971.31
SEPTIN4,ENST00000412945.7,MPG,ZYG11B KO,6,0.029523,971.31
SEPTIN4,ENST00000412945.7,MPG,ZER1 KO,1,0.033856,654.48
SEPTIN4,ENST00000412945.7,MPG,ZER1 KO,2,0.19084,654.48
SEPTIN4,ENST00000412945.7,MPG,ZER1 KO,3,0.29294,654.48
SEPTIN4,ENST00000412945.7,MPG,ZER1 KO,4,0.20829,654.48
SEPTIN4,ENST00000412945.7,MPG,ZER1 KO,5,0.15363,654.48
SEPTIN4,ENST00000412945.7,MPG,ZER1 KO,6,0.12045,654.48
SEPTIN4,ENST00000412945.7,MPG,wild-type control,1,0.17184,499.54
SEPTIN4,ENST00000412945.7,MPG,wild-type control,2,0.40961,499.54
SEPTIN4,ENST00000412945.7,MPG,wild-type control,3,0.12805,499.54
SEPTIN4,ENST00000412945.7,MPG,wild-type control,4,0.10532,499.54
SEPTIN4,ENST00000412945.7,MPG,wild-type control,5,0.14249,499.54
SEPTIN4,ENST00000412945.7,MPG,wild-type control,6,0.042683,499.54
SEPTIN4,ENST00000412945.7,MPG,double KO,1,0.0213,260.46
SEPTIN4,ENST00000412945.7,MPG,double KO,2,0.211,260.46
SEPTIN4,ENST00000412945.7,MPG,double KO,3,0.1336,260.46
SEPTIN4,ENST00000412945.7,MPG,double KO,4,0.28704,260.46
SEPTIN4,ENST00000412945.7,MPG,double KO,5,0.28562,260.46
SEPTIN4,ENST00000412945.7,MPG,double KO,6,0.06143,260.46
FOSB,ENST00000592811.5,MPG,AAVS1 control,1,0.17428,1872.3
FOSB,ENST00000592811.5,MPG,AAVS1 control,2,0.36298,1872.3
FOSB,ENST00000592811.5,MPG,AAVS1 control,3,0.25515,1872.3
FOSB,ENST00000592811.5,MPG,AAVS1 control,4,0.067557,1872.3
FOSB,ENST00000592811.5,MPG,AAVS1 control,5,0.087518,1872.3
FOSB,ENST00000592811.5,MPG,AAVS1 control,6,0.052526,1872.3
FOSB,ENST00000592811.5,MPG,ZYG11B KO,1,0.09545,1787.3
FOSB,ENST00000592811.5,MPG,ZYG11B KO,2,0.16242,1787.3
FOSB,ENST00000592811.5,MPG,ZYG11B KO,3,0.38094,1787.3
FOSB,ENST00000592811.5,MPG,ZYG11B KO,4,0.19921,1787.3
FOSB,ENST00000592811.5,MPG,ZYG11B KO,5,0.073351,1787.3
FOSB,ENST00000592811.5,MPG,ZYG11B KO,6,0.088624,1787.3
FOSB,ENST00000592811.5,MPG,ZER1 KO,1,0.017221,1608.4
FOSB,ENST00000592811.5,MPG,ZER1 KO,2,0.18378,1608.4
FOSB,ENST00000592811.5,MPG,ZER1 KO,3,0.44525,1608.4
FOSB,ENST00000592811.5,MPG,ZER1 KO,4,0.1805,1608.4
FOSB,ENST00000592811.5,MPG,ZER1 KO,5,0.11038,1608.4
FOSB,ENST00000592811.5,MPG,ZER1 KO,6,0.062864,1608.4
FOSB,ENST00000592811.5,MPG,wild-type control,1,0.18132,1183.5
FOSB,ENST00000592811.5,MPG,wild-type control,2,0.24972,1183.5
FOSB,ENST00000592811.5,MPG,wild-type control,3,0.37382,1183.5
FOSB,ENST00000592811.5,MPG,wild-type control,4,0.091685,1183.5
FOSB,ENST00000592811.5,MPG,wild-type control,5,0.062917,1183.5
FOSB,ENST00000592811.5,MPG,wild-type control,6,0.040534,1183.5
FOSB,ENST00000592811.5,MPG,double KO,1,0.017075,649.82
FOSB,ENST00000592811.5,MPG,double KO,2,0.046985,649.82
FOSB,ENST00000592811.5,MPG,double KO,3,0.1377,649.82
FOSB,ENST00000592811.5,MPG,double KO,4,0.2301,649.82
FOSB,ENST00000592811.5,MPG,double KO,5,0.41117,649.82
FOSB,ENST00000592811.5,MPG,double KO,6,0.15697,649.82
SSBP3,ENST00000525990.1,MPG,AAVS1 control,1,0.1307,649.77
SSBP3,ENST00000525990.1,MPG,AAVS1 control,2,0.059203,649.77
SSBP3,ENST00000525990.1,MPG,AAVS1 control,3,0.33458,649.77
SSBP3,ENST00000525990.1,MPG,AAVS1 control,4,0.29649,649.77
SSBP3,ENST00000525990.1,MPG,AAVS1 control,5,0.067579,649.77
SSBP3,ENST00000525990.1,MPG,AAVS1 control,6,0.11144,649.77
SSBP3,ENST00000525990.1,MPG,ZYG11B KO,1,0.052886,705.64
SSBP3,ENST00000525990.1,MPG,ZYG11B KO,2,0.1747,705.64
SSBP3,ENST00000525990.1,MPG,ZYG11B KO,3,0.29814,705.64
SSBP3,ENST00000525990.1,MPG,ZYG11B KO,4,0.20255,705.64
SSBP3,ENST00000525990.1,MPG,ZYG11B KO,5,0.21561,705.64
SSBP3,ENST00000525990.1,MPG,ZYG11B KO,6,0.056119,705.64
SSBP3,ENST00000525990.1,MPG,ZER1 KO,1,0.075937,656.54
SSBP3,ENST00000525990.1,MPG,ZER1 KO,2,0.13951,656.54
SSBP3,ENST00000525990.1,MPG,ZER1 KO,3,0.22331,656.54
SSBP3,ENST00000525990.1,MPG,ZER1 KO,4,0.31914,656.54
SSBP3,ENST00000525990.1,MPG,ZER1 KO,5,0.093324,656.54
SSBP3,ENST00000525990.1,MPG,ZER1 KO,6,0.14878,656.54
SSBP3,ENST00000525990.1,MPG,wild-type control,1,0.14095,532.87
SSBP3,ENST00000525990.1,MPG,wild-type control,2,0.17066,532.87
SSBP3,ENST00000525990.1,MPG,wild-type control,3,0.50017,532.87
SSBP3,ENST00000525990.1,MPG,wild-type control,4,0.074051,532.87
SSBP3,ENST00000525990.1,MPG,wild-type control,5,0.080147,532.87
SSBP3,ENST00000525990.1,MPG,wild-type control,6,0.034011,532.87
SSBP3,ENST00000525990.1,MPG,double KO,1,0,240
SSBP3,ENST00000525990.1,MPG,double KO,2,0.025444,240
SSBP3,ENST00000525990.1,MPG,double KO,3,0.11392,240
SSBP3,ENST00000525990.1,MPG,double KO,4,0.33694,240
SSBP3,ENST00000525990.1,MPG,double KO,5,0.42785,240
SSBP3,ENST00000525990.1,MPG,double KO,6,0.095835,240
ZNF254,ENST00000339642.10,MPG,AAVS1 control,1,0.45776,1357.3
ZNF254,ENST00000339642.10,MPG,AAVS1 control,2,0.19603,1357.3
ZNF254,ENST00000339642.10,MPG,AAVS1 control,3,0.11381,1357.3
ZNF254,ENST00000339642.10,MPG,AAVS1 control,4,0.10323,1357.3
ZNF254,ENST00000339642.10,MPG,AAVS1 control,5,0.068649,1357.3
ZNF254,ENST00000339642.10,MPG,AAVS1 control,6,0.060514,1357.3
ZNF254,ENST00000339642.10,MPG,ZYG11B KO,1,0.44066,1887.4
ZNF254,ENST00000339642.10,MPG,ZYG11B KO,2,0.22545,1887.4
ZNF254,ENST00000339642.10,MPG,ZYG11B KO,3,0.10336,1887.4
ZNF254,ENST00000339642.10,MPG,ZYG11B KO,4,0.089013,1887.4
ZNF254,ENST00000339642.10,MPG,ZYG11B KO,5,0.081469,1887.4
ZNF254,ENST00000339642.10,MPG,ZYG11B KO,6,0.06005,1887.4
ZNF254,ENST00000339642.10,MPG,ZER1 KO,1,0.43778,1733.5
ZNF254,ENST00000339642.10,MPG,ZER1 KO,2,0.28099,1733.5
ZNF254,ENST00000339642.10,MPG,ZER1 KO,3,0.071562,1733.5
ZNF254,ENST00000339642.10,MPG,ZER1 KO,4,0.094656,1733.5
ZNF254,ENST00000339642.10,MPG,ZER1 KO,5,0.072501,1733.5
ZNF254,ENST00000339642.10,MPG,ZER1 KO,6,0.042508,1733.5
ZNF254,ENST00000339642.10,MPG,wild-type control,1,0.28182,1085.1
ZNF254,ENST00000339642.10,MPG,wild-type control,2,0.47927,1085.1
ZNF254,ENST00000339642.10,MPG,wild-type control,3,0.11544,1085.1
ZNF254,ENST00000339642.10,MPG,wild-type control,4,0.045455,1085.1
ZNF254,ENST00000339642.10,MPG,wild-type control,5,0.052477,1085.1
ZNF254,ENST00000339642.10,MPG,wild-type control,6,0.025544,1085.1
ZNF254,ENST00000339642.10,MPG,double KO,1,0.034493,1125.9
ZNF254,ENST00000339642.10,MPG,double KO,2,0.15457,1125.9
ZNF254,ENST00000339642.10,MPG,double KO,3,0.51219,1125.9
ZNF254,ENST00000339642.10,MPG,double KO,4,0.0393,1125.9
ZNF254,ENST00000339642.10,MPG,double KO,5,0.040948,1125.9
ZNF254,ENST00000339642.10,MPG,double KO,6,0.2185,1125.9
PLD4,ENST00000540372.5,MPG,AAVS1 control,1,0.43882,1202
PLD4,ENST00000540372.5,MPG,AAVS1 control,2,0.32805,1202
PLD4,ENST00000540372.5,MPG,AAVS1 control,3,0.083297,1202
PLD4,ENST00000540372.5,MPG,AAVS1 control,4,0.063141,1202
PLD4,ENST00000540372.5,MPG,AAVS1 control,5,0.057917,1202
PLD4,ENST00000540372.5,MPG,AAVS1 control,6,0.028772,1202
PLD4,ENST00000540372.5,MPG,ZYG11B KO,1,0.17361,1351.2
PLD4,ENST00000540372.5,MPG,ZYG11B KO,2,0.21485,1351.2
PLD4,ENST00000540372.5,MPG,ZYG11B KO,3,0.3029,1351.2
PLD4,ENST00000540372.5,MPG,ZYG11B KO,4,0.10392,1351.2
PLD4,ENST00000540372.5,MPG,ZYG11B KO,5,0.13296,1351.2
PLD4,ENST00000540372.5,MPG,ZYG11B KO,6,0.071753,1351.2
PLD4,ENST00000540372.5,MPG,ZER1 KO,1,0.42963,1689.1
PLD4,ENST00000540372.5,MPG,ZER1 KO,2,0.18486,1689.1
PLD4,ENST00000540372.5,MPG,ZER1 KO,3,0.11351,1689.1
PLD4,ENST00000540372.5,MPG,ZER1 KO,4,0.16141,1689.1
PLD4,ENST00000540372.5,MPG,ZER1 KO,5,0.066968,1689.1
PLD4,ENST00000540372.5,MPG,ZER1 KO,6,0.043627,1689.1
PLD4,ENST00000540372.5,MPG,wild-type control,1,0.095884,839.3
PLD4,ENST00000540372.5,MPG,wild-type control,2,0.54177,839.3
PLD4,ENST00000540372.5,MPG,wild-type control,3,0.12702,839.3
PLD4,ENST00000540372.5,MPG,wild-type control,4,0.14496,839.3
PLD4,ENST00000540372.5,MPG,wild-type control,5,0.0548,839.3
PLD4,ENST00000540372.5,MPG,wild-type control,6,0.035566,839.3
PLD4,ENST00000540372.5,MPG,double KO,1,0.014841,373.81
PLD4,ENST00000540372.5,MPG,double KO,2,0.049007,373.81
PLD4,ENST00000540372.5,MPG,double KO,3,0.21943,373.81
PLD4,ENST00000540372.5,MPG,double KO,4,0.50613,373.81
PLD4,ENST00000540372.5,MPG,double KO,5,0.15977,373.81
PLD4,ENST00000540372.5,MPG,double KO,6,0.050828,373.81
ZNF729,ENST00000601693.1,MPG,AAVS1 control,1,0.54645,433.54
ZNF729,ENST00000601693.1,MPG,AAVS1 control,2,0.1257,433.54
ZNF729,ENST00000601693.1,MPG,AAVS1 control,3,0.16495,433.54
ZNF729,ENST00000601693.1,MPG,AAVS1 control,4,0.053863,433.54
ZNF729,ENST00000601693.1,MPG,AAVS1 control,5,0.07164,433.54
ZNF729,ENST00000601693.1,MPG,AAVS1 control,6,0.037392,433.54
ZNF729,ENST00000601693.1,MPG,ZYG11B KO,1,0.16783,254.13
ZNF729,ENST00000601693.1,MPG,ZYG11B KO,2,0.15649,254.13
ZNF729,ENST00000601693.1,MPG,ZYG11B KO,3,0.4365,254.13
ZNF729,ENST00000601693.1,MPG,ZYG11B KO,4,0.098669,254.13
ZNF729,ENST00000601693.1,MPG,ZYG11B KO,5,0.10827,254.13
ZNF729,ENST00000601693.1,MPG,ZYG11B KO,6,0.03224,254.13
ZNF729,ENST00000601693.1,MPG,ZER1 KO,1,0.32459,443.72
ZNF729,ENST00000601693.1,MPG,ZER1 KO,2,0.31901,443.72
ZNF729,ENST00000601693.1,MPG,ZER1 KO,3,0.10167,443.72
ZNF729,ENST00000601693.1,MPG,ZER1 KO,4,0.045514,443.72
ZNF729,ENST00000601693.1,MPG,ZER1 KO,5,0.16287,443.72
ZNF729,ENST00000601693.1,MPG,ZER1 KO,6,0.046346,443.72
ZNF729,ENST00000601693.1,MPG,wild-type control,1,0.31682,406.41
ZNF729,ENST00000601693.1,MPG,wild-type control,2,0.53144,406.41
ZNF729,ENST00000601693.1,MPG,wild-type control,3,0.026232,406.41
ZNF729,ENST00000601693.1,MPG,wild-type control,4,0.08091,406.41
ZNF729,ENST00000601693.1,MPG,wild-type control,5,0,406.41
ZNF729,ENST00000601693.1,MPG,wild-type control,6,0.044594,406.41
ZNF729,ENST00000601693.1,MPG,double KO,1,0.050209,220.99
ZNF729,ENST00000601693.1,MPG,double KO,2,0.11053,220.99
ZNF729,ENST00000601693.1,MPG,double KO,3,0.57363,220.99
ZNF729,ENST00000601693.1,MPG,double KO,4,0.11737,220.99
ZNF729,ENST00000601693.1,MPG,double KO,5,0.075861,220.99
ZNF729,ENST00000601693.1,MPG,double KO,6,0.072402,220.99
NDUFA8,ENST00000373768.3,MPG,AAVS1 control,1,0.16627,725.86
NDUFA8,ENST00000373768.3,MPG,AAVS1 control,2,0.16341,725.86
NDUFA8,ENST00000373768.3,MPG,AAVS1 control,3,0.18522,725.86
NDUFA8,ENST00000373768.3,MPG,AAVS1 control,4,0.30294,725.86
NDUFA8,ENST00000373768.3,MPG,AAVS1 control,5,0.10771,725.86
NDUFA8,ENST00000373768.3,MPG,AAVS1 control,6,0.074445,725.86
NDUFA8,ENST00000373768.3,MPG,ZYG11B KO,1,0.063691,669.64
NDUFA8,ENST00000373768.3,MPG,ZYG11B KO,2,0.095018,669.64
NDUFA8,ENST00000373768.3,MPG,ZYG11B KO,3,0.16565,669.64
NDUFA8,ENST00000373768.3,MPG,ZYG11B KO,4,0.35947,669.64
NDUFA8,ENST00000373768.3,MPG,ZYG11B KO,5,0.22237,669.64
NDUFA8,ENST00000373768.3,MPG,ZYG11B KO,6,0.093802,669.64
NDUFA8,ENST00000373768.3,MPG,ZER1 KO,1,0,409.25
NDUFA8,ENST00000373768.3,MPG,ZER1 KO,2,0.071211,409.25
NDUFA8,ENST00000373768.3,MPG,ZER1 KO,3,0.082672,409.25
NDUFA8,ENST00000373768.3,MPG,ZER1 KO,4,0.37011,409.25
NDUFA8,ENST00000373768.3,MPG,ZER1 KO,5,0.29175,409.25
NDUFA8,ENST00000373768.3,MPG,ZER1 KO,6,0.18425,409.25
NDUFA8,ENST00000373768.3,MPG,wild-type control,1,0.17306,341.02
NDUFA8,ENST00000373768.3,MPG,wild-type control,2,0.15,341.02
NDUFA8,ENST00000373768.3,MPG,wild-type control,3,0.13287,341.02
NDUFA8,ENST00000373768.3,MPG,wild-type control,4,0.33267,341.02
NDUFA8,ENST00000373768.3,MPG,wild-type control,5,0.073857,341.02
NDUFA8,ENST00000373768.3,MPG,wild-type control,6,0.13755,341.02
NDUFA8,ENST00000373768.3,MPG,double KO,1,0,222.02
NDUFA8,ENST00000373768.3,MPG,double KO,2,0.027503,222.02
NDUFA8,ENST00000373768.3,MPG,double KO,3,0.17912,222.02
NDUFA8,ENST00000373768.3,MPG,double KO,4,0.30924,222.02
NDUFA8,ENST00000373768.3,MPG,double KO,5,0.34451,222.02
NDUFA8,ENST00000373768.3,MPG,double KO,6,0.13962,222.02
C14orf178,ENST00000557011.5,MGR,AAVS1 control,1,0.073986,1268.7
C14orf178,ENST00000557011.5,MGR,AAVS1 control,2,0.25267,1268.7
C14orf178,ENST00000557011.5,MGR,AAVS1 control,3,0.45545,1268.7
C14orf178,ENST00000557011.5,MGR,AAVS1 control,4,0.072089,1268.7
C14orf178,ENST00000557011.5,MGR,AAVS1 control,5,0.077662,1268.7
C14orf178,ENST00000557011.5,MGR,AAVS1 control,6,0.068146,1268.7
C14orf178,ENST00000557011.5,MGR,ZYG11B KO,1,0.01811,588.77
C14orf178,ENST00000557011.5,MGR,ZYG11B KO,2,0.067543,588.77
C14orf178,ENST00000557011.5,MGR,ZYG11B KO,3,0.012993,588.77
C14orf178,ENST00000557011.5,MGR,ZYG11B KO,4,0.13202,588.77
C14orf178,ENST00000557011.5,MGR,ZYG11B KO,5,0.27765,588.77
C14orf178,ENST00000557011.5,MGR,ZYG11B KO,6,0.49168,588.77
C14orf178,ENST00000557011.5,MGR,ZER1 KO,1,0.19832,865.92
C14orf178,ENST00000557011.5,MGR,ZER1 KO,2,0.15866,865.92
C14orf178,ENST00000557011.5,MGR,ZER1 KO,3,0.34514,865.92
C14orf178,ENST00000557011.5,MGR,ZER1 KO,4,0.13411,865.92
C14orf178,ENST00000557011.5,MGR,ZER1 KO,5,0.09253,865.92
C14orf178,ENST00000557011.5,MGR,ZER1 KO,6,0.071247,865.92
C14orf178,ENST00000557011.5,MGR,wild-type control,1,0.034912,614.69
C14orf178,ENST00000557011.5,MGR,wild-type control,2,0.064727,614.69
C14orf178,ENST00000557011.5,MGR,wild-type control,3,0.61138,614.69
C14orf178,ENST00000557011.5,MGR,wild-type control,4,0.16584,614.69
C14orf178,ENST00000557011.5,MGR,wild-type control,5,0.065916,614.69
C14orf178,ENST00000557011.5,MGR,wild-type control,6,0.057234,614.69
C14orf178,ENST00000557011.5,MGR,double KO,1,0,515.4
C14orf178,ENST00000557011.5,MGR,double KO,2,0.02962,515.4
C14orf178,ENST00000557011.5,MGR,double KO,3,0.086809,515.4
C14orf178,ENST00000557011.5,MGR,double KO,4,0.11842,515.4
C14orf178,ENST00000557011.5,MGR,double KO,5,0.31308,515.4
C14orf178,ENST00000557011.5,MGR,double KO,6,0.45208,515.4
FXR2,ENST00000250113.11,MGG,AAVS1 control,1,0.17252,1321.4
FXR2,ENST00000250113.11,MGG,AAVS1 control,2,0.39302,1321.4
FXR2,ENST00000250113.11,MGG,AAVS1 control,3,0.25329,1321.4
FXR2,ENST00000250113.11,MGG,AAVS1 control,4,0.072162,1321.4
FXR2,ENST00000250113.11,MGG,AAVS1 control,5,0.064842,1321.4
FXR2,ENST00000250113.11,MGG,AAVS1 control,6,0.044166,1321.4
FXR2,ENST00000250113.11,MGG,ZYG11B KO,1,0.03177,671.23
FXR2,ENST00000250113.11,MGG,ZYG11B KO,2,0.059245,671.23
FXR2,ENST00000250113.11,MGG,ZYG11B KO,3,0.25073,671.23
FXR2,ENST00000250113.11,MGG,ZYG11B KO,4,0.21293,671.23
FXR2,ENST00000250113.11,MGG,ZYG11B KO,5,0.31106,671.23
FXR2,ENST00000250113.11,MGG,ZYG11B KO,6,0.13426,671.23
FXR2,ENST00000250113.11,MGG,ZER1 KO,1,0.20102,1433
FXR2,ENST00000250113.11,MGG,ZER1 KO,2,0.29925,1433
FXR2,ENST00000250113.11,MGG,ZER1 KO,3,0.20069,1433
FXR2,ENST00000250113.11,MGG,ZER1 KO,4,0.084561,1433
FXR2,ENST00000250113.11,MGG,ZER1 KO,5,0.15349,1433
FXR2,ENST00000250113.11,MGG,ZER1 KO,6,0.060991,1433
FXR2,ENST00000250113.11,MGG,wild-type control,1,0.11242,572.7
FXR2,ENST00000250113.11,MGG,wild-type control,2,0.41683,572.7
FXR2,ENST00000250113.11,MGG,wild-type control,3,0.24666,572.7
FXR2,ENST00000250113.11,MGG,wild-type control,4,0.088996,572.7
FXR2,ENST00000250113.11,MGG,wild-type control,5,0.1109,572.7
FXR2,ENST00000250113.11,MGG,wild-type control,6,0.024199,572.7
FXR2,ENST00000250113.11,MGG,double KO,1,0.016682,332.57
FXR2,ENST00000250113.11,MGG,double KO,2,0.091805,332.57
FXR2,ENST00000250113.11,MGG,double KO,3,0.044843,332.57
FXR2,ENST00000250113.11,MGG,double KO,4,0.073404,332.57
FXR2,ENST00000250113.11,MGG,double KO,5,0.47258,332.57
FXR2,ENST00000250113.11,MGG,double KO,6,0.30069,332.57
UBTD2,ENST00000393792.2,MGG,AAVS1 control,1,0.10485,1278.9
UBTD2,ENST00000393792.2,MGG,AAVS1 control,2,0.20303,1278.9
UBTD2,ENST00000393792.2,MGG,AAVS1 control,3,0.44958,1278.9
UBTD2,ENST00000393792.2,MGG,AAVS1 control,4,0.12477,1278.9
UBTD2,ENST00000393792.2,MGG,AAVS1 control,5,0.059457,1278.9
UBTD2,ENST00000393792.2,MGG,AAVS1 control,6,0.058307,1278.9
UBTD2,ENST00000393792.2,MGG,ZYG11B KO,1,0.098891,808.66
UBTD2,ENST00000393792.2,MGG,ZYG11B KO,2,0.06393,808.66
UBTD2,ENST00000393792.2,MGG,ZYG11B KO,3,0.075682,808.66
UBTD2,ENST00000393792.2,MGG,ZYG11B KO,4,0.15814,808.66
UBTD2,ENST00000393792.2,MGG,ZYG11B KO,5,0.28421,808.66
UBTD2,ENST00000393792.2,MGG,ZYG11B KO,6,0.31915,808.66
UBTD2,ENST00000393792.2,MGG,ZER1 KO,1,0.066085,1257.4
UBTD2,ENST00000393792.2,MGG,ZER1 KO,2,0.23509,1257.4
UBTD2,ENST00000393792.2,MGG,ZER1 KO,3,0.30047,1257.4
UBTD2,ENST00000393792.2,MGG,ZER1 KO,4,0.25297,1257.4
UBTD2,ENST00000393792.2,MGG,ZER1 KO,5,0.094959,1257.4
UBTD2,ENST00000393792.2,MGG,ZER1 KO,6,0.050428,1257.4
UBTD2,ENST00000393792.2,MGG,wild-type control,1,0.092346,522.87
UBTD2,ENST00000393792.2,MGG,wild-type control,2,0.076092,522.87
UBTD2,ENST00000393792.2,MGG,wild-type control,3,0.54542,522.87
UBTD2,ENST00000393792.2,MGG,wild-type control,4,0.1132,522.87
UBTD2,ENST00000393792.2,MGG,wild-type control,5,0.14032,522.87
UBTD2,ENST00000393792.2,MGG,wild-type control,6,0.032622,522.87
UBTD2,ENST00000393792.2,MGG,double KO,1,0,407.15
UBTD2,ENST00000393792.2,MGG,double KO,2,0.022497,407.15
UBTD2,ENST00000393792.2,MGG,double KO,3,0.042734,407.15
UBTD2,ENST00000393792.2,MGG,double KO,4,0.10493,407.15
UBTD2,ENST00000393792.2,MGG,double KO,5,0.26249,407.15
UBTD2,ENST00000393792.2,MGG,double KO,6,0.56735,407.15
HBG1,ENST00000330597.3,MGH,AAVS1 control,1,0.48709,1688.5
HBG1,ENST00000330597.3,MGH,AAVS1 control,2,0.28288,1688.5
HBG1,ENST00000330597.3,MGH,AAVS1 control,3,0.045741,1688.5
HBG1,ENST00000330597.3,MGH,AAVS1 control,4,0.081826,1688.5
HBG1,ENST00000330597.3,MGH,AAVS1 control,5,0.064697,1688.5
HBG1,ENST00000330597.3,MGH,AAVS1 control,6,0.037763,1688.5
HBG1,ENST00000330597.3,MGH,ZYG11B KO,1,0.11288,944.6
HBG1,ENST00000330597.3,MGH,ZYG11B KO,2,0.14314,944.6
HBG1,ENST00000330597.3,MGH,ZYG11B KO,3,0.15793,944.6
HBG1,ENST00000330597.3,MGH,ZYG11B KO,4,0.30527,944.6
HBG1,ENST00000330597.3,MGH,ZYG11B KO,5,0.20562,944.6
HBG1,ENST00000330597.3,MGH,ZYG11B KO,6,0.075171,944.6
HBG1,ENST00000330597.3,MGH,ZER1 KO,1,0.27397,1658
HBG1,ENST00000330597.3,MGH,ZER1 KO,2,0.36158,1658
HBG1,ENST00000330597.3,MGH,ZER1 KO,3,0.15644,1658
HBG1,ENST00000330597.3,MGH,ZER1 KO,4,0.13703,1658
HBG1,ENST00000330597.3,MGH,ZER1 KO,5,0.049272,1658
HBG1,ENST00000330597.3,MGH,ZER1 KO,6,0.021705,1658
HBG1,ENST00000330597.3,MGH,wild-type control,1,0.050809,950.32
HBG1,ENST00000330597.3,MGH,wild-type control,2,0.67584,950.32
HBG1,ENST00000330597.3,MGH,wild-type control,3,0.13743,950.32
HBG1,ENST00000330597.3,MGH,wild-type control,4,0.048442,950.32
HBG1,ENST00000330597.3,MGH,wild-type control,5,0.041484,950.32
HBG1,ENST00000330597.3,MGH,wild-type control,6,0.045994,950.32
HBG1,ENST00000330597.3,MGH,double KO,1,0,388.29
HBG1,ENST00000330597.3,MGH,double KO,2,0.078632,388.29
HBG1,ENST00000330597.3,MGH,double KO,3,0.12803,388.29
HBG1,ENST00000330597.3,MGH,double KO,4,0.23577,388.29
HBG1,ENST00000330597.3,MGH,double KO,5,0.36699,388.29
HBG1,ENST00000330597.3,MGH,double KO,6,0.19058,388.29
