transcript,gene,seq,psi_ctrl_a,psi_zyg11b,psi_zer1,dpsi_zyg11b,dpsi_zer1,dpsi_ubr1,dpsi_ubr2,dpsi_ubr3,reads_ctrl_a,reads_zyg11b,reads_zer1,psi_ctrl_b,psi_dko,dpsi_dko,reads_ctrl_b,reads_dko,in_a,in_b,nterm,nterm3,met_excised,is_gly,headroom,headroom_b
ENST00000415876.6,SLC4A10,MEIKDQGAQMEPLLPTRNDEEAVV,2.717,5.485,5.427,2.768,2.71,2.723,1.538,2.543,779.8,376.1,240.5,5.161,5.235,0.07326,284.5,209.8,True,True,E,MEI,False,False,True,False
ENST00000444293.5,IQCF3,MGSKCCKGGPDEDAVERQRRQKGL,2.246,4.053,4.497,1.807,2.251,2.342,1.805,1.955,446.9,375.8,205.9,,,,,,True,False,G,MGS,True,True,True,False
ENST00000462224.5,PCP4,MSERQGAGATNGKDKTSGENVGCP,3.061,4.862,5.176,1.801,2.115,1.424,1.015,1.589,978.8,378.6,511.5,5.127,5.526,0.3991,496,416.7,True,True,S,MSE,True,False,True,False
ENST00000361582.7,DZIP3,MDSLPDEFFVRHPAVEDQRKEETE,2.727,4.664,4.77,1.937,2.043,2.493,1.345,2.299,471.1,254.4,290.7,5.607,4.988,-0.6193,246.6,237.5,True,True,D,MDS,False,False,True,False
ENST00000231656.12,CDX1,MYVGYVLDKDSPVYPGPARPASLG,2.489,4.733,4.476,2.243,1.987,2.193,2.017,2.211,1419,601.9,627.5,4.702,4.816,0.1144,373.3,368.4,True,True,Y,MYV,False,False,True,False
ENST00000371873.9,CMPK1,MLSRCRSGLLHVLGLSFLLQTRRP,2.619,4.386,4.587,1.767,1.968,2.025,1.31,2.075,1266,516.3,482.7,4.451,4.413,-0.03839,421.4,345.1,True,True,L,MLS,False,False,True,False
ENST00000517542.5,STAU2,MFSVQLSLGEQTWESEGSSIKKAQ,2.915,4.465,4.861,1.55,1.946,2.094,1.123,2.03,872.1,380.2,445.1,5.096,4.816,-0.2792,340.9,358.2,True,True,F,MFS,False,False,True,False
ENST00000497547.1,RRP1,MVSRVQLPPEIQLAQRLAGNEQVT,2.386,4.103,4.316,1.717,1.93,1.679,1.786,2.41,2356,931.3,750.9,4.28,4.578,0.2973,502,339.4,True,True,V,MVS,True,False,True,False
ENST00000539033.1,AC068775.2,MNKQRGTFSEVSLAQDPKRQQRKP,3.473,4.817,5.193,1.343,1.72,1.196,-0.08394,1.667,376,276.8,292.3,,,,,,True,False,N,MNK,False,False,True,False
ENST00000438568.6,TARS2,MEHNPLPTSPADQFNTGRYCRGPS,3.202,4.238,4.918,1.036,1.715,2.163,0.8569,2.112,465,389.5,534,4.287,5.313,1.027,273.4,261.9,True,True,E,MEH,False,False,True,False
ENST00000455193.1,LAMB3,MNEIQAIAARLPNVDLVLSQTKQD,3.196,3.787,4.836,0.5904,1.64,1.937,0.7367,1.529,495.8,371.6,202.6,,,,,,True,False,N,MNE,False,False,True,False
ENST00000261254.7,CCND2,MELLCHEVDPVRRAVRDRNLLRDD,3.46,4.008,5.088,0.5477,1.629,1.351,0.9894,1.71,432.5,446.1,349.5,,,,,,True,False,E,MEL,False,False,True,False
ENST00000619169.4,PGAP3,MKDVGPESCGQPTPCWPSPALESV,2.861,4.787,4.454,1.926,1.592,1.771,1.898,1.447,1505,571,469.3,5.237,5.141,-0.09571,238.3,252.6,True,True,K,MKD,False,False,True,False
ENST00000591805.5,SMAD7,MDFLKPTADCPDAVPSSAETGGTN,3.962,4.736,5.533,0.7738,1.571,0.6874,0.5064,0.4756,368,299.2,255.9,,,,,,True,False,D,MDF,False,False,True,False
ENST00000253861.4,EXOC4,MAAEAAGGKYRSTVSKSKDPSGLL,3.333,4.504,4.896,1.171,1.563,0.8357,0.9269,1.406,384,459.2,303.6,5.111,5.344,0.2329,230.2,228.9,True,True,A,MAA,True,False,True,False
ENST00000225276.9,ST6GALNAC2,MGLPRGSFFWLLLLLTAACSGLLF,2.304,2.596,3.811,0.2913,1.507,0.5571,0.1889,0.162,373.8,530.9,273,,,,,,True,False,G,MGL,True,True,True,False
ENST00000491767.5,MLF1,MDQMVSNMRNYMQKLERNFGQLSV,3.265,4.494,4.749,1.229,1.485,1.141,1.344,1.446,310.2,333.5,270.8,,,,,,True,False,D,MDQ,False,False,True,False
ENST00000360473.8,KCNRG,MSSQELVTLNVGGKIFTTRFSTIK,3.133,3.332,4.616,0.1995,1.484,0.9867,0.6762,0.4292,374.3,297.5,253.6,,,,,,True,False,S,MSS,True,False,True,False
ENST00000374510.8,TXNDC8,MVQIIKDTNEFKTFLTAAGHKLAV,2.528,3.645,4.012,1.117,1.483,0.7345,0.8206,0.7608,482,337.4,292.1,3.526,3.371,-0.1543,389,221.7,True,True,V,MVQ,True,False,True,True
ENST00000550443.5,MYL6B,MPPKKDVPVKKPAGPSISKPAAKP,3.854,3.793,5.308,-0.06118,1.454,1.684,0.9601,0.4199,236.9,431.9,236.7,,,,,,True,False,P,MPP,True,False,True,False
ENST00000555192.1,SAMD4A,MILTPIKAYSSPSTTPEARRREPQ,3.051,4.729,4.494,1.678,1.444,1.408,1.05,1.817,433.1,285,339.5,5.178,5.2,0.02184,209.7,211.2,True,True,I,MIL,False,False,True,False
ENST00000260247.9,DCUN1D5,MPVKKKRKSPGVAAAVAEDGGLKK,3.714,5.044,5.154,1.33,1.44,0.8466,1.032,1.591,270.9,253.8,289.1,4.876,5.472,0.5959,207.1,252,True,True,P,MPV,True,False,True,False
ENST00000410096.5,ERMN,MTDVPATFTQAECNGDKPPENGQQ,3.645,4.375,5.058,0.7305,1.413,0.5541,0.5744,0.1466,473.4,424.7,468.5,4.251,4.536,0.2848,331.2,274.2,True,True,T,MTD,True,False,True,False
ENST00000278855.6,OOSP2,MALEVLMLLAVLIWTGAENLHVKI,1.949,3.08,3.357,1.131,1.408,0.675,0.3217,1.095,909.6,721.6,591.5,1.48,1.588,0.1075,1521,1134,True,True,A,MAL,True,False,True,True
ENST00000523207.1,KCNB2,MAEKAPPGLNRKTSRSTLSLPPEP,3.753,5.236,5.159,1.484,1.406,1.133,0.8815,0.336,550.2,407,422,5.362,4.535,-0.8263,346.1,461.7,True,True,A,MAE,True,False,True,False
ENST00000332411.2,KRT76,MNRQVCKKSFSGRSQGFSGRSAVV,3.986,4.754,5.378,0.7681,1.392,1.292,1.313,1.448,229,276.3,213.3,4.384,5.36,0.9762,203.8,234.9,True,True,N,MNR,False,False,True,False
ENST00000545802.1,TSPAN11,MAHYKTEQDDWLIIYLKYLLFVFN,1.88,2.662,3.249,0.7818,1.37,0.4508,0.4876,0.5513,434.4,523.1,290.7,1.821,1.681,-0.1396,480,555,True,True,A,MAH,True,False,True,True
ENST00000287996.7,IPPK,MEEGKMDENEWGYHGEGNKSLVVA,3.925,4.343,5.262,0.4181,1.337,0.8547,0.6596,0.9626,372.7,321.6,282.2,4.864,4.021,-0.8429,285.8,312.9,True,True,E,MEE,False,False,True,False
ENST00000335422.3,KLK13,MWPLALVIASLTLALSGVNYPKTL,1.954,2.831,3.274,0.8774,1.321,0.6274,1.346,0.7211,822.2,417.4,418.3,1.808,1.663,-0.1455,907.2,630.9,True,True,W,MWP,False,False,True,True
ENST00000297142.3,NEUROD6,MLTLPFDESVVMPESQMCRKFSRE,3.476,3.702,4.796,0.2257,1.32,1.087,1.032,0.565,372.1,387.4,254,4.676,4.175,-0.5007,224.4,273,True,True,L,MLT,False,False,True,False
ENST00000217195.12,C20orf27,MAAANKGKCLPGVVGLAQALPVGP,3.839,4.299,5.156,0.4603,1.317,0.8961,0.4219,0.5715,408.1,287.4,514.3,5.002,5.542,0.54,309.8,252.8,True,True,A,MAA,True,False,True,False
ENST00000591340.5,ZNF529,MANSSFIGDHVHGAPHAVMPEVEF,3.305,4.374,4.613,1.069,1.308,0.9989,1.139,0.8563,575.7,472.2,359,4.998,4.943,-0.05503,260.1,228.3,True,True,A,MAN,True,False,True,False
ENST00000406949.5,PCNX4,MPALEHMNQILHILFVFLPFLWAL,1.727,2.466,3.016,0.7387,1.289,0.824,0.239,0.6623,272.7,268.4,261.3,,,,,,True,False,P,MPA,True,False,True,False
ENST00000370952.3,LRRC40,MSRLKRIAGQDLRAGFKAGGRDCG,3.704,4.574,4.984,0.8696,1.28,0.9773,-0.06779,0.9241,301,358.2,202.6,,,,,,True,False,S,MSR,True,False,True,False
ENST00000415009.5,FBXL18,MASSGEDISNDDDDMHPAAAGMAD,3.749,4.151,5.02,0.4024,1.271,1.273,0.05535,1.231,859.8,563.3,471.3,5.035,4.907,-0.1281,398,288.1,True,True,A,MAS,True,False,True,False
ENST00000280987.8,FAM177A1,MEVGLPAITLFLTSASSPVVATTM,2.381,3.393,3.646,1.011,1.265,0.6809,0.8094,1.007,774.8,413,386.8,3.422,3.032,-0.3906,240,236.7,True,True,E,MEV,False,False,True,True
ENST00000316763.7,VRK3,MISFCPDCGKSIQAAFKFCPYCGN,3.243,4.19,4.505,0.9468,1.262,1.364,0.9443,1.33,981.9,745.3,522.3,4.985,4.879,-0.1055,371.2,481.4,True,True,I,MIS,False,False,True,False
ENST00000450093.2,SMIM27,MKPVSRRTLDWIYSVLLLAIVLIS,2.018,3.044,3.28,1.026,1.262,0.6677,0.7109,0.5306,488.5,319.9,331.1,3.067,2.952,-0.1159,256.1,263.8,True,True,K,MKP,False,False,True,True
ENST00000439096.2,BBC3,MARARQEGSSPEPVEGLARDGPRP,3.174,4.296,4.433,1.122,1.259,0.9313,1.737,0.8321,594.7,354.6,330.2,,,,,,True,False,A,MAR,True,False,True,False
ENST00000294973.10,HAAO,MERRLGVRAWVKENRGSFQPPVCN,3.879,4.817,5.131,0.9381,1.252,0.3698,-0.05914,1.622,277.8,240.1,212.5,,,,,,True,False,E,MER,False,False,True,False
ENST00000432587.6,DCAF6,MSRGGSYPHLLWDVRKRSLGLEDP,3.418,4.734,4.655,1.316,1.237,1.017,0.7263,1.271,391.4,388.9,394.4,4.834,4.026,-0.808,251.4,299.7,True,True,S,MSR,True,False,True,False
ENST00000498631.5,WDR13,MAAVWQQVLAVDASFGRSISAGAA,2.326,3.846,3.558,1.521,1.233,1.656,1.026,1.864,786.3,426.6,505.2,,,,,,True,False,A,MAA,True,False,True,False
ENST00000547116.5,FAR2,MQELLSCTNIIFHCAATVRFDDTL,1.823,2.08,3.052,0.2574,1.229,0.4139,0.5449,0.137,401.1,724.2,301.3,1.742,1.918,0.1753,440.2,434.4,True,True,Q,MQE,False,False,True,True
ENST00000322213.8,SMC1A,MGFLKLIEIENFKSYKGRQIIGPF,2.14,2.313,3.363,0.1726,1.223,-0.259,0.05524,0.08093,315.9,330,286.5,1.828,2.628,0.8001,388.9,280.5,True,True,G,MGF,True,True,True,True
ENST00000381465.2,TRIB2,MHSFVRTCKKLREEEAARLFYQIA,3.223,3.514,4.439,0.291,1.216,1.236,0.6946,1.222,541.5,441.6,406.4,4.3,4.196,-0.1035,267,401.7,True,True,H,MHS,False,False,True,False
ENST00000300098.2,GPR182,MSVKPSWGPGPSEGVTAVPTSDLG,3.319,4.761,4.534,1.442,1.215,1.587,0.9975,1.621,837.5,661,597.1,4.583,5.254,0.6707,511.6,436.3,True,True,S,MSV,True,False,True,False
ENST00000288861.4,CIB4,MGQCLRYQMHWEDLEEYQALTFLT,2.073,2.521,3.284,0.4482,1.211,0.161,0.725,0.1018,367.3,316,240.7,1.762,2.045,0.2827,282.7,277,True,True,G,MGQ,True,True,True,True
ENST00000485375.6,VWA5B1,MPGLLNWITGAALPLTASDVTSCV,2.198,2.622,3.409,0.4242,1.211,0.2253,0.3477,-0.02701,1738,1198,1075,2.354,2.986,0.6322,919.3,480.1,True,True,P,MPG,True,False,True,True
ENST00000485511.5,PPP2R5D,MPYKLKKEKEPPKVAKCTAKPSSS,3.997,4.819,5.195,0.8214,1.198,0.9535,0.9314,0.7754,416.8,260.9,284.7,5.296,4.886,-0.4106,277.7,274.8,True,True,P,MPY,True,False,True,False
ENST00000409214.5,GTDC1,MSILIIEAFYGGSHKQLVDLLQEE,1.972,2.85,3.165,0.8781,1.193,0.4881,0.7214,0.4791,639.6,489.9,378.7,1.542,1.389,-0.1534,691.7,823.7,True,True,S,MSI,True,False,True,True
ENST00000373768.3,NDUFA8,MPGIVELPTLEELKVDEVKISSAV,3.246,3.863,4.435,0.6175,1.189,0.05949,0.3318,-0.1651,725.9,669.6,409.2,3.397,4.39,0.9927,341,222,True,True,P,MPG,True,False,True,True
ENST00000296921.5,TLX3,MEAPASAQTPHPHEPISFGIDQIL,3.974,4.47,5.157,0.4957,1.183,0.5874,0.06408,0.7015,524.3,456.4,388.7,4.259,5.246,0.9873,303.4,289.6,True,True,E,MEA,False,False,True,False
ENST00000622937.3,ACSL1,MVIVPLYDTLGNEAITYIVNKAEL,2.406,2.413,3.587,0.006299,1.181,0.05041,0.6668,0.2379,528.8,284,265.1,,,,,,True,False,V,MVI,True,False,True,False
ENST00000253233.5,C12orf65,MSTVGLFHFPTPLTRICPAPWGLR,2.499,3.153,3.673,0.6543,1.174,0.2525,0.2543,0.5078,624.1,432.9,430.1,3.301,3.02,-0.2815,258.6,292.9,True,True,S,MST,True,False,True,True
ENST00000355602.2,DEFB107B,MPGAMKIFVFILAALILLAQIFQA,1.713,2.611,2.886,0.8978,1.173,1.059,0.9787,0.6431,399.9,287.4,224.8,,,,,,True,False,P,MPG,True,False,True,False
ENST00000412945.7,SEPTIN4,MPGFYSVMTDEEIKRFLEDTTDDG,2.448,2.711,3.618,0.2626,1.17,-0.04398,-0.05413,-0.1218,1147,971.3,654.5,2.765,3.789,1.024,499.5,260.5,True,True,P,MPG,True,False,True,True
ENST00000454679.6,MALRD1,MLFFLDRMLAFPMNETFCCLWIAC,2.218,2.939,3.376,0.7212,1.158,0.2442,0.6002,0.2679,548.7,569.6,409.5,1.501,1.63,0.1293,1087,1081,True,True,L,MLF,False,False,True,True
ENST00000349841.9,MYNN,MQYSHHCEHLLERLNKQREAGFLC,3.383,4.033,4.539,0.6499,1.156,0.9453,1.024,0.6112,793.9,731.9,512.5,4.459,4.595,0.1354,405.9,339.4,True,True,Q,MQY,False,False,True,False
ENST00000397962.8,ZMYND11,MARLTKRRQADTKAIQHLWAAIEI,1.863,2.163,3.019,0.3002,1.156,0.2317,0.5222,0.07868,1095,1063,825.8,2.221,2.25,0.0283,715.7,535.2,True,True,A,MAR,True,False,True,True
ENST00000249269.8,PMPCB,MAAAAARVVLSSAARRRLWGFSES,3.719,3.944,4.873,0.2247,1.154,0.7301,0.5315,0.4277,361.2,415.7,349,,,,,,True,False,A,MAA,True,False,True,False
ENST00000368990.7,PLEKHA1,MPYVDRQNRICGFLDIEENENSGK,3.484,4.742,4.638,1.258,1.153,0.6982,1.276,1.155,709.6,381.5,348.7,4.778,4.973,0.1949,278.9,221.8,True,True,P,MPY,True,False,True,False
ENST00000551346.1,SPIC,MTCVEQDKLGQAFEDAFEVLRQHS,3.475,4.156,4.622,0.6814,1.147,0.7171,0.6086,0.7067,665.3,615.5,758.5,3.984,4.254,0.2703,377.4,379.4,True,True,T,MTC,True,False,True,True
ENST00000369556.7,SLC35A1,MAAPRDNVTLLFKLYCLAVMTLMA,2.032,2.437,3.179,0.4047,1.147,0.3579,0.1043,0.7661,405.2,426.1,241.8,,,,,,True,False,A,MAA,True,False,True,False
ENST00000261707.7,SLC6A4,METTPLNSQKQLSACEDGEDCQEN,3.795,4.258,4.941,0.4627,1.146,1.064,0.05909,0.183,476.3,499,258.6,5.499,5.265,-0.2336,245.6,306.9,True,True,E,MET,False,False,True,False
ENST00000541428.5,ASPH,MAEDKETKHGGHKNGRKGGLSGTS,3.975,3.722,5.119,-0.253,1.144,0.4467,0.5712,1.021,284.5,442.2,436.9,,,,,,True,False,A,MAE,True,False,True,False
ENST00000259633.8,CD72,MAEAITYADLRFVKAPLKKSISSR,3.552,3.791,4.694,0.2388,1.142,0.3322,-0.2672,0.937,359,388.4,291.7,,,,,,True,False,A,MAE,True,False,True,False
ENST00000535407.1,MYEOV,MFTRQAGHFVEGSKAGRSRGRLCL,3.82,4.33,4.954,0.5102,1.134,0.7347,0.418,1.225,273.1,349.7,204.9,,,,,,True,False,F,MFT,False,False,True,False
ENST00000361611.10,PSMB5,MALASVLERPLPVNQRGFFGLGGR,3.336,3.38,4.46,0.04374,1.124,0.1704,-0.02281,0.2198,806.7,1045,644.8,3.942,3.957,0.01475,386.3,287.6,True,True,A,MAL,True,False,True,True
ENST00000393846.6,FGG,MIDAATLKSRKMLEEIMKYEASIL,1.765,2.596,2.889,0.8303,1.123,0.5481,0.7388,0.7431,266.2,254.7,215.4,,,,,,True,False,I,MID,False,False,True,False
ENST00000360876.8,EIF3B,MQDAENVAVPEAAEERAEPGQQQP,3.888,5.23,5.008,1.342,1.12,0.6603,0.2055,0.2449,384.5,428.1,304.3,5.053,4.978,-0.07519,414.9,349,True,True,Q,MQD,False,False,True,False
ENST00000368069.7,COPA,MLTKFETKSARVKGLSFHPKRPWI,1.997,2.614,3.114,0.6168,1.117,0.6449,1.568,0.6624,394.6,503.1,314.3,2.892,2.787,-0.1054,322.6,265.5,True,True,L,MLT,False,False,True,True
ENST00000375715.5,ROR2,MKTITATGVLFVRLGPTHSPNHNF,1.605,3.084,2.719,1.478,1.114,0.4611,1.045,0.8635,313.3,237.3,345.1,,,,,,True,False,K,MKT,False,False,True,False
ENST00000355059.8,NEIL1,MPEGPELHLASQFVNEACRALVFG,2.484,2.682,3.593,0.1979,1.109,0.3169,0.4279,0.018,1287,1056,600.5,2.375,3.733,1.358,602.5,361.7,True,True,P,MPE,True,False,True,True
ENST00000373790.8,TAF1,MGPGCDLLLRTAATITAAAIMSDT,2.476,2.848,3.584,0.3712,1.108,0.2434,0.4253,0.2599,2966,2874,2090,3.154,3.785,0.6307,1143,696.2,True,True,G,MGP,True,True,True,True
ENST00000514647.5,IPO11,MDLNSASTVVLQVLTQATSQDTAV,3.623,4.842,4.729,1.219,1.106,1.137,-0.1098,1.05,438.9,290.1,203.5,,,,,,True,False,D,MDL,False,False,True,False
ENST00000406354.1,SETD7,MTDYRTGSAQSPTPPQTDLRGTLF,3.956,4.896,5.059,0.9395,1.103,0.6213,0.0722,0.6496,718.6,428.2,601.4,4.388,4.664,0.2757,416.6,345.8,True,True,T,MTD,True,False,True,False
ENST00000606719.5,CSNK1A1,MESLGYVLMYFNRTSLPWQGLKAA,1.717,2.502,2.819,0.7848,1.102,0.628,0.8001,1.016,890.9,541.3,465.9,2.698,2.834,0.1361,281.5,397.5,True,True,E,MES,False,False,True,True
ENST00000569681.5,CYLD,MSSGLWSQEKVTSPYWEERIFYLL,1.645,2.17,2.746,0.5249,1.101,0.4484,1.047,0.004931,405.4,487.5,274.2,2.332,1.984,-0.348,297,407.6,True,True,S,MSS,True,False,True,True
ENST00000233840.3,NEU2,MASLPVLQKESVFQSGAHAYRIPA,3.908,4.329,5.009,0.4212,1.101,0.7291,0.07274,0.5181,794.4,442.1,438.1,4.912,4.817,-0.09496,279.1,339.4,True,True,A,MAS,True,False,True,False
ENST00000230036.1,GPLD1,MSAFRLWPGLLIMLGSLCHRGSPC,2.033,2.364,3.134,0.3303,1.1,0.7761,0.9754,-0.2675,395.2,385.9,429.2,2.763,2.451,-0.3121,354.5,327.9,True,True,S,MSA,True,False,True,True
ENST00000619521.1,MGA,MKFLFLFFLRQSLTLSPRLECSGA,1.775,2.145,2.874,0.3702,1.1,0.09717,-0.04886,1.213,333.5,662.8,270.5,1.824,1.558,-0.2664,427.1,591.8,True,True,K,MKF,False,False,True,True
ENST00000306494.10,SLC22A25,MAFQDLLDQVGGLGRFQILQMVFL,1.945,3.21,3.042,1.264,1.097,0.9065,1.43,0.8415,413.7,332,310.2,1.675,1.452,-0.223,428.5,670.8,True,True,A,MAF,True,False,True,True
ENST00000545648.2,SARAF,MSGLITIVVLLGIAFVVYKLFLSD,3.052,3.663,4.146,0.6115,1.094,0.2485,0.59,-0.08032,563.1,362.6,238.2,3.037,3.176,0.1386,242.3,364.3,True,True,S,MSG,True,False,True,True
ENST00000343242.8,MAFK,MTTNPKPNKALKVKKEAGENAPVL,3.738,4.782,4.831,1.044,1.092,1.088,0.6954,1.533,368.1,349.9,230.8,,,,,,True,False,T,MTT,True,False,True,False
ENST00000570191.5,USP10,MPWLPSPGIGQYIFGDFSPDEFNQ,3.305,3.883,4.394,0.5783,1.089,0.5853,0.3493,0.4577,604.3,510.9,348.4,,,,,,True,False,P,MPW,True,False,True,False
ENST00000358450.8,PDE11A,MLKQARRPLFRNVLSATQWKKVKI,3.373,3.933,4.461,0.56,1.088,1.133,0.8546,0.4077,496.2,366.6,393.6,,,,,,True,False,L,MLK,False,False,True,False
ENST00000308406.9,MAPK7,MAEPLKEEDGEDGSAEPPGPVKAE,3.54,4.468,4.614,0.9276,1.074,1.077,0.9764,0.6053,344.8,418.9,338,,,,,,True,False,A,MAE,True,False,True,False
ENST00000620492.4,TMEM114,MRVHLGGLAGAAALTGALSFVLLA,2.209,2.933,3.282,0.7247,1.074,0.9149,0.1478,0.262,388,331.4,321.8,2.785,2.702,-0.08286,223.9,244.4,True,True,R,MRV,False,False,True,True
ENST00000306353.7,TMEM150A,MYALWRTGPTTSPALLTLLSKGVP,2.95,3.809,4.023,0.859,1.072,0.6841,0.663,0.998,2030,1414,1208,3.757,4.03,0.2727,702.2,743.6,True,True,Y,MYA,False,False,True,True
ENST00000366676.5,TAF5L,MKRVRTEQIQMAVSCYLKRRQYVD,2.881,3.829,3.953,0.9482,1.072,1.235,0.6093,1.48,1758,936.9,1080,4.028,4.365,0.3371,492.8,526,True,True,K,MKR,False,False,True,False
ENST00000409534.1,IPO11,MTEDPETGTYKDCMLMSHLEEPKV,3.747,4.454,4.818,0.707,1.071,1.244,0.5485,0.9325,482.5,397.1,336.9,5.363,4.838,-0.525,360.9,305.9,True,True,T,MTE,True,False,True,False
ENST00000310758.8,ELMO1,MPPPADIVKVAIEWPGAYPKLMEI,2.869,3.505,3.939,0.6357,1.07,0.4347,0.3855,0.7507,795.2,471.5,348,,,,,,True,False,P,MPP,True,False,True,False
ENST00000540783.5,RAPGEF4,MAGLLAPPYGVMETGSNNDRIPDK,3.835,4.87,4.899,1.036,1.064,1.054,0.6405,0.2923,303.3,230.2,244.9,,,,,,True,False,A,MAG,True,False,True,False
ENST00000428126.6,CLEC1B,MQDEDGYITLNIKTRKPALISAVM,3.59,3.51,4.653,-0.08045,1.063,1.142,0.391,0.4938,364.2,400.3,235,,,,,,True,False,Q,MQD,False,False,True,False
ENST00000551577.5,TMEM117,MGKDFRYYFQHPWSRMIVAYLVIF,2.024,2.294,3.085,0.2694,1.061,0.02922,0.3018,0.1869,517.4,387.6,232.6,,,,,,True,False,G,MGK,True,True,True,False
ENST00000264968.7,MGAT4A,MRLRNGTVATALAFITSFLTLSWY,2.51,2.178,3.57,-0.3315,1.06,-0.02246,0.09737,-0.3453,538.9,523.2,356.9,2.694,2.653,-0.04121,243.6,362.1,True,True,R,MRL,False,False,True,True
ENST00000373255.8,H2AFY2,MSGRSGKKKMSKLSRSARAGVIFP,3.899,4.72,4.959,0.821,1.06,1.177,-0.04522,1.128,325.4,295.2,278,,,,,,True,False,S,MSG,True,False,True,False
ENST00000335117.8,ZNF486,MPGPLRSLEMESLQFRDVAVEFSL,3.321,3.625,4.381,0.3038,1.059,0.4003,0.1312,0.03908,939.7,787.3,530,3.596,4.193,0.597,443.7,321.1,True,True,P,MPG,True,False,True,True
ENST00000540243.5,MTF2,MVCTICQEEYSEAPNEMVICDKCG,3.916,4.08,4.975,0.1639,1.059,0.8904,0.542,0.9895,327.5,264,226.6,,,,,,True,False,V,MVC,True,False,True,False
ENST00000445716.5,FAM133B,MGKRDNRVAYMNPIAMARSRGPIQ,3.502,4.2,4.559,0.6983,1.057,0.2053,0.3467,0.002956,264.9,304.2,263.3,,,,,,True,False,G,MGK,True,True,True,False
ENST00000409774.5,GPATCH11,MRSARSTALNRGEQRAVRYYSHMK,3.95,4.655,5.002,0.7045,1.052,0.01734,1.028,1.295,524.5,415.6,471.4,4.622,5.063,0.441,237.7,243.2,True,True,R,MRS,False,False,True,False
ENST00000369908.9,UCKL1,MSSPPAYPGIRISGCRALGAEGSS,3.884,5.418,4.935,1.534,1.051,0.9246,0.6669,1.351,263.6,267.2,402.4,5.413,5.237,-0.1767,258.9,208.2,True,True,S,MSS,True,False,True,False
ENST00000399609.7,SRL,MRALVLLGCLLASLLFSGQAEETE,2.329,2.896,3.38,0.567,1.051,0.2557,-0.01189,0.08826,1056,950.3,921.8,1.498,1.771,0.2736,1415,1130,True,True,R,MRA,False,False,True,True
ENST00000459894.6,SFXN2,MMYPVRGTEGSTVLCVSKMEADLS,3.415,4.929,4.463,1.515,1.048,0.6364,0.3501,1.035,513.9,295.6,219.2,,,,,,True,False,M,MMY,False,False,True,False
ENST00000282344.10,USP12,MEILMTVSKFASICTMGANASALE,2.236,3.109,3.279,0.8727,1.043,0.5485,0.4274,0.1797,1032,524,732.1,3.107,3.455,0.3486,365.3,515.3,True,True,E,MEI,False,False,True,True
ENST00000460508.3,LBX2,MGKRTSLEVSLGELGGEKCRGGRR,3.3,3.894,4.342,0.5942,1.042,0.5017,1.364,0.737,297,384.9,391.4,,,,,,True,False,G,MGK,True,True,True,False
ENST00000373720.3,SNRNP40,MILISAGCPGGLWPIVVLVGLFIW,1.599,2.675,2.64,1.076,1.041,1.158,0.9946,0.654,410,366.6,248.5,,,,,,True,False,I,MIL,False,False,True,False
ENST00000621453.4,FMR1,MEELVVEVRGSNGAFYKAFVKDVH,2.978,3.471,4.018,0.4938,1.041,0.6962,0.5863,0.3518,489.4,392.9,312.2,,,,,,True,False,E,MEE,False,False,True,False
ENST00000610896.1,GFY,MKSFSRILFLVFLLAGLRSKAAPS,2.241,2.759,3.282,0.5175,1.041,0.03265,0.6957,0.4898,901.9,875.3,654.7,1.765,1.649,-0.1159,1030,1216,True,True,K,MKS,False,False,True,True
ENST00000599365.5,SIRT6,MSVNYAAGLSPYADKGKCGLPEGS,3.95,4.895,4.986,0.9453,1.036,0.9095,0.1777,0.4374,482.4,376.2,423,5.424,4.916,-0.5077,277.2,307.1,True,True,S,MSV,True,False,True,False
ENST00000442011.6,TGFBI,MALFVRLLALALALALGPAATLAG,2.148,2.359,3.177,0.2116,1.03,0.1895,0.893,0.32,662,944.3,582.3,2.27,2.677,0.4062,465.5,433.8,True,True,A,MAL,True,False,True,True
ENST00000538716.6,TMUB2,MISRHLQNNLMSVDPASSQAMELS,3.765,4.779,4.793,1.014,1.028,1.51,0.4037,1.401,397.7,353.1,359.9,4.793,4.538,-0.2559,243.1,328.5,True,True,I,MIS,False,False,True,False
ENST00000379204.2,SCGB2B2,MRVTSATCALLLALICSVQLGDAC,2.189,2.885,3.211,0.6957,1.022,0.5051,-0.1692,0.1713,1250,1720,883.7,2.951,2.887,-0.06419,560.4,873.6,True,True,R,MRV,False,False,True,True
ENST00000237380.11,MED28,MAAPLGGMFSGQPPGPPQAPPGLP,3.879,3.888,4.894,0.009193,1.016,0.7727,0.1881,0.5292,225.5,325.9,205.8,,,,,,True,False,A,MAA,True,False,True,False
ENST00000260777.14,SHTN1,MVIEEVNFMQNHLEIEKTCRESAE,1.863,3.709,2.878,1.846,1.015,2.027,0.5992,2.569,2838,9080,2086,4.189,4.228,0.03861,458.8,423.5,True,True,V,MVI,True,False,True,False
ENST00000217159.5,SLCO4A1,MPLHQLGDKPLTFPSPNSAMENGL,3.79,4.201,4.802,0.4112,1.012,0.7473,0.648,0.3565,541.1,484,308.1,4.838,5.031,0.1925,386.4,318,True,True,P,MPL,True,False,True,False
ENST00000488034.5,CUTA,MSGGRAPAVLLGGVASLLLSFVWM,1.979,2.325,2.991,0.3455,1.011,0.6064,0.2724,0.4281,292.2,287.8,291.1,,,,,,True,False,S,MSG,True,False,True,False
ENST00000540303.6,HPR,MSDLGAVISLLLWGRQLFALYSGN,1.927,2.632,2.938,0.7052,1.011,-0.1629,-0.1135,0.3478,337.4,290.6,240.4,,,,,,True,False,S,MSD,True,False,True,False
ENST00000376088.7,CLCN5,MAMWQGAMDNRGFQQGSFSSFQNS,3.908,4.542,4.917,0.6338,1.009,0.3578,0.1738,1.167,325,364.1,362.9,4.619,4.846,0.2268,287.3,234.9,True,True,A,MAM,True,False,True,False
ENST00000543341.6,GTF2H3,MVSDEDELNLLVIVVDANPIWWGK,2.519,2.37,3.526,-0.149,1.007,0.2556,0.4338,-0.1333,575.6,905.3,1451,1.68,1.691,0.01028,748.4,864.2,True,True,V,MVS,True,False,True,True
ENST00000219070.8,MMP2,MEALMARGALTGPLRALCLLGCLL,2.045,3.036,3.052,0.9909,1.007,0.4404,0.8591,0.3865,625.7,895.5,600.3,2.402,2.732,0.3295,373.7,314.4,True,True,E,MEA,False,False,True,True
ENST00000406487.5,PSG2,MGPLSAPPCTEHIKWKGLLVTASL,2.03,2.291,3.037,0.2606,1.006,0.04466,0.9387,-0.1137,1099,1040,1026,1.684,2.594,0.9106,1109,427.7,True,True,G,MGP,True,True,True,True
ENST00000261596.8,LPIN2,MNYVGQLAGQVIVTVKELYKGINQ,2.405,2.2,3.411,-0.2055,1.006,1.14,0.7108,0.06126,426,314.8,307.4,,,,,,True,False,N,MNY,False,False,True,False
ENST00000381127.5,ARSF,MRPRRPLVFMSLVCALLNTCQAHR,2.3,2.594,3.306,0.2936,1.006,0.003372,-0.1578,-0.1189,574.1,544.4,411.2,2.416,2.724,0.3083,306.6,357,True,True,R,MRP,False,False,True,True
ENST00000297494.7,NOS3,MGNLKSVAQEPGPPCGLGLGLGLG,3.856,4.21,4.862,0.3539,1.006,0.246,-0.08908,0.01642,706.5,540.7,413.1,4.618,4.769,0.151,345.8,336,True,True,G,MGN,True,True,True,False
ENST00000514044.5,ASTE1,MGIRGLMSFVEDHSNEFFTDLKLR,2.167,3.476,3.172,1.309,1.005,0.2971,0.4681,0.5118,936.4,517.9,506.3,2.865,2.897,0.03201,295,293.4,True,True,G,MGI,True,True,True,True
ENST00000395301.7,IZUMO4,MALLLCLVCLTAALAHGCLHCHSN,2.195,2.974,3.196,0.7793,1.001,0.1091,0.5826,0.2548,1086,889.2,845.1,1.873,1.606,-0.2673,893.6,1134,True,True,A,MAL,True,False,True,True
