transcript,gene,seq,psi_ctrl_a,psi_zyg11b,psi_zer1,dpsi_zyg11b,dpsi_zer1,dpsi_ubr1,dpsi_ubr2,dpsi_ubr3,reads_ctrl_a,reads_zyg11b,reads_zer1,psi_ctrl_b,psi_dko,dpsi_dko,reads_ctrl_b,reads_dko,in_a,in_b,nterm,met_excised,is_gly,headroom,headroom_b,dpsi_mean,dpsi_min
ENST00000379864.6,CCDC169,MPVESLNTLLKQLEEEKKTLESQV,1.89,4.266,2.348,2.376,0.4579,0.5633,0.1832,0.3196,597.6,222.8,470.7,2.46,4.352,1.892,414.1,226.6,True,True,P,True,False,True,True,2.134,1.892
ENST00000557011.5,C14orf178,MGREMKKTGTPRPFRIEDPNQQPT,3.031,5.059,2.978,2.027,-0.0536,0.1556,0.1156,-0.1188,1269,588.8,865.9,3.335,5.071,1.736,614.7,515.4,True,True,G,True,True,True,True,1.882,1.736
ENST00000367879.8,UCK2,MAGDSEQTLQNHQQPNGGEPFLIG,3.343,5.1,3.651,1.757,0.3078,0.2912,-0.2484,0.07077,1742,705.3,1367,3.346,5.286,1.94,666,524.7,True,True,A,True,False,True,True,1.849,1.757
ENST00000250113.11,FXR2,MGGLASGGDVEPGLPVEVRGSNGA,2.596,4.115,2.873,1.519,0.2769,0.2246,-0.008501,-0.2094,1321,671.2,1433,2.742,4.795,2.054,572.7,332.6,True,True,G,True,True,True,True,1.786,1.519
ENST00000555523.5,IFI27L1,MGKESGWDSGRAAVAAVVGGVVAV,2.287,4.123,2.147,1.836,-0.1403,0.09631,0.3503,-0.4232,996.5,600.2,1418,2.407,4.095,1.688,693.6,423.8,True,True,G,True,True,True,True,1.762,1.688
ENST00000393792.2,UBTD2,MGGCVGAQHDSSGSLNENSEGTGV,3.006,4.422,3.227,1.416,0.2211,-0.0255,-0.0319,0.1144,1279,808.7,1257,3.231,5.309,2.079,522.9,407.2,True,True,G,True,True,True,True,1.747,1.416
ENST00000330597.3,HBG1,MGHFTEEDKATITSLWGKVNVEDA,2.067,3.573,2.391,1.506,0.3237,-0.03197,0.07216,0.05967,1689,944.6,1658,2.492,4.463,1.971,950.3,388.3,True,True,G,True,True,True,True,1.738,1.506
ENST00000381310.7,ADARB2,MGLWSPVPGNSVPRAPVMAGLGLG,2.102,3.269,2.438,1.167,0.3357,0.2471,0.05699,0.267,770.5,427.5,944.6,2.378,4.683,2.306,649.8,234.5,True,True,G,True,True,True,True,1.736,1.167
ENST00000515571.5,PPP2R2C,MGKRDTADIISTVEFNHTGELLAT,2.522,4.088,3.053,1.566,0.5306,0.3008,0.252,0.2161,1685,933.4,1805,2.684,4.569,1.885,1112,468.3,True,True,G,True,True,True,True,1.725,1.566
ENST00000300215.7,EPB42,MGQGEPSQRSTGLAGLYAAPAASP,2.642,4.074,2.778,1.432,0.1357,0.1756,-0.1577,-0.01307,1958,704.8,1284,3.146,5.115,1.968,763.6,407.6,True,True,G,True,True,True,True,1.7,1.432
ENST00000358647.4,GIMAP5,MGGFQRGKYGTMAEGRSEDNLSAT,2.799,4.074,3.186,1.276,0.3877,0.5345,-0.2279,0.3828,683.1,622.3,582.5,3.048,5.157,2.109,422.6,417,True,True,G,True,True,True,True,1.692,1.276
ENST00000378634.6,COPRS,MGGDAGDREPGPAARSLGEGQAGF,3.466,4.622,3.415,1.156,-0.05138,0.003671,0.1388,-0.08086,805.6,463.7,698.5,3.337,5.541,2.204,396.8,322.7,True,True,G,True,True,True,True,1.68,1.156
ENST00000372720.7,DBNDD2,MGAGNFLTALEVPVAALAGAASDR,1.868,3.428,2.224,1.56,0.356,0.1478,0.7841,0.2348,1100,602.4,749.4,2.545,4.289,1.744,619.9,265.7,True,True,G,True,True,True,True,1.652,1.56
ENST00000380310.6,FBXL19,MGMKVPGKGESGPSALLTPPMSSS,2.66,4.232,3.049,1.572,0.3884,0.3511,0.1203,0.1751,1907,757,1232,2.978,4.698,1.72,1080,594.8,True,True,G,True,True,True,True,1.646,1.572
ENST00000498737.6,NDUFA6,MGKDIRPRSARAACKGVGLWSGCF,2.181,3.835,2.132,1.655,-0.04847,-0.2678,0.1466,-0.3231,1034,768.6,1621,2.473,4.099,1.626,545.5,255.5,True,True,G,True,True,True,True,1.64,1.626
ENST00000506140.5,PPP2R2C,MREADTLRPPQLMEVSADIISTVE,2.852,4.608,3.315,1.755,0.4628,0.1119,0.1343,0.139,2470,1182,2054,3.362,4.884,1.521,1410,892,True,True,R,False,False,True,True,1.638,1.521
ENST00000263054.10,SORCS1,MGKVGAGGGSQARLSALLAGAGLL,2.064,3.91,2.452,1.846,0.3875,0.9194,1.041,0.4299,711.6,439.4,796.8,2.921,4.248,1.326,431.6,216.1,True,True,G,True,True,True,True,1.586,1.326
ENST00000469500.5,MNX1,MGGLSTVGACPGILGAQQGKEGTD,2.439,3.482,3.076,1.042,0.6367,0.02094,0.1551,-0.09256,834.1,625.3,723.1,2.567,4.695,2.128,368.9,224.9,True,True,G,True,True,True,True,1.585,1.042
ENST00000317734.12,SLC35C2,MGRVSTSHQPLRGVPAPADSGAPV,3.639,4.846,3.727,1.206,0.08803,-0.1134,-0.00447,-0.08511,1115,558.5,1056,3.282,5.187,1.906,773.5,495.8,True,True,G,True,True,True,True,1.556,1.206
ENST00000395706.2,MIEF2,MGLSPNLDRQTMAEFSQKRGKRRS,2.745,3.939,3.092,1.194,0.3462,0.2505,-0.2988,0.1742,1206,685.9,1563,2.92,4.786,1.866,687.4,317.8,True,True,G,True,True,True,True,1.53,1.194
ENST00000263666.8,PDZRN3,MGFELDRFDGDVDPDLKCALCHKV,2.85,4.263,2.982,1.412,0.1315,0.1503,0.4212,0.1627,2122,853.5,2133,3.064,4.69,1.626,1125,587.7,True,True,G,True,True,True,True,1.519,1.412
ENST00000354193.4,SVIP,MGLCFPCPGESAPPTPDLEEKRAK,3.024,4.582,3.662,1.559,0.6377,-0.03286,0.2743,0.1307,735,259.4,481.7,3.08,4.521,1.441,352.7,272.8,True,True,G,True,True,True,True,1.5,1.441
ENST00000337354.8,SEC13,MGKMVSVINTVDTSHEDMIHDAQM,2.892,4.348,2.855,1.456,-0.03688,0.103,-0.1391,0.1009,790,327,817.7,3.13,4.664,1.535,435.2,247.2,True,True,G,True,True,True,True,1.496,1.456
ENST00000278980.10,COMMD7,MGRLHCTEDPVPEAVGGDMQQLNQ,3.419,4.95,3.483,1.531,0.06399,0.1177,0.1454,-0.02862,2333,1040,2143,3.672,5.121,1.449,1005,907.9,True,True,G,True,True,True,True,1.49,1.449
ENST00000329494.9,DZANK1,MGLCAECRSLVPMNTPICVVCEAP,2.512,3.65,2.421,1.137,-0.09117,-0.3425,-0.03133,-0.4217,2190,1210,1971,2.769,4.602,1.833,1187,523.7,True,True,G,True,True,True,True,1.485,1.137
ENST00000536676.5,KLHL32,MPSERCLSIQEMLTGQRLCHSESH,2.897,4.679,3.439,1.782,0.5423,-0.05539,0.1641,-0.0453,1546,820.4,1487,3.23,4.415,1.186,919.8,548.2,True,True,P,True,False,True,True,1.484,1.186
ENST00000307786.7,CALML6,MGLQQEISLQPWCHHPAESCQTTT,2.692,3.991,3.084,1.298,0.3919,-0.2381,-0.2356,0.2985,712.1,460,779,2.387,4.056,1.669,739.9,215,True,True,G,True,True,True,True,1.484,1.298
ENST00000254322.2,DNAJB1,MGKDYYQTLGLARGASDEEIKRAY,2.454,4.132,2.729,1.678,0.2749,-0.1425,0.1832,0.1917,1240,453.2,671.5,2.783,3.992,1.209,607.8,429.3,True,True,G,True,True,True,True,1.443,1.209
ENST00000373731.6,KCTD20,MNVHRGSDSDRLLRQEASCLVDDT,3.89,4.977,4.711,1.087,0.8217,0.873,-0.01276,1.799,455.3,409.9,434.5,3.316,5.115,1.799,414.8,325.1,True,True,N,False,False,True,True,1.443,1.087
ENST00000531349.5,ANO1,MGITSLLANGVYAAAYPLHDGDYN,2.417,3.917,2.785,1.5,0.3682,-0.01949,0.4006,0.04591,886.6,586.8,1174,2.687,4.07,1.384,647.2,355.9,True,True,G,True,True,True,True,1.442,1.384
ENST00000343837.7,SNTN,MGGCMHSTQDKSLHLEGDPNPSAA,2.936,4.267,2.92,1.331,-0.01619,0.2002,-0.532,-0.281,984.4,615.7,1178,3.342,4.886,1.544,588.7,325.2,True,True,G,True,True,True,True,1.437,1.331
ENST00000251900.8,SCML2,MGQTVNEDSMDVKKENQEKTPQSS,3.649,4.857,3.462,1.208,-0.1869,-0.02831,-0.06086,0.2787,1273,752.5,1574,3.393,5.046,1.652,756.9,734.9,True,True,G,True,True,True,True,1.43,1.208
ENST00000420764.6,SLC26A6,MGLADASGPRDTQALLSATQAMDL,3.441,5.215,3.449,1.774,0.007935,0.2898,0.04952,0.07083,726.9,390.9,730.2,3.727,4.797,1.071,295.8,353.2,True,True,G,True,True,True,True,1.422,1.071
ENST00000367109.6,DYRK3,MGGTARGPGRKDAGPPGAGLPPQQ,3.307,4.603,3.553,1.296,0.2466,0.1155,-0.1083,0.1919,1310,762.1,1241,3.514,5.06,1.546,550.5,469.9,True,True,G,True,True,True,True,1.421,1.296
ENST00000522307.5,TMPRSS4,MGYSRAVEIGPDQDLDVVEITENS,2.219,3.278,2.338,1.059,0.1186,0.1976,-0.03494,-0.1165,982.9,871.4,986.2,2.305,4.088,1.783,417.4,363.1,True,True,G,True,True,True,True,1.421,1.059
ENST00000288943.4,DUSP2,MGLEAARELECAALGTLLRDPREA,2.904,4.586,3.158,1.682,0.2541,0.1468,-0.1747,-0.06568,1098,567,1037,3.333,4.474,1.141,649.9,401.4,True,True,G,True,True,True,True,1.412,1.141
ENST00000372572.5,FOXJ3,MGLYGQACPSVTSLRMTSELESSL,2.44,3.501,2.701,1.061,0.2616,-0.05952,0.06251,-0.1352,1892,1068,1692,2.451,4.21,1.759,1162,537.2,True,True,G,True,True,True,True,1.41,1.061
ENST00000373469.1,CTNNBL1,MPFDANKLYCSEVLAILLQDNDEN,2.348,3.686,2.364,1.338,0.01596,0.2459,0.6796,0.209,909,665.7,1159,2.605,4.051,1.446,595.7,249.8,True,True,P,True,False,True,True,1.392,1.338
ENST00000407879.1,ZNF513,MGFERDSEGDSLGARPGLPYGLSD,3.487,4.884,3.864,1.397,0.377,-0.01868,0.2327,0.0756,701,355.6,404,3.411,4.793,1.381,413.8,208,True,True,G,True,True,True,True,1.389,1.381
ENST00000450434.5,TRIM73,MKEELAALFSELKQEQKKVDELIA,2.507,4.044,2.857,1.537,0.3499,0.1301,0.3486,0.323,1326,534.8,1368,3.148,4.381,1.233,649.8,259.3,True,True,K,False,False,True,True,1.385,1.233
ENST00000326965.6,TAGAP,MGALEMQDEEDRIEALKQVADKLP,2.888,4.629,3.704,1.741,0.8167,-0.04656,0.6467,0.5011,502.2,369.9,586.2,3.672,4.673,1.001,375.9,272.5,True,True,G,True,True,True,True,1.371,1.001
ENST00000582155.5,NFE2L1,MGWESHLTAASADIDLIDILWRQD,2.187,3.385,2.185,1.197,-0.00276,-0.007481,0.2844,-0.2429,1016,877.7,1170,1.853,3.393,1.54,1019,479.9,True,True,G,True,True,True,True,1.368,1.197
ENST00000295598.9,ATP1A1,MGKGVGRDKYEPAAVSEQGDKKGK,3.255,4.793,4.038,1.539,0.7831,0.4981,0.4675,0.5085,1152,673.7,875.5,3.963,5.149,1.186,520.5,415.1,True,True,G,True,True,True,True,1.362,1.186
ENST00000262623.3,ATP4A,MGKAENYELYSVELGPGPGGDMAA,3.101,4.346,3.262,1.246,0.1615,0.1763,0.1588,0.06185,1987,790.3,1917,3.354,4.788,1.434,840.6,654.6,True,True,G,True,True,True,True,1.34,1.246
ENST00000312962.10,KRI1,MGHRTAMPEPRGSSQLRVNAAFAA,2.722,4.023,3.146,1.301,0.4243,0.4641,0.2479,0.2771,1804,814,1439,2.916,4.285,1.369,944.1,513.2,True,True,G,True,True,True,True,1.335,1.301
ENST00000274498.8,ARHGAP26,MGLPALEFSDCCLDSPHFRETLKS,2.269,3.489,2.913,1.221,0.6442,-0.06172,0.1749,0.02384,1566,848.7,1050,2.684,4.126,1.442,737.3,456.1,True,True,G,True,True,True,True,1.331,1.221
ENST00000538547.4,ZNF133,MGAAGLQGAPGGAEHPGRCGPGAV,3.117,4.508,3.396,1.39,0.2784,0.149,0.2827,0.3336,1394,699.1,1266,3.346,4.604,1.258,651.9,479.2,True,True,G,True,True,True,True,1.324,1.258
ENST00000401724.1,BARX1,MGLEKRFEKQKYLSTPDRIDLAES,2.88,4.341,3.453,1.461,0.5727,0.1415,0.08185,0.2429,942.2,419.4,747,3.358,4.495,1.136,502.1,327.4,True,True,G,True,True,True,True,1.299,1.136
ENST00000570836.5,ALOX15,MGLYRIRVSTGASLYAGSNNQVQL,2.339,3.515,2.53,1.175,0.1908,0.01405,0.09434,0.08264,1404,898.7,1265,2.338,3.744,1.406,521.6,392.8,True,True,G,True,True,True,True,1.291,1.175
ENST00000366919.6,MAP3K4,MREAAAALVPPPAFAVTPAAAMEE,2.767,4.191,2.873,1.424,0.1063,0.126,0.05662,0.2645,2743,1048,2735,3.137,4.277,1.14,1092,852.8,True,True,R,False,False,True,True,1.282,1.14
ENST00000299092.3,GPR176,MGHNGSWISPNASEPHNASGAEAA,3.015,4.369,3.322,1.354,0.3079,0.1408,0.0119,0.04757,2707,1345,2465,3.35,4.559,1.209,1353,969.4,True,True,G,True,True,True,True,1.281,1.209
ENST00000370211.8,HAUS7,MGGARLGARNMAGQDAGCGRGGDD,3.515,4.737,3.574,1.221,0.05907,-0.176,0.09661,0.4086,1467,872.7,1068,3.892,5.204,1.312,560.7,353.7,True,True,G,True,True,True,True,1.267,1.221
ENST00000495646.5,ASAP3,MGNTSFNEVMEAQLPSHGGPKPSA,3.428,4.63,3.143,1.202,-0.2854,0.2191,-0.02544,0.3371,811.7,430.9,888.2,3.366,4.686,1.32,362,441.9,True,True,G,True,True,True,True,1.261,1.202
ENST00000159111.8,KDM4B,MGSEDHGAQNPSCKIMTFRPTMEE,3.42,4.673,3.276,1.254,-0.1433,0.3315,0.06646,0.3261,507.2,337.3,544.8,3.565,4.829,1.264,253.9,202.1,True,True,G,True,True,True,True,1.259,1.254
ENST00000445906.1,KIF7,MGLEAQRLPGAEEAPVRVALRVRP,3.179,4.342,3.098,1.164,-0.08082,-0.1864,0.1466,-0.0598,863.5,621.8,929.9,3.124,4.453,1.329,663.5,381.5,True,True,G,True,True,True,True,1.247,1.164
ENST00000372963.2,AL096814.1,MGRKEHESPSQPHMCGWEDSQKPS,2.913,4.071,3.284,1.159,0.371,0.04135,0.0438,0.7343,1095,409.3,627.6,3.157,4.476,1.319,377.1,308.1,True,True,G,True,True,True,True,1.239,1.159
ENST00000440869.6,PHACTR2,MGQTSVSTLSPQPGSVDGLDKASI,2.716,3.748,2.845,1.032,0.1287,-0.06936,-0.04419,-0.1974,1503,537.7,1206,3.056,4.453,1.398,693.4,298.8,True,True,G,True,True,True,True,1.215,1.032
ENST00000352886.10,SHMT1,MGLDLPDGGHLTHGFMTDKKKISA,3.165,4.185,3.551,1.02,0.3862,0.308,0.2577,-0.08313,564.7,408.9,626.8,3.447,4.786,1.339,443,241.4,True,True,G,True,True,True,True,1.18,1.02
ENST00000296424.8,BDH2,MGRLDGKVIILTAAAQGIGQAAAL,2.39,3.598,2.637,1.207,0.2467,0.1184,0.07034,0.1044,2711,1986,2569,2.823,3.972,1.149,1194,688.2,True,True,G,True,True,True,True,1.178,1.149
ENST00000456850.6,IL2RG,MGMKTPQLEQSVDYRHKFSLPSVD,2.643,3.838,2.952,1.195,0.3093,-0.2022,-0.16,-0.1447,2312,1512,1720,2.819,3.833,1.014,1349,755.4,True,True,G,True,True,True,True,1.104,1.014
ENST00000513185.1,RGMB,MGLRAAPSSAAAAAAEVEQRRSPG,3.547,4.677,3.512,1.13,-0.03515,-0.2167,-0.001821,0.4443,542.3,251.1,530.9,3.82,4.841,1.021,258.8,211.4,True,True,G,True,True,True,True,1.075,1.021
ENST00000381652.3,JAK2,MGMACLTMTEMEGTSTSSIYQNGD,2.312,3.317,2.377,1.004,0.06411,0.1512,0.2137,0.2304,1369,650.6,983.8,2.749,3.802,1.053,622.7,285.1,True,True,G,True,True,True,True,1.029,1.004
ENST00000368869.8,ACADSB,MGIEVDPEYGGTGASFLSTVLVIE,2.058,3.068,2.161,1.011,0.1029,0.3741,0.356,-0.08409,808.4,1026,840.5,2.143,3.181,1.038,819.2,672,True,True,G,True,True,True,True,1.024,1.011
