transcript,gene,seq,psi_ctrl_a,psi_zyg11b,psi_zer1,dpsi_zyg11b,dpsi_zer1,dpsi_ubr1,dpsi_ubr2,dpsi_ubr3,reads_ctrl_a,reads_zyg11b,reads_zer1,psi_ctrl_b,psi_dko,dpsi_dko,reads_ctrl_b,reads_dko,in_a,in_b,nterm,nterm3,met_excised,is_gly,headroom,headroom_b,p3,is_mpg,headroom_any,best_dpsi,n_strong,n_measured,ubr_mean,also_ubr,lab_confirmed,tier
ENST00000379864.6,CCDC169,MPVESLNTLLKQLEEEKKTLESQV,1.89,4.266,2.348,2.376,0.4579,0.5633,0.1832,0.3196,597.6,222.8,470.7,2.46,4.352,1.892,414.1,226.6,True,True,P,MPV,True,False,True,True,V,False,True,2.376,2,3,0.3554,False,False,A
ENST00000536676.5,KLHL32,MPSERCLSIQEMLTGQRLCHSESH,2.897,4.679,3.439,1.782,0.5423,-0.05539,0.1641,-0.0453,1546,820.4,1487,3.23,4.415,1.186,919.8,548.2,True,True,P,MPS,True,False,True,True,S,False,True,1.782,2,3,0.02114,False,False,A
ENST00000373469.1,CTNNBL1,MPFDANKLYCSEVLAILLQDNDEN,2.348,3.686,2.364,1.338,0.01596,0.2459,0.6796,0.209,909,665.7,1159,2.605,4.051,1.446,595.7,249.8,True,True,P,MPF,True,False,True,True,F,False,True,1.446,2,3,0.3782,False,False,A
ENST00000260247.9,DCUN1D5,MPVKKKRKSPGVAAAVAEDGGLKK,3.714,5.044,5.154,1.33,1.44,0.8466,1.032,1.591,270.9,253.8,289.1,4.876,5.472,0.5959,207.1,252,True,True,P,MPV,True,False,True,False,V,False,True,1.44,2,3,1.157,True,False,A
ENST00000355059.8,NEIL1,MPEGPELHLASQFVNEACRALVFG,2.484,2.682,3.593,0.1979,1.109,0.3169,0.4279,0.018,1287,1056,600.5,2.375,3.733,1.358,602.5,361.7,True,True,P,MPE,True,False,True,True,E,False,True,1.358,2,3,0.2543,False,False,A
ENST00000368990.7,PLEKHA1,MPYVDRQNRICGFLDIEENENSGK,3.484,4.742,4.638,1.258,1.153,0.6982,1.276,1.155,709.6,381.5,348.7,4.778,4.973,0.1949,278.9,221.8,True,True,P,MPY,True,False,True,False,Y,False,True,1.258,2,3,1.043,True,False,A
ENST00000412945.7,SEPTIN4,MPGFYSVMTDEEIKRFLEDTTDDG,2.448,2.711,3.618,0.2626,1.17,-0.04398,-0.05413,-0.1218,1147,971.3,654.5,2.765,3.789,1.024,499.5,260.5,True,True,P,MPG,True,False,True,True,G,True,True,1.17,2,3,-0.07329,False,True,A
ENST00000338110.9,ALDOA,MPYQYPALTPEQKKELSDIAHRIV,2.654,3.38,2.86,0.7258,0.2057,0.3251,1.02,0.2565,1669,1351,1884,2.475,4.353,1.879,1042,549.4,True,True,P,MPY,True,False,True,True,Y,False,True,1.879,1,3,0.5339,False,False,B
ENST00000592811.5,FOSB,MPGSFVPTVTAITTSQDLQWLVQP,2.689,3.258,3.372,0.5698,0.683,-0.113,0.02379,0.3598,1872,1787,1608,2.727,4.442,1.715,1184,649.8,True,True,P,MPG,True,False,True,True,G,True,True,1.715,1,3,0.0902,False,False,B
ENST00000377346.8,PIK3CD,MPPGVDCPMEFWTKEENQSVVVDF,2.484,4.168,2.73,1.684,0.2458,-0.00523,-0.02727,-0.3197,766.8,308.8,827.2,,,,,,True,False,P,MPP,True,False,True,False,P,False,True,1.684,1,2,-0.1174,False,False,B
ENST00000525990.1,SSBP3,MPGGPIPPGFFQPFMSPRYAGGPR,3.445,3.522,3.661,0.07629,0.2154,-0.3018,-0.6719,-0.2746,649.8,705.6,656.5,2.884,4.455,1.571,532.9,240,True,True,P,MPG,True,False,True,True,G,True,True,1.571,1,3,-0.4161,False,False,B
ENST00000550443.5,MYL6B,MPPKKDVPVKKPAGPSISKPAAKP,3.854,3.793,5.308,-0.06118,1.454,1.684,0.9601,0.4199,236.9,431.9,236.7,,,,,,True,False,P,MPP,True,False,True,False,P,False,True,1.454,1,2,1.021,False,False,B
ENST00000339642.10,ZNF254,MPGPPRSLEMGLLTFRDVAIEFSL,2.311,2.325,2.211,0.01483,-0.09988,0.1559,0.1596,-0.08917,1357,1887,1734,2.184,3.553,1.369,1085,1126,True,True,P,MPG,True,False,True,True,G,True,True,1.369,1,3,0.07546,False,False,B
ENST00000601717.5,IL4I1,MPNDDFCPGLTIKAMGAERAPQRQ,4.946,4.536,4.642,-0.4099,-0.3037,-0.02625,-0.2516,-0.6336,523.8,482.4,505,3.804,5.151,1.346,405.3,257.5,True,True,P,MPN,True,False,False,True,N,False,True,1.346,1,3,-0.3038,False,False,B
ENST00000406949.5,PCNX4,MPALEHMNQILHILFVFLPFLWAL,1.727,2.466,3.016,0.7387,1.289,0.824,0.239,0.6623,272.7,268.4,261.3,,,,,,True,False,P,MPA,True,False,True,False,A,False,True,1.289,1,2,0.5751,False,False,B
ENST00000540372.5,PLD4,MPGCPVQMLKPLWKAAVAPTWPCS,2.06,3.023,2.382,0.9634,0.3225,-0.03863,0.4173,0.1678,1202,1351,1689,2.628,3.899,1.272,839.3,373.8,True,True,P,MPG,True,False,True,True,G,True,True,1.272,1,3,0.1822,False,False,B
ENST00000284719.7,OLA1,MPPKKGGDGIKPPPIIGRFGTSLK,3.789,5.048,4.594,1.259,0.8058,1.276,0.5421,1.564,350.2,201.2,260.8,,,,,,True,False,P,MPP,True,False,True,False,P,False,True,1.259,1,2,1.128,True,False,B
ENST00000366899.3,DUSP10,MPPSPLDDRVVVALSRPVRPQDLN,2.378,3.629,2.602,1.251,0.224,0.4731,0.2548,0.01248,899,413,591.1,3.11,2.867,-0.2434,238,268.3,True,True,P,MPP,True,False,True,True,P,False,True,1.251,1,3,0.2468,False,False,B
ENST00000601693.1,ZNF729,MPGAPGSLEMGPLTFRDVTIEFSL,2.091,2.92,2.542,0.8291,0.4514,0.3504,0.3065,0.7049,433.5,254.1,443.7,2.05,3.275,1.226,406.4,221,True,True,P,MPG,True,False,True,True,G,True,True,1.226,1,3,0.4539,False,False,B
ENST00000369567.5,AP4B1,MPYLGSEDVVKELKKALCNPHIQA,3.043,3.391,3.726,0.3478,0.6829,0.2888,0.8948,0.3705,1100,1026,870.4,2.967,4.187,1.22,707.6,343.7,True,True,P,MPY,True,False,True,True,Y,False,True,1.22,1,3,0.518,False,False,B
ENST00000485375.6,VWA5B1,MPGLLNWITGAALPLTASDVTSCV,2.198,2.622,3.409,0.4242,1.211,0.2253,0.3477,-0.02701,1738,1198,1075,2.354,2.986,0.6322,919.3,480.1,True,True,P,MPG,True,False,True,True,G,True,True,1.211,1,3,0.182,False,True,B
ENST00000414563.6,ZDHHC14,MPPGGGGPMKDCEYSQISTHSSSP,2.981,4.191,2.672,1.21,-0.309,-0.5815,-0.4997,0.1276,514.7,254.3,705,,,,,,True,False,P,MPP,True,False,True,False,P,False,True,1.21,1,2,-0.3179,False,False,B
ENST00000485511.5,PPP2R5D,MPYKLKKEKEPPKVAKCTAKPSSS,3.997,4.819,5.195,0.8214,1.198,0.9535,0.9314,0.7754,416.8,260.9,284.7,5.296,4.886,-0.4106,277.7,274.8,True,True,P,MPY,True,False,True,False,Y,False,True,1.198,1,3,0.8867,True,False,B
ENST00000373768.3,NDUFA8,MPGIVELPTLEELKVDEVKISSAV,3.246,3.863,4.435,0.6175,1.189,0.05949,0.3318,-0.1651,725.9,669.6,409.2,3.397,4.39,0.9927,341,222,True,True,P,MPG,True,False,True,True,G,True,True,1.189,1,3,0.07539,False,False,B
ENST00000325110.10,HMGCS1,MPGSLPLNAEACWPKDVGIVALEI,3.064,3.274,3.863,0.2101,0.799,-0.1086,-0.07506,0.1433,917.5,1023,887.3,2.986,4.167,1.181,443.5,287.1,True,True,P,MPG,True,False,True,True,G,True,True,1.181,1,3,-0.01348,False,False,B
ENST00000355602.2,DEFB107B,MPGAMKIFVFILAALILLAQIFQA,1.713,2.611,2.886,0.8978,1.173,1.059,0.9787,0.6431,399.9,287.4,224.8,,,,,,True,False,P,MPG,True,False,True,False,G,True,True,1.173,1,2,0.8936,True,False,B
ENST00000590751.5,ZNF571,MPHLLVTFRDVAIDFSQEEWECLD,2.489,2.303,2.779,-0.1866,0.29,-0.27,0.1395,-0.0231,1155,1974,1060,1.757,2.889,1.132,1189,781.8,True,True,P,MPH,True,False,True,True,H,False,True,1.132,1,3,-0.05119,False,False,B
ENST00000413938.5,FEZ2,MPVDWKSSHTRTLHLLTLNLSEKG,2.728,3.598,2.92,0.8698,0.1922,-0.05049,0.1265,-0.06305,967.8,675.1,966.4,2.96,4.081,1.121,466,340.3,True,True,P,MPV,True,False,True,True,V,False,True,1.121,1,3,0.004319,False,False,B
ENST00000309971.8,GLE1,MPSEGRCWETLKALRSSDKGRLCY,3.197,4.301,3.579,1.103,0.3819,-0.09449,0.01242,-0.05141,2031,990.6,1721,3.459,4.252,0.7932,739.3,387.3,True,True,P,MPS,True,False,True,True,S,False,True,1.103,1,3,-0.04449,False,False,B
ENST00000570191.5,USP10,MPWLPSPGIGQYIFGDFSPDEFNQ,3.305,3.883,4.394,0.5783,1.089,0.5853,0.3493,0.4577,604.3,510.9,348.4,,,,,,True,False,P,MPW,True,False,True,False,W,False,True,1.089,1,2,0.4641,False,False,B
ENST00000310758.8,ELMO1,MPPPADIVKVAIEWPGAYPKLMEI,2.869,3.505,3.939,0.6357,1.07,0.4347,0.3855,0.7507,795.2,471.5,348,,,,,,True,False,P,MPP,True,False,True,False,P,False,True,1.07,1,2,0.5236,False,False,B
ENST00000335117.8,ZNF486,MPGPLRSLEMESLQFRDVAVEFSL,3.321,3.625,4.381,0.3038,1.059,0.4003,0.1312,0.03908,939.7,787.3,530,3.596,4.193,0.597,443.7,321.1,True,True,P,MPG,True,False,True,True,G,True,True,1.059,1,3,0.1902,False,False,B
ENST00000403027.6,CNOT8,MPAALVENSQVICEVWASNLEEEM,2.562,3.617,3.378,1.055,0.8157,0.4049,0.6671,0.5539,744.3,543.4,690.9,3.133,3.253,0.1206,461.4,386.7,True,True,P,MPA,True,False,True,True,A,False,True,1.055,1,3,0.542,False,False,B
ENST00000357599.7,SEMA5B,MPCGFSPSPVAHHLVPGPPDTPAQ,3.154,3.48,3.469,0.3261,0.3147,-0.1564,-0.1518,0.2108,902.8,669.5,751.7,3.519,4.549,1.03,392.3,347.5,True,True,P,MPC,True,False,True,True,C,False,True,1.03,1,3,-0.03248,False,False,B
ENST00000458297.3,ATP9B,MPLMMSEEGFENEESDYHTLPRAR,3.794,4.815,4.231,1.022,0.4376,0.8492,0.7799,1.761,439.4,293.2,428.5,4.757,5.426,0.6688,347.1,225.3,True,True,P,MPL,True,False,True,False,L,False,True,1.022,1,3,1.13,True,False,B
ENST00000217159.5,SLCO4A1,MPLHQLGDKPLTFPSPNSAMENGL,3.79,4.201,4.802,0.4112,1.012,0.7473,0.648,0.3565,541.1,484,308.1,4.838,5.031,0.1925,386.4,318,True,True,P,MPL,True,False,True,False,L,False,True,1.012,1,3,0.5839,False,False,B
ENST00000316436.3,LSMEM2,MPSLAPDCPLLAMPEETQEDSVAP,3.421,3.464,4.421,0.04329,0.9996,1.099,0.4156,-0.1289,353,382.3,371,4.65,4.588,-0.06153,256.7,224.7,True,True,P,MPS,True,False,True,False,S,False,True,0.9996,0,3,0.4618,False,False,C
ENST00000498479.5,RC3H2,MPVQAAQWTEFLSCPICYNEFDEN,3.214,4.212,3.463,0.9974,0.2485,0.5116,0.1723,0.3388,792.4,302,399.9,,,,,,True,False,P,MPV,True,False,True,False,V,False,True,0.9974,0,2,0.3409,False,False,C
ENST00000559963.5,GALK2,MPVLYDRWSLALLPSLECSGMISA,2.341,2.303,3.107,-0.03806,0.7662,-0.04258,0.2784,-0.354,1274,1691,938.9,2.355,3.35,0.9948,660.9,481.1,True,True,P,MPV,True,False,True,True,V,False,True,0.9948,0,3,-0.0394,False,False,C
ENST00000336689.7,ASAP3,MPEQFSVAEFLAVTAEDLSSPAGA,3.579,4.068,4.571,0.4893,0.9919,0.8568,0.5292,0.3935,545.7,407.1,373.2,,,,,,True,False,P,MPE,True,False,True,False,E,False,True,0.9919,0,2,0.5931,False,False,C
ENST00000451324.6,KCNT2,MPYLHLDHQTILRAWAVKDFAPNC,2.231,2.472,2.789,0.2414,0.5576,0.2412,0.5123,-0.2175,601.9,615.6,696.2,1.804,2.782,0.9788,486.9,530.3,True,True,P,MPY,True,False,True,True,Y,False,True,0.9788,0,3,0.1787,False,False,C
ENST00000312319.6,ELF5,MPSLPHSHRVMLDSVTHSTFLPNA,3.533,3.817,3.736,0.2847,0.2031,0.09846,0.5067,0.1137,1121,864.3,708.9,3.774,4.734,0.9604,462.6,247.6,True,True,P,MPS,True,False,True,True,S,False,True,0.9604,0,3,0.2396,False,False,C
ENST00000289316.2,HIST1H2BD,MPEPTKSAPAPKKGSKKAVTKAQK,3.755,4.142,4.71,0.3865,0.9546,0.095,0.7449,0.3381,239.6,223.8,249.6,,,,,,True,False,P,MPE,True,False,True,False,E,False,True,0.9546,0,2,0.3927,False,False,C
ENST00000616921.1,MEX3C,MPSGSSAALALAAAGVLYGGDDAQ,3.995,4.944,4.093,0.9486,0.09766,-0.1311,0.4771,0.2518,814.3,1032,718.3,4.393,4.98,0.5871,341.6,307.2,True,True,P,MPS,True,False,True,False,S,False,True,0.9486,0,3,0.1993,False,False,C
ENST00000373884.5,XKR8,MPWSSRGALLRDLVLGVLGTAAFL,2.143,3.09,2.805,0.9466,0.6619,0.4389,0.7259,0.1829,1653,1120,1155,2.526,2.593,0.0673,619.6,565.3,True,True,P,MPW,True,False,True,True,W,False,True,0.9466,0,3,0.4492,False,False,C
ENST00000372969.7,NDUFS5,MPFLDIQKRFGLNIDRWLTIQSGE,2.487,3.035,3.268,0.548,0.7811,0.1353,0.1022,0.004122,1467,1089,1089,2.759,3.686,0.9275,827.4,583.2,True,True,P,MPF,True,False,True,True,F,False,True,0.9275,0,3,0.08054,False,False,C
ENST00000391711.7,ZNF829,MPHSPLISIPHVWCHPEEEERMHD,3.301,3.983,3.512,0.682,0.2106,-0.07386,-0.416,-0.1472,1673,1025,1477,3.329,4.256,0.9269,756.8,548.5,True,True,P,MPH,True,False,True,True,H,False,True,0.9269,0,3,-0.2124,False,False,C
ENST00000376621.7,GNL1,MPRKKPFSVKQKKKQLQDKRERKR,3.918,4.478,4.841,0.56,0.9227,0.8462,0.2653,0.3482,549,562.3,491.7,5.133,4.927,-0.2058,377.9,402.7,True,True,P,MPR,True,False,True,False,R,False,True,0.9227,0,3,0.4865,False,False,C
ENST00000389243.9,POU6F1,MPGISSQILTNAQGQVIGTLPWVV,3.053,3.006,3.971,-0.04687,0.9181,-0.02223,0.2389,0.2442,1280,1281,929.8,3.095,3.79,0.6948,608.9,566.5,True,True,P,MPG,True,False,True,True,G,True,True,0.9181,0,3,0.1536,False,False,C
ENST00000309683.10,ZNF680,MPGPPGSLEMGPLTFRDVAIEFSL,2.988,3.409,3.227,0.421,0.2389,-0.08879,0.1938,-0.1145,1259,1237,1006,3.178,4.086,0.9076,642.4,448.3,True,True,P,MPG,True,False,True,True,G,True,True,0.9076,0,3,-0.003183,False,False,C
ENST00000370119.8,VCAM1,MPGKMVVILGASNILWIMFAASQA,2.014,2.908,2.724,0.8932,0.7095,0.8158,0.4262,0.5526,788,507.9,468.6,2.986,2.718,-0.2682,220.4,389.1,True,True,P,MPG,True,False,True,True,G,True,True,0.8932,0,3,0.5982,False,False,C
ENST00000357137.8,XPNPEP3,MPWLLSAPKLVPAVANVRGLSGCM,2.97,3.403,3.861,0.433,0.8919,0.4997,0.5883,0.4674,3206,2037,1817,3.671,3.884,0.2129,948.6,960.2,True,True,P,MPW,True,False,True,True,W,False,True,0.8919,0,3,0.5185,False,False,C
ENST00000563714.5,MTMR10,MPLQKFHYRNLLLGEHDVPLTCIE,3.14,3.998,3.886,0.858,0.7465,0.8683,0.4037,1.035,332.8,253.8,395.7,,,,,,True,False,P,MPL,True,False,True,False,L,False,True,0.858,0,2,0.769,False,False,C
ENST00000637810.1,ARID1B,MPPQPPGSQSESSSHPALSQSPMP,3.561,4.188,3.566,0.6272,0.005305,-0.1691,-0.6768,-0.01987,2129,1160,1745,3.747,4.603,0.8554,1064,734.8,True,True,P,MPP,True,False,True,True,P,False,True,0.8554,0,3,-0.2886,False,False,C
ENST00000552432.5,SLC16A7,MPPMPSAPPVHPPPDGGWGWIVVG,2.51,2.838,2.742,0.3276,0.2315,-0.4812,-0.1162,-0.3608,1504,1199,1535,2.08,2.932,0.8519,1350,985.3,True,True,P,MPP,True,False,True,True,P,False,True,0.8519,0,3,-0.3194,False,False,C
ENST00000528420.5,UVRAG,MPDRLDTSVSCFVVKIWGGKENIY,2.202,3.043,2.348,0.8406,0.1458,0.4864,0.5109,0.1498,2249,2015,1989,1.833,1.575,-0.2587,2267,2038,True,True,P,MPD,True,False,True,True,D,False,True,0.8406,0,3,0.3824,False,False,C
ENST00000591790.5,ZNF667,MPSARGKSKSKAPITFGDLAIYFS,2.758,3.203,3.589,0.4446,0.8309,0.217,0.8991,0.1455,669.9,477.7,317.1,,,,,,True,False,P,MPS,True,False,True,False,S,False,True,0.8309,0,2,0.4205,False,False,C
ENST00000545168.5,GDA,MPGLVDTHIHASQYSFAGSSIDLP,3.902,4.403,3.572,0.5009,-0.3301,-1.098,-0.2579,-0.8756,510.6,388.5,494.4,3.321,4.123,0.8021,275.9,266.3,True,True,P,MPG,True,False,True,True,G,True,True,0.8021,0,3,-0.7439,False,False,C
ENST00000331659.2,PLD1,MPGLVFFKFANLGGGWGSRKMLEP,2.157,2.791,2.952,0.634,0.7954,0.6538,0.2775,-0.104,291.9,271,286.3,,,,,,True,False,P,MPG,True,False,True,False,G,True,True,0.7954,0,2,0.2758,False,False,C
ENST00000629362.2,COBLL1,MPPSWSPLMCGRAAEAAASSRTPG,2.981,3.436,3.217,0.455,0.2362,-0.02928,0.07885,-0.1979,1074,855.8,1035,3.136,3.93,0.7948,438.8,408.5,True,True,P,MPP,True,False,True,True,P,False,True,0.7948,0,3,-0.04943,False,False,C
ENST00000338662.5,ATP5G2,MPELILSPATAPHPLKMFACSKFV,2.399,3.191,2.703,0.7922,0.3037,0.6769,0.2434,0.1428,1196,759.1,1113,2.451,2.811,0.36,457.9,623.5,True,True,P,MPE,True,False,True,True,E,False,True,0.7922,0,3,0.3544,False,False,C
ENST00000349880.8,NAV2,MPAILVASKMKSGLPKPVHSAAPI,3.056,2.86,3.847,-0.1958,0.7911,-0.1352,0.2442,-0.01374,717.5,621.9,498.1,,,,,,True,False,P,MPA,True,False,True,False,A,False,True,0.7911,0,2,0.03176,False,False,C
ENST00000578044.5,SMARCE1,MPYMRYSRKVWDQVKASNPDLKLW,2.774,3.285,3.547,0.5109,0.7735,0.2696,0.6294,0.5018,898.4,801.5,654.8,3.122,3.423,0.3009,333.7,360.6,True,True,P,MPY,True,False,True,True,Y,False,True,0.7735,0,3,0.4669,False,False,C
ENST00000372271.3,FAM78A,MPGFFCDCWPSLEIRALLYAMGCI,2.131,2.156,2.06,0.02434,-0.07176,0.1564,0.6141,0.03612,1230,1791,1896,1.815,2.588,0.773,1499,1004,True,True,P,MPG,True,False,True,True,G,True,True,0.773,0,3,0.2689,False,False,C
ENST00000361272.8,CNOT7,MPAATVDHSQRICEVWACNLDEEM,2.92,3.498,3.69,0.5779,0.7699,0.4898,0.1706,0.6047,1019,783.1,881.1,3.705,3.578,-0.1272,406,393.1,True,True,P,MPA,True,False,True,True,A,False,True,0.7699,0,3,0.4217,False,False,C
ENST00000251646.7,KRT33B,MPYNFCLPSLSCRTSCSSRPCVPP,2.837,3.606,3.208,0.7694,0.371,0.4654,0.9937,0.8252,814.4,464.1,718.8,,,,,,True,False,P,MPY,True,False,True,False,Y,False,True,0.7694,0,2,0.7614,False,False,C
ENST00000219454.9,WFDC1,MPLTGVGPGSCRRQIIRALCLLLL,2.478,3.23,2.767,0.7523,0.2895,0.262,-0.005419,-0.02405,1162,1091,1497,2.419,2.895,0.476,902.5,659.8,True,True,P,MPL,True,False,True,True,L,False,True,0.7523,0,3,0.07752,False,False,C
ENST00000370188.7,PLPPR5,MPLLPAALTSSMLYFQMVIMAGTV,2.131,2.34,2.877,0.2087,0.7455,0.2754,0.7602,0.1816,660.3,653.4,478.1,2.255,2.694,0.4398,461.6,485,True,True,P,MPL,True,False,True,True,L,False,True,0.7455,0,3,0.4058,False,False,C
ENST00000394440.7,CCT4,MPENVAPRSGATAGAAGGRGKGAY,3.916,4.658,4.273,0.7419,0.3572,0.7812,1.255,0.8592,441.4,278.7,454.3,5.225,4.154,-1.071,205.8,294,True,True,P,MPE,True,False,True,False,E,False,True,0.7419,0,3,0.9652,True,False,C
ENST00000379491.4,GCM2,MPAAAVQEAVGVCSYGMQLSWDIN,2.549,3.239,2.681,0.6898,0.1318,-0.2017,0.01278,-0.2215,1886,1438,1906,2.272,3.013,0.7414,786.8,488.3,True,True,P,MPA,True,False,True,True,A,False,True,0.7414,0,3,-0.1368,False,False,C
ENST00000373381.8,CSMD2,MPRSRGRELGRCGCPAGRARGETG,3.829,4.566,4.225,0.737,0.396,0.7061,0.7722,1.093,366.2,290.9,259.2,,,,,,True,False,P,MPR,True,False,True,False,R,False,True,0.737,0,2,0.857,True,False,C
ENST00000308811.8,ZNF596,MPSPDSMTFEDIIVDFTQEEWALL,2.731,3.075,2.901,0.3433,0.1693,0.2628,0.8676,0.4563,992.2,953.4,1189,2.792,3.527,0.7349,722.7,478.6,True,True,P,MPS,True,False,True,True,S,False,True,0.7349,0,3,0.5289,False,False,C
ENST00000358935.2,MARCHF5,MPDQALQQMLDRSCWVCFATDEDD,2.248,2.849,2.98,0.6012,0.7314,0.4248,0.4481,-0.01268,637,434.2,535.6,2.674,2.905,0.2317,337.4,290.3,True,True,P,MPD,True,False,True,True,D,False,True,0.7314,0,3,0.2867,False,False,C
ENST00000340855.10,IDS,MPPPRTGRGLLWLGLVLSSVCVAL,2.341,3.07,2.852,0.7291,0.5106,0.34,0.3384,0.2641,2803,3123,2967,2.846,2.746,-0.1003,1734,1694,True,True,P,MPP,True,False,True,True,P,False,True,0.7291,0,3,0.3142,False,False,C
ENST00000309035.10,CTBP2,MPVPSRHINIGRSQSWDAAGWYEG,3.542,3.262,4.265,-0.2799,0.7231,0.4496,0.7378,-0.09588,664.9,547.6,348.9,3.626,3.923,0.2975,228.3,258.5,True,True,P,MPV,True,False,True,True,V,False,True,0.7231,0,3,0.3638,False,False,C
ENST00000332439.4,CYB5D1,MPRRGLVAGPDLEYFQRRYFTPAE,3.913,4.01,4.634,0.09707,0.7207,0.2215,0.1221,0.2718,1102,1187,946.9,4.562,4.701,0.1389,565.8,564,True,True,P,MPR,True,False,True,False,R,False,True,0.7207,0,3,0.2051,False,False,C
ENST00000264972.9,ZAP70,MPDPAAHLPFFYGSISRAEAEEHL,3.554,3.458,4.275,-0.09681,0.7201,0.2362,-0.3854,-0.162,508.7,626.3,349.5,,,,,,True,False,P,MPD,True,False,True,False,D,False,True,0.7201,0,2,-0.1038,False,False,C
ENST00000300107.7,CLPX,MPSCGACTCGAAAVRLITSSLASA,2.988,3.702,3.182,0.7139,0.1943,0.2012,-0.07705,0.1145,1401,883.8,1012,3.47,3.894,0.4245,305.4,262.3,True,True,P,MPS,True,False,True,True,S,False,True,0.7139,0,3,0.07954,False,False,C
ENST00000380794.5,POMC,MPRSCCSRSGALLLALLLQASMEV,2.187,2.9,2.844,0.7131,0.6565,0.3221,0.461,0.4302,2940,1467,1857,2.929,2.762,-0.1667,819.7,1189,True,True,P,MPR,True,False,True,True,R,False,True,0.7131,0,3,0.4045,False,False,C
ENST00000426654.6,NFAT5,MPSDFISLLSADLDLESPKSLYSR,3.24,3.949,3.894,0.7095,0.6548,0.2278,0.1596,0.3102,1085,740.3,688.4,3.585,4.168,0.583,598.7,319.3,True,True,P,MPS,True,False,True,True,S,False,True,0.7095,0,3,0.2325,False,False,C
ENST00000261609.11,HERC2,MPSESFCLAAQARLDSKWLKTDIQ,3.391,3.667,3.788,0.2751,0.3963,-0.1563,0.06265,0.006405,1059,607.4,732.3,3.486,4.193,0.7065,350.9,338.2,True,True,P,MPS,True,False,True,True,S,False,True,0.7065,0,3,-0.02907,False,False,C
ENST00000199706.12,MRPL28,MPLHKYPVWLWKRLQLREGICSRL,4.601,4.786,4.362,0.185,-0.239,-0.1709,-0.7538,-0.1365,391.9,264,362.3,3.681,4.38,0.6993,273.3,210.4,True,True,P,MPL,True,False,False,True,L,False,True,0.6993,0,3,-0.3537,False,False,C
ENST00000258349.8,RC3H1,MPVQAPQWTDFLSCPICTQTFDET,3.718,3.667,3.721,-0.05131,0.002426,-0.3254,0.02637,-0.3298,531.2,616.8,675.5,3.355,4.052,0.6975,491.6,255.5,True,True,P,MPV,True,False,True,True,V,False,True,0.6975,0,3,-0.2096,False,False,C
ENST00000392514.8,RPLP0,MPREDRATWKSNYFLKIIQLLDDY,2.042,2.735,2.036,0.6927,-0.005537,0.2224,0.6415,-0.02967,1566,1025,1455,2.451,2.348,-0.1037,787.5,749,True,True,P,MPR,True,False,True,True,R,False,True,0.6927,0,3,0.2781,False,False,C
ENST00000537466.6,GPN3,MPRYAQLVMGPAGSGKVRICGDKE,3.507,4.194,3.976,0.6869,0.4687,0.545,0.8477,0.4196,936,729.3,879.6,4.156,4.196,0.04062,422.9,422.8,True,True,P,MPR,True,False,True,False,R,False,True,0.6869,0,3,0.6041,False,False,C
ENST00000323469.4,DIRAS1,MPEQSNDYRVVVFGAGGVGKSSLV,4.324,3.618,3.641,-0.7066,-0.6832,-0.6864,-0.2318,-0.6766,600.6,564.9,546.8,3.692,4.375,0.6833,271.1,234.6,True,True,P,MPE,True,False,False,True,E,False,True,0.6833,0,3,-0.5316,False,False,C
ENST00000435489.6,NIPAL4,MPGDSSPGTLPLWDASLSPPLGPD,3.484,4.162,4.033,0.6775,0.5489,0.3666,0.3764,0.4285,489.2,304.2,330.9,,,,,,True,False,P,MPG,True,False,True,False,G,True,True,0.6775,0,2,0.3905,False,False,C
ENST00000356534.7,CHRD,MPSLPAPPAPLLLLGLLLLGSRPA,2.538,2.57,2.683,0.03249,0.1452,-0.1105,-0.006812,0.05216,775.4,1015,683.2,2.333,3.008,0.6746,320.9,297.7,True,True,P,MPS,True,False,True,True,S,False,True,0.6746,0,3,-0.02171,False,False,C
ENST00000371799.8,OLFM1,MPGRWRWQRDMHPARKLLSLLFLI,2.04,2.711,2.326,0.6714,0.2854,-0.03,0.01017,0.3932,797.5,717.6,893.7,2.625,1.585,-1.04,552,554.6,True,True,P,MPG,True,False,True,True,G,True,True,0.6714,0,3,0.1244,False,False,C
ENST00000486108.1,ADORA2A,MPIMGSSVYITVELAIAVLAILGN,2.233,2.904,2.544,0.6711,0.3109,0.3418,0.1716,0.1479,2405,1847,1962,2.522,2.344,-0.1785,1210,1393,True,True,P,MPI,True,False,True,True,I,False,True,0.6711,0,3,0.2204,False,False,C
ENST00000218104.5,ABCD1,MPVLSRPRPWRGNTLKRTAVLLAL,1.924,2.595,2.462,0.6708,0.5375,0.2962,1.575,0.4587,284.2,490.1,614.7,,,,,,True,False,P,MPV,True,False,True,False,V,False,True,0.6708,0,2,0.7766,False,False,C
ENST00000263967.3,PIK3CA,MPPRPSSGELWGIHLMPPRILVEC,2.55,2.646,2.76,0.09601,0.2095,-0.03136,-0.1364,-0.2772,1949,2037,2062,2.47,3.139,0.6696,1294,1139,True,True,P,MPP,True,False,True,True,P,False,True,0.6696,0,3,-0.1483,False,False,C
ENST00000532314.5,YPEL4,MPSCDPGPGPACLPTKTFRSYLPR,3.661,4.002,3.56,0.3412,-0.1011,-0.4987,-0.09435,-0.3678,454.4,415.1,320.9,3.493,4.158,0.6649,223.7,250.5,True,True,P,MPS,True,False,True,True,S,False,True,0.6649,0,3,-0.3203,False,False,C
ENST00000357071.8,ECE1,MPLQGLGLQRNPFLQGKRGPGLTS,3.569,3.304,3.541,-0.2657,-0.02825,-0.2007,-0.3804,-0.04162,1104,1281,801.9,3.144,3.805,0.6604,495.9,400.9,True,True,P,MPL,True,False,True,True,L,False,True,0.6604,0,3,-0.2076,False,False,C
ENST00000217961.4,STS,MPLRKMKIPFLLLFFLWEAESHAA,2.27,2.93,2.867,0.6595,0.597,0.316,0.5101,0.2873,3004,3017,3013,2.599,2.635,0.03529,1863,1729,True,True,P,MPL,True,False,True,True,L,False,True,0.6595,0,3,0.3711,False,False,C
ENST00000219252.9,POLR2C,MPYANQPTVRITELTDENVKFIIE,3.44,3.329,3.651,-0.1109,0.2115,-0.3715,0.0386,0.1781,1400,1108,1440,3.179,3.839,0.6593,707.2,503,True,True,P,MPY,True,False,True,True,Y,False,True,0.6593,0,3,-0.05162,False,False,C
ENST00000252809.3,GDF15,MPGQELRTVNGSQMLLVLLVLSWL,2.241,2.895,2.85,0.6542,0.6087,0.506,0.09145,0.3176,2278,1455,1679,2.728,2.858,0.1299,961,881.4,True,True,P,MPG,True,False,True,True,G,True,True,0.6542,0,3,0.305,False,False,C
ENST00000415914.3,THAP5,MPRYCAAICCKNRRGRNNKDRKLS,3.891,4.545,4.181,0.6538,0.2899,0.1772,0.04905,0.2254,410.8,268,374.3,4.294,4.241,-0.053,241.8,207.1,True,True,P,MPR,True,False,True,False,R,False,True,0.6538,0,3,0.1506,False,False,C
ENST00000319584.11,ARID1B,MPPQYGQQGVSGYCQQGQQPYYSQ,2.276,2.51,2.217,0.2341,-0.05899,0.7627,1.432,0.2452,893.6,621,742.2,1.993,2.643,0.6499,409.3,278.6,True,True,P,MPP,True,False,True,True,P,False,True,0.6499,0,3,0.8135,False,False,C
ENST00000424785.6,FKBP7,MPKTMHFLFRFIVFFYLWGLFTAQ,2.4,3.045,2.902,0.6453,0.5023,0.3157,-0.2575,0.4878,339.8,318.5,259.9,,,,,,True,False,P,MPK,True,False,True,False,K,False,True,0.6453,0,2,0.182,False,False,C
ENST00000417225.6,CRY2,MPAPPGRTHTWFLLQSLEDLDTSL,3.253,3.897,3.078,0.6447,-0.1745,0.07921,0.3757,-0.1429,1124,798.2,1233,2.875,3.301,0.4257,927.9,626.4,True,True,P,MPA,True,False,True,True,A,False,True,0.6447,0,3,0.104,False,False,C
ENST00000373290.6,TSPAN15,MPRGDSEQVRYCARFSYLWLKFSL,2.321,2.667,2.963,0.3467,0.6428,0.07783,0.04969,-0.06573,540.6,788.3,528.2,1.754,1.535,-0.219,804.3,1097,True,True,P,MPR,True,False,True,True,R,False,True,0.6428,0,3,0.0206,False,False,C
ENST00000345317.6,SKAP2,MPNPSSTSSPYPLPEEIRNLLADV,3.411,3.831,4.051,0.4199,0.6401,0.4973,0.6328,0.4277,260.3,382.8,211.8,,,,,,True,False,P,MPN,True,False,True,False,N,False,True,0.6401,0,2,0.5192,False,False,C
ENST00000392882.6,WARS,MPNSEPASLLELFNSIATQGELVR,3.618,3.555,3.746,-0.06247,0.1279,-0.3829,-0.1379,-0.4219,2552,2291,1816,3.838,4.476,0.6374,949.3,929,True,True,P,MPN,True,False,True,True,N,False,True,0.6374,0,3,-0.3142,False,False,C
ENST00000361682.10,COMT,MPEAPPLLLAAVLLGLVLLVVLLL,2.581,3.218,2.799,0.6372,0.2183,0.07667,-0.1096,0.2527,1939,1504,2390,2.99,2.784,-0.2062,1074,1244,True,True,P,MPE,True,False,True,True,E,False,True,0.6372,0,3,0.07329,False,False,C
ENST00000369687.2,RIPPLY2,MPDGPGMTAASGKLYQFRHPVRLF,3.214,3.724,3.848,0.5096,0.6337,0.3888,0.3879,0.4873,781.5,659,516.9,3.874,3.499,-0.3744,334.2,380.5,True,True,P,MPD,True,False,True,True,D,False,True,0.6337,0,3,0.4213,False,False,C
ENST00000589553.5,TMC6,MPWRYALKRIGGQFGSSVLSYFLF,3.179,3.236,3.813,0.0566,0.6332,0.252,0.3966,0.03173,1125,698.6,560.7,3.536,3.354,-0.182,207,296.3,True,True,P,MPW,True,False,True,True,W,False,True,0.6332,0,3,0.2268,False,False,C
ENST00000382519.8,CD9,MPVKGGTKCIKYLLFGFNFIFWLA,2.412,3.045,2.869,0.6329,0.4571,0.09316,0.2236,0.1636,1166,1106,1015,2.676,2.783,0.1074,735.3,717.6,True,True,P,MPV,True,False,True,True,V,False,True,0.6329,0,3,0.1601,False,False,C
ENST00000226253.8,ALDOC,MPHSYPALSAEQKKELSDIALRIV,3.384,4.016,3.511,0.6319,0.127,-0.03678,0.1518,0.1214,1677,1149,2053,3.742,3.876,0.1338,880.3,582.2,True,True,P,MPH,True,False,True,True,H,False,True,0.6319,0,3,0.07881,False,False,C
ENST00000395040.6,MATK,MPTRRWAPGTQCITKCEHTRPKPG,3.9,4.526,3.922,0.6268,0.02255,0.1835,0.6574,0.5975,594.3,481.4,470.8,4.5,3.234,-1.266,243.7,411,True,True,P,MPT,True,False,True,False,T,False,True,0.6268,0,3,0.4794,False,False,C
ENST00000555567.5,PGF,MPVMRLFPCFLQLLAGLALPAVPP,2.563,2.866,2.552,0.303,-0.01143,0.08569,-0.147,-0.2971,2238,2167,2241,2.524,3.149,0.6248,2250,1130,True,True,P,MPV,True,False,True,True,V,False,True,0.6248,0,3,-0.1195,False,False,C
ENST00000377694.1,IGFBPL1,MPRLSLLLPLLLLLLLPLLPPLSP,2.727,3.35,2.822,0.6233,0.09475,0.08179,0.1862,0.02212,1775,1355,1639,3.024,2.928,-0.09602,742.6,749.8,True,True,P,MPR,True,False,True,True,R,False,True,0.6233,0,3,0.09671,False,False,C
ENST00000596302.5,ZNF493,MPGPPESLDMGPLTFRDVAIEFSL,2.699,3.097,3.003,0.3983,0.304,0.04235,0.5149,0.2154,682.1,654.8,624.4,2.878,3.496,0.6186,351.6,223.6,True,True,P,MPG,True,False,True,True,G,True,True,0.6186,0,3,0.2576,False,False,C
ENST00000543356.6,GNE,MPIGDCSVAAKPRKQLLCSLFQTT,3.967,3.651,4.465,-0.3158,0.4977,0.5211,0.2068,0.4182,837,825.2,623.6,3.772,4.39,0.6185,387.5,380.9,True,True,P,MPI,True,False,True,True,I,False,True,0.6185,0,3,0.382,False,False,C
ENST00000326165.10,CD300LF,MPLLTLYLLLFWLSGYSIVTQITG,2.127,2.745,2.314,0.6182,0.187,0.09428,0.9017,0.09563,859.7,684.7,844.3,1.992,2.141,0.1486,452.4,636.6,True,True,P,MPL,True,False,True,True,L,False,True,0.6182,0,3,0.3639,False,False,C
ENST00000328249.3,ERMAP,MPEYKGRTVLVRDAQEGSVTLQIL,2.35,2.78,2.966,0.43,0.6155,0.2296,0.4351,0.4685,946.6,808.4,912.4,2.712,2.626,-0.08612,479.5,694.5,True,True,P,MPE,True,False,True,True,E,False,True,0.6155,0,3,0.3777,False,False,C
ENST00000360937.8,AOC1,MPALGWAVAAILMLQTAMAEPSPG,1.977,2.592,2.238,0.6154,0.2612,0.1116,0.4709,0.1546,536.8,536.3,828.1,2.822,2.403,-0.4187,365.9,513.4,True,True,P,MPA,True,False,True,True,A,False,True,0.6154,0,3,0.2457,False,False,C
ENST00000309134.9,TMEM9B,MPVRGPDVEAYCLRCECKYEERSS,3.861,4.196,4.476,0.3352,0.615,0.3127,-0.4064,0.3612,407.3,308.2,278.4,4.702,4.694,-0.008041,219.5,212.1,True,True,P,MPV,True,False,True,False,V,False,True,0.615,0,3,0.08914,False,False,C
ENST00000513010.5,S100Z,MPTQLEMAMDTMIRIFHRYSGKER,2.58,2.681,3.195,0.1013,0.615,0.1979,0.2356,-0.1867,1212,1192,887.6,2.783,2.781,-0.002004,377.6,615.5,True,True,P,MPT,True,False,True,True,T,False,True,0.615,0,3,0.08226,False,False,C
ENST00000273371.8,PLA1A,MPPGPWESCFWVGGLILWLSVGSS,2.009,2.3,2.623,0.2911,0.6147,0.4496,0.3826,0.1495,869.9,702.8,605.1,2.097,2.249,0.1515,453,413,True,True,P,MPP,True,False,True,True,P,False,True,0.6147,0,3,0.3272,False,False,C
ENST00000369144.7,EIF3A,MPAYFQRPENALKRANEFLEVGKK,3.357,3.775,3.967,0.4179,0.6098,0.1194,0.6266,0.6383,623.2,730.7,421,3.838,3.917,0.07853,337,346.2,True,True,P,MPA,True,False,True,True,A,False,True,0.6098,0,3,0.4614,False,False,C
ENST00000368671.3,CLRN3,MPTTKKTLMFLSSFFTSLGSFIVI,2.046,2.009,2.655,-0.03677,0.6094,0.3372,0.3072,0.06714,216.3,483.2,364.2,2.287,2.128,-0.1584,234.8,298.8,True,True,P,MPT,True,False,True,True,T,False,True,0.6094,0,3,0.2372,False,False,C
ENST00000368806.1,TCHHL1,MPQLLRNVLCVIETFHKYASEDSN,2.635,2.892,3.244,0.2573,0.6092,-0.01151,0.402,0.5101,1473,1621,1404,2.843,2.97,0.1275,661.4,759.8,True,True,P,MPQ,True,False,True,True,Q,False,True,0.6092,0,3,0.3002,False,False,C
ENST00000445911.5,ZNF69,MPCCSHRRCREDPGTSESQEMEEW,3.916,4.101,4.524,0.1855,0.6089,-0.06113,-0.002534,-0.04664,899.1,669.2,757.7,4.273,4.642,0.3687,445.8,521,True,True,P,MPC,True,False,True,False,C,False,True,0.6089,0,3,-0.03677,False,False,C
ENST00000533341.2,GRAMD1B,MPAANMMENRPLPALQVPEPQGAP,3.947,3.612,4.079,-0.3342,0.1322,0.3574,0.1217,-0.3095,768,943.3,534.1,3.996,4.604,0.6076,456.9,391.1,True,True,P,MPA,True,False,True,True,A,False,True,0.6076,0,3,0.05653,False,False,C
ENST00000307201.4,ABHD15,MPPWGAALALILAVLALLGLLGPR,2.342,2.947,2.682,0.6047,0.3397,0.3238,0.3861,0.491,502.5,552.5,717,,,,,,True,False,P,MPP,True,False,True,False,P,False,True,0.6047,0,2,0.4003,False,False,C
ENST00000226432.8,CWH43,MPSLWREILLESLLGCVSWSLYHD,2.098,2.701,2.324,0.6029,0.2252,0.2748,1.04,-0.1076,573.7,853.8,597.2,1.513,1.889,0.3761,788.4,488.7,True,True,P,MPS,True,False,True,True,S,False,True,0.6029,0,3,0.4023,False,False,C
ENST00000438616.3,ARTN,MPGLISARGQPLLEVLPPQAHLGA,3.622,3.827,3.92,0.205,0.2982,-0.117,0.000446,-0.1288,1238,1243,1152,3.729,4.328,0.5991,584.8,583,True,True,P,MPG,True,False,True,True,G,True,True,0.5991,0,3,-0.0818,False,False,C
ENST00000295767.9,CHCHD4,MPVSYSSVTTRYYHRAGAEEGKDR,4.302,3.826,4.202,-0.4764,-0.09996,-0.5249,-0.03726,0.09124,565.6,622.5,604.9,3.988,4.586,0.5981,317.9,267.8,True,True,P,MPV,True,False,False,True,V,False,True,0.5981,0,3,-0.157,False,False,C
ENST00000274695.8,CDKAL1,MPSASCDTLLDDIEDIVSQEDSKP,3.997,4.442,3.744,0.4451,-0.2529,0.1719,-0.1009,-0.2752,665.3,554.9,593.3,4.148,4.745,0.5975,361.7,292,True,True,P,MPS,True,False,True,False,S,False,True,0.5975,0,3,-0.06806,False,False,C
ENST00000542471.2,WDR25,MPALCLVLCWFQGLLGEVWNAVDS,2.625,3.221,2.987,0.596,0.3618,-0.414,0.00692,-0.4024,1412,1018,1129,1.894,1.874,-0.01992,1876,1414,True,True,P,MPA,True,False,True,True,A,False,True,0.596,0,3,-0.2698,False,False,C
ENST00000357774.9,ZNF98,MPGPLGSLEMGVLTFRDVALEFSL,2.094,2.69,2.302,0.5955,0.2082,0.275,0.498,0.07846,900.7,810.3,958.9,2.442,2.322,-0.1198,536.4,544,True,True,P,MPG,True,False,True,True,G,True,True,0.5955,0,3,0.2838,False,False,C
ENST00000373741.8,PUM1,MPLPPPGPGPEPIPGCTAPTQSPV,3.468,3.814,4.06,0.3459,0.5918,0.6081,-0.09827,0.3893,827.2,779.4,407.6,4.588,4.541,-0.04664,305,220.9,True,True,P,MPL,True,False,True,False,L,False,True,0.5918,0,3,0.2997,False,False,C
ENST00000392580.5,B3GAT1,MPKRRDILAIVLIVLPWTLLITVW,2.376,2.8,2.968,0.4244,0.5917,0.1125,0.3185,0.1858,4359,3473,3934,2.741,2.74,-0.000973,2504,2521,True,True,P,MPK,True,False,True,True,K,False,True,0.5917,0,3,0.2056,False,False,C
ENST00000255039.5,HAPLN2,MPGWLTLPTLCRFLLWAFTIFHKA,2.191,2.763,2.781,0.5722,0.5902,0.38,0.2753,0.01118,514.9,476.2,557.2,2.523,2.734,0.2117,415.5,340.1,True,True,P,MPG,True,False,True,True,G,True,True,0.5902,0,3,0.2221,False,False,C
ENST00000413052.6,MOV10,MPSKFSCRQLREAGQCFESFLVVR,3.05,3.357,3.636,0.3072,0.5854,0.1481,0.8448,0.6504,640,737.1,720.9,3.648,3.683,0.03478,380,329.5,True,True,P,MPS,True,False,True,True,S,False,True,0.5854,0,3,0.5478,False,False,C
ENST00000559679.1,NR2F2,MPPTQPTHGQFALTNGDPLNCHSY,2.815,2.947,3.399,0.1327,0.5848,-0.2712,0.002119,-0.3435,2266,1962,2521,2.833,3.07,0.2367,1244,1338,True,True,P,MPP,True,False,True,True,P,False,True,0.5848,0,3,-0.2042,False,False,C
ENST00000312423.2,SWSAP1,MPAAGPPLLLLGTPGSGKTALLFA,2.109,2.693,2.477,0.5842,0.3678,0.3629,0.7616,0.5611,1886,1476,1344,2.472,2.997,0.5247,798,719.4,True,True,P,MPA,True,False,True,True,A,False,True,0.5842,0,3,0.5619,False,False,C
ENST00000426955.6,VWA5B2,MPGLYCPSSWTPLPLTDSWVRACA,2.814,2.905,3.398,0.09111,0.5836,-0.1645,-0.08102,0.02595,779.5,847.6,645.4,2.744,3.093,0.3493,547.9,383.3,True,True,P,MPG,True,False,True,True,G,True,True,0.5836,0,3,-0.07319,False,False,C
ENST00000625191.3,C5orf60,MPRAQLPEDSSAVDMDILFPLDSV,3.948,4.527,4.154,0.5795,0.2057,0.6276,0.7496,0.3305,465.9,464.2,409.9,4.997,5.138,0.141,242.1,263.5,True,True,P,MPR,True,False,True,False,R,False,True,0.5795,0,3,0.5692,False,False,C
ENST00000400723.7,GCGR,MPPCQPQRPLLLLLLLLACQPQVP,2.437,3.015,2.816,0.5788,0.3794,0.05125,-0.136,0.1276,1981,1668,2130,2.804,2.751,-0.05253,916.3,1278,True,True,P,MPP,True,False,True,True,P,False,True,0.5788,0,3,0.01426,False,False,C
ENST00000440898.1,SECISBP2,MPLPILLHVQEQILKMLVYHLLKL,2.718,2.302,3.296,-0.4153,0.5779,-0.7569,-0.6774,-0.5256,224.1,309.9,302.6,1.97,1.75,-0.2198,333.9,430.5,True,True,P,MPL,True,False,True,True,L,False,True,0.5779,0,3,-0.6533,False,False,C
ENST00000300619.11,ZNF91,MPGTPGSLEMGLLTFRDVAIEFSP,2.921,3.41,3.493,0.4894,0.5727,0.4151,-0.5105,-0.1957,361.4,250.8,297.7,,,,,,True,False,P,MPG,True,False,True,False,G,True,True,0.5727,0,2,-0.09704,False,False,C
ENST00000538487.6,GRM4,MPGKRGLGWWWARLPLCLLLSLYG,2.605,2.878,2.169,0.2729,-0.4358,-0.07044,0.1457,-0.5416,932.8,587,804.2,2.56,3.132,0.5719,398.7,522.6,True,True,P,MPG,True,False,True,True,G,True,True,0.5719,0,3,-0.1554,False,False,C
ENST00000244426.10,FBXO9,MPDIIWVFPPQAEAEEDCHSDTVR,2.834,3.09,3.401,0.256,0.5672,0.9852,0.6214,0.2039,580,473.5,590.4,3.33,3.13,-0.1994,306.7,358.1,True,True,P,MPD,True,False,True,True,D,False,True,0.5672,0,3,0.6035,False,False,C
ENST00000528489.1,LPXN,MPYWRNWNAPPFRTVMNIPTQLLF,2.68,3.035,3.245,0.3554,0.565,0.4367,1.248,0.473,1356,1087,933.5,3.099,3.114,0.01548,687.4,617.5,True,True,P,MPY,True,False,True,True,Y,False,True,0.565,0,3,0.7191,False,False,C
ENST00000443790.1,EDEM1,MPAAPARPCNGERSSWGWCSSGLA,3.47,4.034,3.447,0.5642,-0.02225,0.1623,0.4909,-0.03815,1041,869.6,914.5,3.88,3.484,-0.3958,522.1,575.8,True,True,P,MPA,True,False,True,True,A,False,True,0.5642,0,3,0.205,False,False,C
ENST00000329962.10,B4GALNT4,MPRLPVKKIRKQMKLLLLLLLLSC,2.549,3.108,3.037,0.5587,0.4884,0.04971,0.1326,0.03581,2065,1508,1853,2.83,2.905,0.07546,1153,1352,True,True,P,MPR,True,False,True,True,R,False,True,0.5587,0,3,0.07271,False,False,C
ENST00000475887.1,ADGRG7,MPVKMLFKELLLLLMMMPLQHYTK,2.148,2.707,2.432,0.5587,0.2836,0.4249,0.3479,0.01418,1108,1090,1130,2.7,2.355,-0.3447,712.7,626.7,True,True,P,MPV,True,False,True,True,V,False,True,0.5587,0,3,0.2623,False,False,C
ENST00000373424.5,UGT1A6,MPNMVFIGGINCKKRKDLSQEFEA,3.362,3.716,3.92,0.3538,0.5577,0.3334,0.2865,0.3991,804.6,866.4,774.9,3.861,3.875,0.01386,428.1,453.8,True,True,P,MPN,True,False,True,True,N,False,True,0.5577,0,3,0.3397,False,False,C
ENST00000600059.5,LMTK3,MPAPGALILLAAVSASGCLASPAH,2.157,2.714,2.583,0.5571,0.4266,0.1397,0.1635,0.3713,796.3,672.1,802.8,,,,,,True,False,P,MPA,True,False,True,False,A,False,True,0.5571,0,2,0.2248,False,False,C
ENST00000377245.8,TJP2,MPVRGDRGFPPRRELSGWLRAPGM,3.64,4.195,3.744,0.5552,0.1037,0.5008,0.9782,0.2658,717.5,503.6,550.7,4.586,4.155,-0.4308,293.5,262.4,True,True,P,MPV,True,False,True,False,V,False,True,0.5552,0,3,0.5816,False,False,C
ENST00000281017.7,TMEM18,MPSAFSVSSFPVSIPAVLTQTDWT,2.955,3.508,3.326,0.5534,0.3709,0.2185,0.174,0.1207,1511,1129,935.9,3.541,3.284,-0.2563,399.2,451.9,True,True,P,MPS,True,False,True,True,S,False,True,0.5534,0,3,0.1711,False,False,C
ENST00000297313.7,RGS20,MPQLSQDNQECLQKHFSRPSIWTQ,3.92,4.473,4.363,0.553,0.4429,-0.1996,0.2107,0.3704,536.7,454.2,466.3,4.257,4.602,0.3452,300.8,316.1,True,True,P,MPQ,True,False,True,False,Q,False,True,0.553,0,3,0.1272,False,False,C
ENST00000404234.7,SEZ6L,MPAARPPAAGLRGISLFLALLLGS,2.464,2.944,3.015,0.4799,0.5513,0.1515,-0.1386,0.2515,689.1,696,556,,,,,,True,False,P,MPA,True,False,True,False,A,False,True,0.5513,0,2,0.08811,False,False,C
ENST00000344103.8,SIRPG,MPVPASWPHPPGPFLLLTLLLGLT,2.477,3.004,3.026,0.5269,0.5489,0.5568,0.005474,0.2007,644.2,770.8,940.7,2.783,2.621,-0.1619,460.3,346.8,True,True,P,MPV,True,False,True,True,V,False,True,0.5489,0,3,0.2543,False,False,C
ENST00000368898.7,FAM24B,MPVIAGGILAALLLLIVVVLCLYF,2.6,3.148,2.776,0.5475,0.1753,0.4474,0.09689,-0.01733,1369,1245,1560,2.929,3.205,0.2758,402.5,469.6,True,True,P,MPV,True,False,True,True,V,False,True,0.5475,0,3,0.1757,False,False,C
ENST00000297056.10,DAGLB,MPGMVLFGRRWAIASDDLVFPGFF,2.294,2.282,2.297,-0.01218,0.002617,0.1678,0.1168,-0.261,658,1454,1185,1.975,2.517,0.5426,548.9,451.8,True,True,P,MPG,True,False,True,True,G,True,True,0.5426,0,3,0.007877,False,False,C
ENST00000373229.9,KCNK16,MPSAGLCSCWGGRVLPLLLAYVCY,2.197,2.316,2.737,0.1188,0.5392,0.5345,0.3553,0.4662,964.3,1280,1015,2.87,2.604,-0.266,772.5,879.2,True,True,P,MPS,True,False,True,True,S,False,True,0.5392,0,3,0.452,False,False,C
ENST00000529413.5,VAV3,MPIFTFLSEQGTLKLPEVYQRCRS,3.326,3.864,2.898,0.5377,-0.4277,0.3386,1.143,-0.02482,542.1,399.6,369.9,,,,,,True,False,P,MPI,True,False,True,False,I,False,True,0.5377,0,2,0.4855,False,False,C
ENST00000619796.4,LUC7L2,MPAYLNLQGSVRKAPHSPSRDTTR,2.915,3.252,3.451,0.3374,0.5364,0.2973,0.8295,0.3848,889.7,820.8,747.3,3.27,3.441,0.1708,577.7,441.7,True,True,P,MPA,True,False,True,True,A,False,True,0.5364,0,3,0.5039,False,False,C
ENST00000266560.7,RBP5,MPPNLTGYYRFVSQKNMEDYLQAL,2.1,2.635,2.484,0.535,0.3848,-0.2529,0.09411,-0.3936,686.1,510.2,599.3,1.978,1.938,-0.04025,603.6,417.4,True,True,P,MPP,True,False,True,True,P,False,True,0.535,0,3,-0.1841,False,False,C
ENST00000450171.2,GRAMD1B,MPTSSAVLLRVLSIPLLTVLILAR,2.481,3.015,2.791,0.5345,0.31,0.2314,-0.05467,0.1352,3570,2912,3027,2.708,2.657,-0.05063,1760,1578,True,True,P,MPT,True,False,True,True,T,False,True,0.5345,0,3,0.104,False,False,C
ENST00000503495.5,DDR1,MPHLASLFTASSRCCPHPLRPEGS,3.921,4.454,3.946,0.534,0.02536,-0.3213,0.002822,-0.04331,1292,1063,1345,4.541,4.348,-0.1931,530.1,570.2,True,True,P,MPH,True,False,True,False,H,False,True,0.534,0,3,-0.1206,False,False,C
ENST00000221980.4,ICAM5,MPGPSPGLRRALLGLWAALGLGLF,2.472,2.706,3.005,0.2332,0.5329,-0.008176,-0.2252,-0.0444,2001,2061,1723,2.742,2.701,-0.04045,1194,1266,True,True,P,MPG,True,False,True,True,G,True,True,0.5329,0,3,-0.09258,False,False,C
ENST00000307599.4,GOT1L1,MPTLSVFMDVPLAHKLEGSLLKTY,2.56,2.96,3.088,0.3998,0.528,-0.2401,-0.04615,-0.3069,917.5,878.1,961.8,2.979,2.953,-0.02555,587.2,405.5,True,True,P,MPT,True,False,True,True,T,False,True,0.528,0,3,-0.1977,False,False,C
ENST00000369562.8,CFAP206,MPPTQAESVIRSIIREIGQECAAH,2.376,2.901,2.548,0.5253,0.172,0.4152,-0.08497,0.2533,649.1,786.7,395.6,,,,,,True,False,P,MPP,True,False,True,False,P,False,True,0.5253,0,2,0.1945,False,False,C
ENST00000599539.5,RPS16,MPSKGPLQSVQVFGRKKTATAVAH,3.866,4.084,4.388,0.2186,0.5228,0.9295,0.4896,0.758,372.7,403.9,252,4.773,5.199,0.4255,236.9,245.4,True,True,P,MPS,True,False,True,False,S,False,True,0.5228,0,3,0.7257,False,False,C
ENST00000566113.5,CDIPT,MPDENIFLFVPNLIGTRFGAMLDM,2.372,2.893,2.652,0.5205,0.2794,0.1126,-0.2189,0.06715,679.7,559.7,702.7,2.289,1.479,-0.8097,564.7,789.6,True,True,P,MPD,True,False,True,True,D,False,True,0.5205,0,3,-0.01305,False,False,C
ENST00000381627.3,RLN2,MPRLFFFHLLGVCLLLNQFSRAVA,2.269,2.784,2.553,0.5153,0.2841,0.1975,0.7562,0.003257,564.1,630.7,613.9,2.73,2.558,-0.1722,363.2,404.3,True,True,P,MPR,True,False,True,True,R,False,True,0.5153,0,3,0.319,False,False,C
ENST00000542296.6,CERS1,MPESAWKFLFYLGSWSYSAYLLFG,1.942,2.455,2.295,0.5132,0.3525,0.6308,0.5857,0.2429,1589,1793,1708,2.507,2.232,-0.2747,1079,1268,True,True,P,MPE,True,False,True,True,E,False,True,0.5132,0,3,0.4865,False,False,C
ENST00000374492.7,EDEM2,MPFRLLIPLGLLCALLPQHHGAPG,2.488,2.562,3.001,0.07386,0.5124,-0.2852,0.1128,0.08443,1376,1877,1057,1.883,1.692,-0.1903,1706,1989,True,True,P,MPF,True,False,True,True,F,False,True,0.5124,0,3,-0.02934,False,False,C
ENST00000438213.5,CTSD,MPRPVVDRIPLHKFTSIRRTMSEV,3.778,3.875,3.789,0.09677,0.01094,-0.6612,0.3879,-0.09471,972.9,977.4,922.6,3.734,4.242,0.5088,589.8,451.9,True,True,P,MPR,True,False,True,True,R,False,True,0.5088,0,3,-0.1227,False,False,C
ENST00000620829.4,INTS11,MPEIRVTPLGACPVLSWNLVLPPG,2.698,3.205,3.149,0.5063,0.4507,0.1142,0.3951,0.5108,1523,1542,1180,3.049,3.111,0.06169,874,597.5,True,True,P,MPE,True,False,True,True,E,False,True,0.5063,0,3,0.34,False,False,C
ENST00000417245.6,FSCN2,MPTNGLHQVLKIQFGLVNDTDRYL,3.164,3.091,3.67,-0.07351,0.5057,-0.08547,-0.2096,0.1751,939,1030,906.7,3.621,3.468,-0.1537,407.8,531.6,True,True,P,MPT,True,False,True,True,T,False,True,0.5057,0,3,-0.03998,False,False,C
ENST00000297431.8,ORC5,MPHLENVVLCRESQVSILQSLFGE,3.088,3.265,3.592,0.1765,0.5041,0.1007,0.3995,-0.1302,755.8,736.3,662.8,3.548,3.877,0.3284,262.1,405.2,True,True,P,MPH,True,False,True,True,H,False,True,0.5041,0,3,0.1233,False,False,C
ENST00000436750.7,NEIL2,MPEGPLVRKFHHLVSPFVGQQVVK,2.953,3.456,3.42,0.5035,0.4675,0.2726,0.2466,-0.05881,546.1,442.5,396.2,,,,,,True,False,P,MPE,True,False,True,False,E,False,True,0.5035,0,2,0.1535,False,False,C
ENST00000544065.5,TMEM132A,MPVRPGQLFSATLLLRHNFTASLL,3.283,3.785,3.712,0.5022,0.4287,0.4499,0.2012,0.313,1199,1049,1054,3.722,3.664,-0.05831,649.5,648,True,True,P,MPV,True,False,True,True,V,False,True,0.5022,0,3,0.3214,False,False,C
ENST00000302907.8,RPS9,MPVARSWVCRKTYVTPRRPFEKSR,3.263,3.571,3.68,0.3083,0.4168,0.2826,0.5216,0.1614,926.2,846,544.6,3.117,3.619,0.5018,438.8,522.4,True,True,P,MPV,True,False,True,True,V,False,True,0.5018,0,3,0.3219,False,False,C
ENST00000450050.6,ASB6,MPFLHGFRRIIFEYQPLVDAILGS,2.86,3.361,3.06,0.5005,0.1996,0.4276,0.4849,0.004879,1681,1367,1432,3.048,3.435,0.3874,751.6,674.6,True,True,P,MPF,True,False,True,True,F,False,True,0.5005,0,3,0.3058,False,False,C
