position,label,n_sub,n_ctrl,pct_sub,pct_ctrl,fold_change,log2FC,direction,p_fisher,defined,q_fisher,n_group_sub,n_group_ctrl,hit_set
3,A,2,58,5.55556,13.6792,0.40613,-1.29999,-1,0.204169,True,0.944339,36,424,ZYG11B_ZER1_DKO
3,C,1,7,2.77778,1.65094,1.68254,0.750641,1,0.481685,True,1,36,424,ZYG11B_ZER1_DKO
3,D,0,9,0,2.12264,0,,-1,1,True,1,36,424,ZYG11B_ZER1_DKO
3,E,1,28,2.77778,6.60377,0.420635,-1.24936,-1,0.716844,True,1,36,424,ZYG11B_ZER1_DKO
3,F,1,12,2.77778,2.83019,0.981481,-0.026967,-1,1,True,1,36,424,ZYG11B_ZER1_DKO
3,G,11,38,30.5556,8.96226,3.40936,1.7695,1,0.000517749,True,0.113905,36,424,ZYG11B_ZER1_DKO
3,H,1,5,2.77778,1.17925,2.35556,1.23607,1,0.388445,True,1,36,424,ZYG11B_ZER1_DKO
3,I,0,9,0,2.12264,0,,-1,1,True,1,36,424,ZYG11B_ZER1_DKO
3,K,0,14,0,3.30189,0,,-1,0.614829,True,1,36,424,ZYG11B_ZER1_DKO
3,L,2,51,5.55556,12.0283,0.461874,-1.11443,-1,0.410884,True,1,36,424,ZYG11B_ZER1_DKO
3,M,0,11,0,2.59434,0,,-1,1,True,1,36,424,ZYG11B_ZER1_DKO
3,N,1,7,2.77778,1.65094,1.68254,0.750641,1,0.481685,True,1,36,424,ZYG11B_ZER1_DKO
3,P,6,48,16.6667,11.3208,1.47222,0.557995,1,0.413974,True,1,36,424,ZYG11B_ZER1_DKO
3,Q,0,15,0,3.53774,0,,-1,0.619702,True,1,36,424,ZYG11B_ZER1_DKO
3,R,0,36,0,8.49057,0,,-1,0.0982585,True,0.892347,36,424,ZYG11B_ZER1_DKO
3,S,2,30,5.55556,7.07547,0.785185,-0.348895,-1,1,True,1,36,424,ZYG11B_ZER1_DKO
3,T,0,17,0,4.00943,0,,-1,0.383771,True,1,36,424,ZYG11B_ZER1_DKO
3,V,3,21,8.33333,4.95283,1.68254,0.750641,1,0.421479,True,1,36,424,ZYG11B_ZER1_DKO
3,W,1,3,2.77778,0.707547,3.92593,1.97303,1,0.278978,True,0.982531,36,424,ZYG11B_ZER1_DKO
3,Y,4,5,11.1111,1.17925,9.42222,3.23607,1,0.00302069,True,0.21678,36,424,ZYG11B_ZER1_DKO
4,A,3,36,8.33333,8.49057,0.981481,-0.026967,-1,1,True,1,36,424,ZYG11B_ZER1_DKO
4,C,1,9,2.77778,2.12264,1.30864,0.38807,1,0.561045,True,1,36,424,ZYG11B_ZER1_DKO
4,D,3,14,8.33333,3.30189,2.52381,1.3356,1,0.139903,True,0.91168,36,424,ZYG11B_ZER1_DKO
4,E,3,26,8.33333,6.13208,1.35897,0.442518,1,0.48743,True,1,36,424,ZYG11B_ZER1_DKO
4,F,1,25,2.77778,5.89623,0.471111,-1.08586,-1,0.710314,True,1,36,424,ZYG11B_ZER1_DKO
4,G,5,25,13.8889,5.89623,2.35556,1.23607,1,0.0743625,True,0.892347,36,424,ZYG11B_ZER1_DKO
4,H,1,8,2.77778,1.88679,1.47222,0.557995,1,0.522967,True,1,36,424,ZYG11B_ZER1_DKO
4,I,1,14,2.77778,3.30189,0.84127,-0.249359,-1,1,True,1,36,424,ZYG11B_ZER1_DKO
4,K,4,9,11.1111,2.12264,5.23457,2.38807,1,0.0136213,True,0.599337,36,424,ZYG11B_ZER1_DKO
4,L,5,65,13.8889,15.3302,0.905983,-0.142444,-1,1,True,1,36,424,ZYG11B_ZER1_DKO
4,M,1,4,2.77778,0.943396,2.94444,1.558,1,0.335901,True,1,36,424,ZYG11B_ZER1_DKO
4,N,0,8,0,1.88679,0,,-1,1,True,1,36,424,ZYG11B_ZER1_DKO
4,P,3,35,8.33333,8.25472,1.00952,0.0136749,1,1,True,1,36,424,ZYG11B_ZER1_DKO
4,Q,1,15,2.77778,3.53774,0.785185,-0.348895,-1,1,True,1,36,424,ZYG11B_ZER1_DKO
4,R,0,22,0,5.18868,0,,-1,0.242735,True,0.944339,36,424,ZYG11B_ZER1_DKO
4,S,3,31,8.33333,7.31132,1.13978,0.188762,1,0.741084,True,1,36,424,ZYG11B_ZER1_DKO
4,T,0,28,0,6.60377,0,,-1,0.152532,True,0.91168,36,424,ZYG11B_ZER1_DKO
4,V,1,28,2.77778,6.60377,0.420635,-1.24936,-1,0.716844,True,1,36,424,ZYG11B_ZER1_DKO
4,W,0,10,0,2.35849,0,,-1,1,True,1,36,424,ZYG11B_ZER1_DKO
4,Y,0,12,0,2.83019,0,,-1,0.611451,True,1,36,424,ZYG11B_ZER1_DKO
5,A,2,31,5.55556,7.31132,0.759857,-0.396201,-1,1,True,1,36,424,ZYG11B_ZER1_DKO
5,C,0,13,0,3.06604,0,,-1,0.611957,True,1,36,424,ZYG11B_ZER1_DKO
5,D,2,12,5.55556,2.83019,1.96296,0.973033,1,0.30073,True,0.98844,36,424,ZYG11B_ZER1_DKO
5,E,1,14,2.77778,3.30189,0.84127,-0.249359,-1,1,True,1,36,424,ZYG11B_ZER1_DKO
5,F,2,17,5.55556,4.00943,1.38562,0.470533,1,0.65328,True,1,36,424,ZYG11B_ZER1_DKO
5,G,3,29,8.33333,6.83962,1.21839,0.284977,1,0.729815,True,1,36,424,ZYG11B_ZER1_DKO
5,H,0,13,0,3.06604,0,,-1,0.611957,True,1,36,424,ZYG11B_ZER1_DKO
5,I,0,20,0,4.71698,0,,-1,0.388822,True,1,36,424,ZYG11B_ZER1_DKO
5,K,3,14,8.33333,3.30189,2.52381,1.3356,1,0.139903,True,0.91168,36,424,ZYG11B_ZER1_DKO
5,L,6,67,16.6667,15.8019,1.05473,0.0768688,1,0.815259,True,1,36,424,ZYG11B_ZER1_DKO
5,M,2,11,5.55556,2.59434,2.14141,1.09856,1,0.270347,True,0.967094,36,424,ZYG11B_ZER1_DKO
5,N,0,6,0,1.41509,0,,-1,1,True,1,36,424,ZYG11B_ZER1_DKO
5,P,7,34,19.4444,8.01887,2.42484,1.27789,1,0.0311195,True,0.741564,36,424,ZYG11B_ZER1_DKO
5,Q,1,11,2.77778,2.59434,1.07071,0.0985638,1,1,True,1,36,424,ZYG11B_ZER1_DKO
5,R,1,27,2.77778,6.36792,0.436214,-1.19689,-1,0.713851,True,1,36,424,ZYG11B_ZER1_DKO
5,S,1,41,2.77778,9.66981,0.287263,-1.79956,-1,0.233149,True,0.944339,36,424,ZYG11B_ZER1_DKO
5,T,0,16,0,3.77358,0,,-1,0.626254,True,1,36,424,ZYG11B_ZER1_DKO
5,V,2,29,5.55556,6.83962,0.812261,-0.299986,-1,1,True,1,36,424,ZYG11B_ZER1_DKO
5,W,1,11,2.77778,2.59434,1.07071,0.0985638,1,1,True,1,36,424,ZYG11B_ZER1_DKO
5,Y,2,8,5.55556,1.88679,2.94444,1.558,1,0.180264,True,0.91168,36,424,ZYG11B_ZER1_DKO
6,A,0,31,0,7.31132,0,,-1,0.15674,True,0.91168,36,424,ZYG11B_ZER1_DKO
6,C,1,13,2.77778,3.06604,0.905983,-0.142444,-1,1,True,1,36,424,ZYG11B_ZER1_DKO
6,D,3,11,8.33333,2.59434,3.21212,1.68353,1,0.0880446,True,0.892347,36,424,ZYG11B_ZER1_DKO
6,E,2,17,5.55556,4.00943,1.38562,0.470533,1,0.65328,True,1,36,424,ZYG11B_ZER1_DKO
6,F,1,16,2.77778,3.77358,0.736111,-0.442005,-1,1,True,1,36,424,ZYG11B_ZER1_DKO
6,G,3,32,8.33333,7.54717,1.10417,0.142958,1,0.747309,True,1,36,424,ZYG11B_ZER1_DKO
6,H,1,8,2.77778,1.88679,1.47222,0.557995,1,0.522967,True,1,36,424,ZYG11B_ZER1_DKO
6,I,1,19,2.77778,4.48113,0.619883,-0.689932,-1,1,True,1,36,424,ZYG11B_ZER1_DKO
6,K,4,11,11.1111,2.59434,4.28283,2.09856,1,0.0231898,True,0.741564,36,424,ZYG11B_ZER1_DKO
6,L,3,70,8.33333,16.5094,0.504762,-0.986325,-1,0.241513,True,0.944339,36,424,ZYG11B_ZER1_DKO
6,M,0,6,0,1.41509,0,,-1,1,True,1,36,424,ZYG11B_ZER1_DKO
6,N,2,6,5.55556,1.41509,3.92593,1.97303,1,0.123712,True,0.892347,36,424,ZYG11B_ZER1_DKO
6,P,2,22,5.55556,5.18868,1.07071,0.0985638,1,1,True,1,36,424,ZYG11B_ZER1_DKO
6,Q,0,15,0,3.53774,0,,-1,0.619702,True,1,36,424,ZYG11B_ZER1_DKO
6,R,4,33,11.1111,7.78302,1.42761,0.513601,1,0.517209,True,1,36,424,ZYG11B_ZER1_DKO
6,S,5,33,13.8889,7.78302,1.78451,0.835529,1,0.204325,True,0.944339,36,424,ZYG11B_ZER1_DKO
6,T,0,28,0,6.60377,0,,-1,0.152532,True,0.91168,36,424,ZYG11B_ZER1_DKO
6,V,4,30,11.1111,7.07547,1.57037,0.651105,1,0.326403,True,1,36,424,ZYG11B_ZER1_DKO
6,W,0,11,0,2.59434,0,,-1,1,True,1,36,424,ZYG11B_ZER1_DKO
6,Y,0,12,0,2.83019,0,,-1,0.611451,True,1,36,424,ZYG11B_ZER1_DKO
7,A,1,35,2.77778,8.25472,0.336508,-1.57129,-1,0.342788,True,1,36,424,ZYG11B_ZER1_DKO
7,C,3,13,8.33333,3.06604,2.71795,1.44252,1,0.121579,True,0.892347,36,424,ZYG11B_ZER1_DKO
7,D,1,17,2.77778,4.00943,0.69281,-0.529467,-1,1,True,1,36,424,ZYG11B_ZER1_DKO
7,E,3,8,8.33333,1.88679,4.41667,2.14296,1,0.0469908,True,0.827039,36,424,ZYG11B_ZER1_DKO
7,F,0,21,0,4.95283,0,,-1,0.394622,True,1,36,424,ZYG11B_ZER1_DKO
7,G,3,20,8.33333,4.71698,1.76667,0.82103,1,0.41114,True,1,36,424,ZYG11B_ZER1_DKO
7,H,0,11,0,2.59434,0,,-1,1,True,1,36,424,ZYG11B_ZER1_DKO
7,I,2,13,5.55556,3.06604,1.81197,0.857556,1,0.330957,True,1,36,424,ZYG11B_ZER1_DKO
7,K,2,19,5.55556,4.48113,1.23977,0.310068,1,0.675261,True,1,36,424,ZYG11B_ZER1_DKO
7,L,4,74,11.1111,17.4528,0.636637,-0.651458,-1,0.486664,True,1,36,424,ZYG11B_ZER1_DKO
7,M,1,11,2.77778,2.59434,1.07071,0.0985638,1,1,True,1,36,424,ZYG11B_ZER1_DKO
7,N,1,8,2.77778,1.88679,1.47222,0.557995,1,0.522967,True,1,36,424,ZYG11B_ZER1_DKO
7,P,4,30,11.1111,7.07547,1.57037,0.651105,1,0.326403,True,1,36,424,ZYG11B_ZER1_DKO
7,Q,2,8,5.55556,1.88679,2.94444,1.558,1,0.180264,True,0.91168,36,424,ZYG11B_ZER1_DKO
7,R,1,33,2.77778,7.78302,0.356902,-1.4864,-1,0.502152,True,1,36,424,ZYG11B_ZER1_DKO
7,S,4,24,11.1111,5.66038,1.96296,0.973033,1,0.261496,True,0.966875,36,424,ZYG11B_ZER1_DKO
7,T,1,28,2.77778,6.60377,0.420635,-1.24936,-1,0.716844,True,1,36,424,ZYG11B_ZER1_DKO
7,V,2,27,5.55556,6.36792,0.872428,-0.196892,-1,1,True,1,36,424,ZYG11B_ZER1_DKO
7,W,1,11,2.77778,2.59434,1.07071,0.0985638,1,1,True,1,36,424,ZYG11B_ZER1_DKO
7,Y,0,13,0,3.06604,0,,-1,0.611957,True,1,36,424,ZYG11B_ZER1_DKO
8,A,0,41,0,9.66981,0,,-1,0.0612409,True,0.892347,36,424,ZYG11B_ZER1_DKO
8,C,0,15,0,3.53774,0,,-1,0.619702,True,1,36,424,ZYG11B_ZER1_DKO
8,D,4,11,11.1111,2.59434,4.28283,2.09856,1,0.0231898,True,0.741564,36,424,ZYG11B_ZER1_DKO
8,E,2,17,5.55556,4.00943,1.38562,0.470533,1,0.65328,True,1,36,424,ZYG11B_ZER1_DKO
8,F,2,23,5.55556,5.42453,1.02415,0.0344335,1,1,True,1,36,424,ZYG11B_ZER1_DKO
8,G,1,23,2.77778,5.42453,0.512077,-0.965567,-1,0.71056,True,1,36,424,ZYG11B_ZER1_DKO
8,H,1,2,2.77778,0.471698,5.88889,2.558,1,0.217323,True,0.944339,36,424,ZYG11B_ZER1_DKO
8,I,1,14,2.77778,3.30189,0.84127,-0.249359,-1,1,True,1,36,424,ZYG11B_ZER1_DKO
8,K,1,11,2.77778,2.59434,1.07071,0.0985638,1,1,True,1,36,424,ZYG11B_ZER1_DKO
8,L,5,69,13.8889,16.2736,0.853462,-0.228601,-1,0.817487,True,1,36,424,ZYG11B_ZER1_DKO
8,M,2,13,5.55556,3.06604,1.81197,0.857556,1,0.330957,True,1,36,424,ZYG11B_ZER1_DKO
8,N,4,5,11.1111,1.17925,9.42222,3.23607,1,0.00302069,True,0.21678,36,424,ZYG11B_ZER1_DKO
8,P,6,35,16.6667,8.25472,2.01905,1.01367,1,0.118224,True,0.892347,36,424,ZYG11B_ZER1_DKO
8,Q,0,13,0,3.06604,0,,-1,0.611957,True,1,36,424,ZYG11B_ZER1_DKO
8,R,0,39,0,9.19811,0,,-1,0.0599871,True,0.892347,36,424,ZYG11B_ZER1_DKO
8,S,3,32,8.33333,7.54717,1.10417,0.142958,1,0.747309,True,1,36,424,ZYG11B_ZER1_DKO
8,T,2,23,5.55556,5.42453,1.02415,0.0344335,1,1,True,1,36,424,ZYG11B_ZER1_DKO
8,V,1,17,2.77778,4.00943,0.69281,-0.529467,-1,1,True,1,36,424,ZYG11B_ZER1_DKO
8,W,1,11,2.77778,2.59434,1.07071,0.0985638,1,1,True,1,36,424,ZYG11B_ZER1_DKO
8,Y,0,10,0,2.35849,0,,-1,1,True,1,36,424,ZYG11B_ZER1_DKO
9,A,1,35,2.77778,8.25472,0.336508,-1.57129,-1,0.342788,True,1,36,424,ZYG11B_ZER1_DKO
9,C,0,14,0,3.30189,0,,-1,0.614829,True,1,36,424,ZYG11B_ZER1_DKO
9,D,0,16,0,3.77358,0,,-1,0.626254,True,1,36,424,ZYG11B_ZER1_DKO
9,E,4,14,11.1111,3.30189,3.36508,1.75064,1,0.0438024,True,0.803044,36,424,ZYG11B_ZER1_DKO
9,F,0,24,0,5.66038,0,,-1,0.242404,True,0.944339,36,424,ZYG11B_ZER1_DKO
9,G,4,28,11.1111,6.60377,1.68254,0.750641,1,0.301025,True,0.98844,36,424,ZYG11B_ZER1_DKO
9,H,1,10,2.77778,2.35849,1.17778,0.236067,1,0.596161,True,1,36,424,ZYG11B_ZER1_DKO
9,I,2,14,5.55556,3.30189,1.68254,0.750641,1,0.360868,True,1,36,424,ZYG11B_ZER1_DKO
9,K,3,18,8.33333,4.24528,1.96296,0.973033,1,0.221084,True,0.944339,36,424,ZYG11B_ZER1_DKO
9,L,3,83,8.33333,19.5755,0.425703,-1.23208,-1,0.119294,True,0.892347,36,424,ZYG11B_ZER1_DKO
9,M,2,6,5.55556,1.41509,3.92593,1.97303,1,0.123712,True,0.892347,36,424,ZYG11B_ZER1_DKO
9,N,0,12,0,2.83019,0,,-1,0.611451,True,1,36,424,ZYG11B_ZER1_DKO
9,P,1,24,2.77778,5.66038,0.490741,-1.02697,-1,0.709925,True,1,36,424,ZYG11B_ZER1_DKO
9,Q,1,16,2.77778,3.77358,0.736111,-0.442005,-1,1,True,1,36,424,ZYG11B_ZER1_DKO
9,R,3,26,8.33333,6.13208,1.35897,0.442518,1,0.48743,True,1,36,424,ZYG11B_ZER1_DKO
9,S,2,35,5.55556,8.25472,0.673016,-0.571288,-1,0.756559,True,1,36,424,ZYG11B_ZER1_DKO
9,T,4,13,11.1111,3.06604,3.62393,1.85756,1,0.0360675,True,0.741564,36,424,ZYG11B_ZER1_DKO
9,V,4,22,11.1111,5.18868,2.14141,1.09856,1,0.136059,True,0.91168,36,424,ZYG11B_ZER1_DKO
9,W,0,10,0,2.35849,0,,-1,1,True,1,36,424,ZYG11B_ZER1_DKO
9,Y,1,4,2.77778,0.943396,2.94444,1.558,1,0.335901,True,1,36,424,ZYG11B_ZER1_DKO
10,A,1,32,2.77778,7.54717,0.368056,-1.442,-1,0.499136,True,1,36,424,ZYG11B_ZER1_DKO
10,C,1,16,2.77778,3.77358,0.736111,-0.442005,-1,1,True,1,36,424,ZYG11B_ZER1_DKO
10,D,2,12,5.55556,2.83019,1.96296,0.973033,1,0.30073,True,0.98844,36,424,ZYG11B_ZER1_DKO
10,E,3,15,8.33333,3.53774,2.35556,1.23607,1,0.159123,True,0.91168,36,424,ZYG11B_ZER1_DKO
10,F,3,13,8.33333,3.06604,2.71795,1.44252,1,0.121579,True,0.892347,36,424,ZYG11B_ZER1_DKO
10,G,2,20,5.55556,4.71698,1.17778,0.236067,1,0.68692,True,1,36,424,ZYG11B_ZER1_DKO
10,H,0,12,0,2.83019,0,,-1,0.611451,True,1,36,424,ZYG11B_ZER1_DKO
10,I,3,25,8.33333,5.89623,1.41333,0.499102,1,0.47282,True,1,36,424,ZYG11B_ZER1_DKO
10,K,3,13,8.33333,3.06604,2.71795,1.44252,1,0.121579,True,0.892347,36,424,ZYG11B_ZER1_DKO
10,L,3,83,8.33333,19.5755,0.425703,-1.23208,-1,0.119294,True,0.892347,36,424,ZYG11B_ZER1_DKO
10,M,3,10,8.33333,2.35849,3.53333,1.82103,1,0.0730367,True,0.892347,36,424,ZYG11B_ZER1_DKO
10,N,0,5,0,1.17925,0,,-1,1,True,1,36,424,ZYG11B_ZER1_DKO
10,P,3,26,8.33333,6.13208,1.35897,0.442518,1,0.48743,True,1,36,424,ZYG11B_ZER1_DKO
10,Q,2,11,5.55556,2.59434,2.14141,1.09856,1,0.270347,True,0.967094,36,424,ZYG11B_ZER1_DKO
10,R,0,29,0,6.83962,0,,-1,0.152692,True,0.91168,36,424,ZYG11B_ZER1_DKO
10,S,0,25,0,5.89623,0,,-1,0.24488,True,0.944339,36,424,ZYG11B_ZER1_DKO
10,T,3,19,8.33333,4.48113,1.85965,0.89503,1,0.402126,True,1,36,424,ZYG11B_ZER1_DKO
10,V,4,34,11.1111,8.01887,1.38562,0.470533,1,0.523972,True,1,36,424,ZYG11B_ZER1_DKO
10,W,0,17,0,4.00943,0,,-1,0.383771,True,1,36,424,ZYG11B_ZER1_DKO
10,Y,0,7,0,1.65094,0,,-1,1,True,1,36,424,ZYG11B_ZER1_DKO
11,A,5,41,13.8889,9.66981,1.43631,0.522372,1,0.38796,True,1,36,424,ZYG11B_ZER1_DKO
11,C,1,15,2.77778,3.53774,0.785185,-0.348895,-1,1,True,1,36,424,ZYG11B_ZER1_DKO
11,D,1,12,2.77778,2.83019,0.981481,-0.026967,-1,1,True,1,36,424,ZYG11B_ZER1_DKO
11,E,6,15,16.6667,3.53774,4.71111,2.23607,1,0.00344878,True,0.21678,36,424,ZYG11B_ZER1_DKO
11,F,2,15,5.55556,3.53774,1.57037,0.651105,1,0.634198,True,1,36,424,ZYG11B_ZER1_DKO
11,G,3,19,8.33333,4.48113,1.85965,0.89503,1,0.402126,True,1,36,424,ZYG11B_ZER1_DKO
11,H,0,11,0,2.59434,0,,-1,1,True,1,36,424,ZYG11B_ZER1_DKO
11,I,1,16,2.77778,3.77358,0.736111,-0.442005,-1,1,True,1,36,424,ZYG11B_ZER1_DKO
11,K,4,13,11.1111,3.06604,3.62393,1.85756,1,0.0360675,True,0.741564,36,424,ZYG11B_ZER1_DKO
11,L,3,73,8.33333,17.217,0.484018,-1.04687,-1,0.241113,True,0.944339,36,424,ZYG11B_ZER1_DKO
11,M,0,8,0,1.88679,0,,-1,1,True,1,36,424,ZYG11B_ZER1_DKO
11,N,0,8,0,1.88679,0,,-1,1,True,1,36,424,ZYG11B_ZER1_DKO
11,P,2,35,5.55556,8.25472,0.673016,-0.571288,-1,0.756559,True,1,36,424,ZYG11B_ZER1_DKO
11,Q,1,7,2.77778,1.65094,1.68254,0.750641,1,0.481685,True,1,36,424,ZYG11B_ZER1_DKO
11,R,1,27,2.77778,6.36792,0.436214,-1.19689,-1,0.713851,True,1,36,424,ZYG11B_ZER1_DKO
11,S,2,36,5.55556,8.49057,0.654321,-0.61193,-1,0.756312,True,1,36,424,ZYG11B_ZER1_DKO
11,T,1,27,2.77778,6.36792,0.436214,-1.19689,-1,0.713851,True,1,36,424,ZYG11B_ZER1_DKO
11,V,3,22,8.33333,5.18868,1.60606,0.683526,1,0.432972,True,1,36,424,ZYG11B_ZER1_DKO
11,W,0,11,0,2.59434,0,,-1,1,True,1,36,424,ZYG11B_ZER1_DKO
11,Y,0,13,0,3.06604,0,,-1,0.611957,True,1,36,424,ZYG11B_ZER1_DKO
12,A,2,39,5.55556,9.19811,0.603989,-0.727407,-1,0.758952,True,1,36,424,ZYG11B_ZER1_DKO
12,C,2,11,5.55556,2.59434,2.14141,1.09856,1,0.270347,True,0.967094,36,424,ZYG11B_ZER1_DKO
12,D,0,11,0,2.59434,0,,-1,1,True,1,36,424,ZYG11B_ZER1_DKO
12,E,4,18,11.1111,4.24528,2.61728,1.38807,1,0.0834279,True,0.892347,36,424,ZYG11B_ZER1_DKO
12,F,0,12,0,2.83019,0,,-1,0.611451,True,1,36,424,ZYG11B_ZER1_DKO
12,G,1,34,2.77778,8.01887,0.346405,-1.52947,-1,0.506221,True,1,36,424,ZYG11B_ZER1_DKO
12,H,2,5,5.55556,1.17925,4.71111,2.23607,1,0.0974846,True,0.892347,36,424,ZYG11B_ZER1_DKO
12,I,4,16,11.1111,3.77358,2.94444,1.558,1,0.0618947,True,0.892347,36,424,ZYG11B_ZER1_DKO
12,K,1,10,2.77778,2.35849,1.17778,0.236067,1,0.596161,True,1,36,424,ZYG11B_ZER1_DKO
12,L,3,82,8.33333,19.3396,0.430894,-1.21459,-1,0.119703,True,0.892347,36,424,ZYG11B_ZER1_DKO
12,M,1,8,2.77778,1.88679,1.47222,0.557995,1,0.522967,True,1,36,424,ZYG11B_ZER1_DKO
12,N,1,14,2.77778,3.30189,0.84127,-0.249359,-1,1,True,1,36,424,ZYG11B_ZER1_DKO
12,P,4,21,11.1111,4.95283,2.24339,1.16568,1,0.12179,True,0.892347,36,424,ZYG11B_ZER1_DKO
12,Q,4,17,11.1111,4.00943,2.77124,1.47053,1,0.0722391,True,0.892347,36,424,ZYG11B_ZER1_DKO
12,R,0,22,0,5.18868,0,,-1,0.242735,True,0.944339,36,424,ZYG11B_ZER1_DKO
12,S,1,39,2.77778,9.19811,0.301994,-1.72741,-1,0.348912,True,1,36,424,ZYG11B_ZER1_DKO
12,T,2,17,5.55556,4.00943,1.38562,0.470533,1,0.65328,True,1,36,424,ZYG11B_ZER1_DKO
12,V,2,23,5.55556,5.42453,1.02415,0.0344335,1,1,True,1,36,424,ZYG11B_ZER1_DKO
12,W,1,10,2.77778,2.35849,1.17778,0.236067,1,0.596161,True,1,36,424,ZYG11B_ZER1_DKO
12,Y,1,15,2.77778,3.53774,0.785185,-0.348895,-1,1,True,1,36,424,ZYG11B_ZER1_DKO
13,A,5,32,13.8889,7.54717,1.84028,0.879924,1,0.194777,True,0.944339,36,424,ZYG11B_ZER1_DKO
13,C,1,9,2.77778,2.12264,1.30864,0.38807,1,0.561045,True,1,36,424,ZYG11B_ZER1_DKO
13,D,0,15,0,3.53774,0,,-1,0.619702,True,1,36,424,ZYG11B_ZER1_DKO
13,E,3,18,8.33333,4.24528,1.96296,0.973033,1,0.221084,True,0.944339,36,424,ZYG11B_ZER1_DKO
13,F,3,11,8.33333,2.59434,3.21212,1.68353,1,0.0880446,True,0.892347,36,424,ZYG11B_ZER1_DKO
13,G,0,33,0,7.78302,0,,-1,0.0960577,True,0.892347,36,424,ZYG11B_ZER1_DKO
13,H,1,14,2.77778,3.30189,0.84127,-0.249359,-1,1,True,1,36,424,ZYG11B_ZER1_DKO
13,I,4,12,11.1111,2.83019,3.92593,1.97303,1,0.0292016,True,0.741564,36,424,ZYG11B_ZER1_DKO
13,K,3,18,8.33333,4.24528,1.96296,0.973033,1,0.221084,True,0.944339,36,424,ZYG11B_ZER1_DKO
13,L,9,87,25,20.5189,1.21839,0.284977,1,0.523966,True,1,36,424,ZYG11B_ZER1_DKO
13,M,0,12,0,2.83019,0,,-1,0.611451,True,1,36,424,ZYG11B_ZER1_DKO
13,N,0,9,0,2.12264,0,,-1,1,True,1,36,424,ZYG11B_ZER1_DKO
13,P,2,24,5.55556,5.66038,0.981481,-0.026967,-1,1,True,1,36,424,ZYG11B_ZER1_DKO
13,Q,0,13,0,3.06604,0,,-1,0.611957,True,1,36,424,ZYG11B_ZER1_DKO
13,R,0,19,0,4.48113,0,,-1,0.384933,True,1,36,424,ZYG11B_ZER1_DKO
13,S,0,31,0,7.31132,0,,-1,0.15674,True,0.91168,36,424,ZYG11B_ZER1_DKO
13,T,2,22,5.55556,5.18868,1.07071,0.0985638,1,1,True,1,36,424,ZYG11B_ZER1_DKO
13,V,1,23,2.77778,5.42453,0.512077,-0.965567,-1,0.71056,True,1,36,424,ZYG11B_ZER1_DKO
13,W,2,12,5.55556,2.83019,1.96296,0.973033,1,0.30073,True,0.98844,36,424,ZYG11B_ZER1_DKO
13,Y,0,10,0,2.35849,0,,-1,1,True,1,36,424,ZYG11B_ZER1_DKO
14,A,3,36,8.33333,8.49057,0.981481,-0.026967,-1,1,True,1,36,424,ZYG11B_ZER1_DKO
14,C,0,10,0,2.35849,0,,-1,1,True,1,36,424,ZYG11B_ZER1_DKO
14,D,1,10,2.77778,2.35849,1.17778,0.236067,1,0.596161,True,1,36,424,ZYG11B_ZER1_DKO
14,E,3,11,8.33333,2.59434,3.21212,1.68353,1,0.0880446,True,0.892347,36,424,ZYG11B_ZER1_DKO
14,F,2,16,5.55556,3.77358,1.47222,0.557995,1,0.643281,True,1,36,424,ZYG11B_ZER1_DKO
14,G,1,38,2.77778,8.96226,0.309942,-1.68993,-1,0.345683,True,1,36,424,ZYG11B_ZER1_DKO
14,H,1,8,2.77778,1.88679,1.47222,0.557995,1,0.522967,True,1,36,424,ZYG11B_ZER1_DKO
14,I,0,14,0,3.30189,0,,-1,0.614829,True,1,36,424,ZYG11B_ZER1_DKO
14,K,6,12,16.6667,2.83019,5.88889,2.558,1,0.00140712,True,0.206378,36,424,ZYG11B_ZER1_DKO
14,L,6,67,16.6667,15.8019,1.05473,0.0768688,1,0.815259,True,1,36,424,ZYG11B_ZER1_DKO
14,M,0,12,0,2.83019,0,,-1,0.611451,True,1,36,424,ZYG11B_ZER1_DKO
14,N,0,11,0,2.59434,0,,-1,1,True,1,36,424,ZYG11B_ZER1_DKO
14,P,4,34,11.1111,8.01887,1.38562,0.470533,1,0.523972,True,1,36,424,ZYG11B_ZER1_DKO
14,Q,1,9,2.77778,2.12264,1.30864,0.38807,1,0.561045,True,1,36,424,ZYG11B_ZER1_DKO
14,R,0,23,0,5.42453,0,,-1,0.24165,True,0.944339,36,424,ZYG11B_ZER1_DKO
14,S,0,36,0,8.49057,0,,-1,0.0982585,True,0.892347,36,424,ZYG11B_ZER1_DKO
14,T,4,24,11.1111,5.66038,1.96296,0.973033,1,0.261496,True,0.966875,36,424,ZYG11B_ZER1_DKO
14,V,2,26,5.55556,6.13208,0.905983,-0.142444,-1,1,True,1,36,424,ZYG11B_ZER1_DKO
14,W,1,16,2.77778,3.77358,0.736111,-0.442005,-1,1,True,1,36,424,ZYG11B_ZER1_DKO
14,Y,1,11,2.77778,2.59434,1.07071,0.0985638,1,1,True,1,36,424,ZYG11B_ZER1_DKO
15,A,4,23,11.1111,5.42453,2.04831,1.03443,1,0.151,True,0.91168,36,424,ZYG11B_ZER1_DKO
15,C,0,11,0,2.59434,0,,-1,1,True,1,36,424,ZYG11B_ZER1_DKO
15,D,1,12,2.77778,2.83019,0.981481,-0.026967,-1,1,True,1,36,424,ZYG11B_ZER1_DKO
15,E,3,16,8.33333,3.77358,2.20833,1.14296,1,0.179131,True,0.91168,36,424,ZYG11B_ZER1_DKO
15,F,5,26,13.8889,6.13208,2.26496,1.17948,1,0.0836659,True,0.892347,36,424,ZYG11B_ZER1_DKO
15,G,2,34,5.55556,8.01887,0.69281,-0.529467,-1,1,True,1,36,424,ZYG11B_ZER1_DKO
15,H,0,13,0,3.06604,0,,-1,0.611957,True,1,36,424,ZYG11B_ZER1_DKO
15,I,1,16,2.77778,3.77358,0.736111,-0.442005,-1,1,True,1,36,424,ZYG11B_ZER1_DKO
15,K,2,13,5.55556,3.06604,1.81197,0.857556,1,0.330957,True,1,36,424,ZYG11B_ZER1_DKO
15,L,3,73,8.33333,17.217,0.484018,-1.04687,-1,0.241113,True,0.944339,36,424,ZYG11B_ZER1_DKO
15,M,2,8,5.55556,1.88679,2.94444,1.558,1,0.180264,True,0.91168,36,424,ZYG11B_ZER1_DKO
15,N,1,13,2.77778,3.06604,0.905983,-0.142444,-1,1,True,1,36,424,ZYG11B_ZER1_DKO
15,P,2,23,5.55556,5.42453,1.02415,0.0344335,1,1,True,1,36,424,ZYG11B_ZER1_DKO
15,Q,0,13,0,3.06604,0,,-1,0.611957,True,1,36,424,ZYG11B_ZER1_DKO
15,R,2,32,5.55556,7.54717,0.736111,-0.442005,-1,1,True,1,36,424,ZYG11B_ZER1_DKO
15,S,5,26,13.8889,6.13208,2.26496,1.17948,1,0.0836659,True,0.892347,36,424,ZYG11B_ZER1_DKO
15,T,0,22,0,5.18868,0,,-1,0.242735,True,0.944339,36,424,ZYG11B_ZER1_DKO
15,V,3,32,8.33333,7.54717,1.10417,0.142958,1,0.747309,True,1,36,424,ZYG11B_ZER1_DKO
15,W,0,10,0,2.35849,0,,-1,1,True,1,36,424,ZYG11B_ZER1_DKO
15,Y,0,8,0,1.88679,0,,-1,1,True,1,36,424,ZYG11B_ZER1_DKO
16,A,2,41,5.55556,9.66981,0.574526,-0.799557,-1,0.560256,True,1,36,424,ZYG11B_ZER1_DKO
16,C,0,16,0,3.77358,0,,-1,0.626254,True,1,36,424,ZYG11B_ZER1_DKO
16,D,4,9,11.1111,2.12264,5.23457,2.38807,1,0.0136213,True,0.599337,36,424,ZYG11B_ZER1_DKO
16,E,3,16,8.33333,3.77358,2.20833,1.14296,1,0.179131,True,0.91168,36,424,ZYG11B_ZER1_DKO
16,F,1,26,2.77778,6.13208,0.452991,-1.14244,-1,0.711649,True,1,36,424,ZYG11B_ZER1_DKO
16,G,2,30,5.55556,7.07547,0.785185,-0.348895,-1,1,True,1,36,424,ZYG11B_ZER1_DKO
16,H,0,6,0,1.41509,0,,-1,1,True,1,36,424,ZYG11B_ZER1_DKO
16,I,4,17,11.1111,4.00943,2.77124,1.47053,1,0.0722391,True,0.892347,36,424,ZYG11B_ZER1_DKO
16,K,1,12,2.77778,2.83019,0.981481,-0.026967,-1,1,True,1,36,424,ZYG11B_ZER1_DKO
16,L,2,75,5.55556,17.6887,0.314074,-1.67082,-1,0.0642283,True,0.892347,36,424,ZYG11B_ZER1_DKO
16,M,0,6,0,1.41509,0,,-1,1,True,1,36,424,ZYG11B_ZER1_DKO
16,N,0,11,0,2.59434,0,,-1,1,True,1,36,424,ZYG11B_ZER1_DKO
16,P,2,32,5.55556,7.54717,0.736111,-0.442005,-1,1,True,1,36,424,ZYG11B_ZER1_DKO
16,Q,3,13,8.33333,3.06604,2.71795,1.44252,1,0.121579,True,0.892347,36,424,ZYG11B_ZER1_DKO
16,R,4,20,11.1111,4.71698,2.35556,1.23607,1,0.108236,True,0.892347,36,424,ZYG11B_ZER1_DKO
16,S,4,27,11.1111,6.36792,1.74486,0.803108,1,0.289594,True,0.98844,36,424,ZYG11B_ZER1_DKO
16,T,1,23,2.77778,5.42453,0.512077,-0.965567,-1,0.71056,True,1,36,424,ZYG11B_ZER1_DKO
16,V,2,20,5.55556,4.71698,1.17778,0.236067,1,0.68692,True,1,36,424,ZYG11B_ZER1_DKO
16,W,1,13,2.77778,3.06604,0.905983,-0.142444,-1,1,True,1,36,424,ZYG11B_ZER1_DKO
16,Y,0,11,0,2.59434,0,,-1,1,True,1,36,424,ZYG11B_ZER1_DKO
17,A,6,44,16.6667,10.3774,1.60606,0.683526,1,0.260857,True,0.966875,36,424,ZYG11B_ZER1_DKO
17,C,1,12,2.77778,2.83019,0.981481,-0.026967,-1,1,True,1,36,424,ZYG11B_ZER1_DKO
17,D,4,19,11.1111,4.48113,2.47953,1.31007,1,0.0954368,True,0.892347,36,424,ZYG11B_ZER1_DKO
17,E,2,16,5.55556,3.77358,1.47222,0.557995,1,0.643281,True,1,36,424,ZYG11B_ZER1_DKO
17,F,2,13,5.55556,3.06604,1.81197,0.857556,1,0.330957,True,1,36,424,ZYG11B_ZER1_DKO
17,G,2,24,5.55556,5.66038,0.981481,-0.026967,-1,1,True,1,36,424,ZYG11B_ZER1_DKO
17,H,0,12,0,2.83019,0,,-1,0.611451,True,1,36,424,ZYG11B_ZER1_DKO
17,I,2,21,5.55556,4.95283,1.12169,0.165678,1,0.698844,True,1,36,424,ZYG11B_ZER1_DKO
17,K,1,15,2.77778,3.53774,0.785185,-0.348895,-1,1,True,1,36,424,ZYG11B_ZER1_DKO
17,L,4,74,11.1111,17.4528,0.636637,-0.651458,-1,0.486664,True,1,36,424,ZYG11B_ZER1_DKO
17,M,0,6,0,1.41509,0,,-1,1,True,1,36,424,ZYG11B_ZER1_DKO
17,N,2,6,5.55556,1.41509,3.92593,1.97303,1,0.123712,True,0.892347,36,424,ZYG11B_ZER1_DKO
17,P,2,18,5.55556,4.24528,1.30864,0.38807,1,0.663997,True,1,36,424,ZYG11B_ZER1_DKO
17,Q,1,9,2.77778,2.12264,1.30864,0.38807,1,0.561045,True,1,36,424,ZYG11B_ZER1_DKO
17,R,1,29,2.77778,6.83962,0.40613,-1.29999,-1,0.49718,True,1,36,424,ZYG11B_ZER1_DKO
17,S,2,36,5.55556,8.49057,0.654321,-0.61193,-1,0.756312,True,1,36,424,ZYG11B_ZER1_DKO
17,T,1,23,2.77778,5.42453,0.512077,-0.965567,-1,0.71056,True,1,36,424,ZYG11B_ZER1_DKO
17,V,2,27,5.55556,6.36792,0.872428,-0.196892,-1,1,True,1,36,424,ZYG11B_ZER1_DKO
17,W,0,10,0,2.35849,0,,-1,1,True,1,36,424,ZYG11B_ZER1_DKO
17,Y,1,10,2.77778,2.35849,1.17778,0.236067,1,0.596161,True,1,36,424,ZYG11B_ZER1_DKO
18,A,1,25,2.77778,5.89623,0.471111,-1.08586,-1,0.710314,True,1,36,424,ZYG11B_ZER1_DKO
18,C,2,10,5.55556,2.35849,2.35556,1.23607,1,0.239991,True,0.944339,36,424,ZYG11B_ZER1_DKO
18,D,2,12,5.55556,2.83019,1.96296,0.973033,1,0.30073,True,0.98844,36,424,ZYG11B_ZER1_DKO
18,E,5,20,13.8889,4.71698,2.94444,1.558,1,0.0370782,True,0.741564,36,424,ZYG11B_ZER1_DKO
18,F,0,16,0,3.77358,0,,-1,0.626254,True,1,36,424,ZYG11B_ZER1_DKO
18,G,1,33,2.77778,7.78302,0.356902,-1.4864,-1,0.502152,True,1,36,424,ZYG11B_ZER1_DKO
18,H,1,4,2.77778,0.943396,2.94444,1.558,1,0.335901,True,1,36,424,ZYG11B_ZER1_DKO
18,I,0,11,0,2.59434,0,,-1,1,True,1,36,424,ZYG11B_ZER1_DKO
18,K,1,17,2.77778,4.00943,0.69281,-0.529467,-1,1,True,1,36,424,ZYG11B_ZER1_DKO
18,L,6,70,16.6667,16.5094,1.00952,0.0136749,1,1,True,1,36,424,ZYG11B_ZER1_DKO
18,M,0,9,0,2.12264,0,,-1,1,True,1,36,424,ZYG11B_ZER1_DKO
18,N,0,7,0,1.65094,0,,-1,1,True,1,36,424,ZYG11B_ZER1_DKO
18,P,1,21,2.77778,4.95283,0.560847,-0.834322,-1,1,True,1,36,424,ZYG11B_ZER1_DKO
18,Q,1,14,2.77778,3.30189,0.84127,-0.249359,-1,1,True,1,36,424,ZYG11B_ZER1_DKO
18,R,2,31,5.55556,7.31132,0.759857,-0.396201,-1,1,True,1,36,424,ZYG11B_ZER1_DKO
18,S,6,42,16.6667,9.90566,1.68254,0.750641,1,0.248694,True,0.944339,36,424,ZYG11B_ZER1_DKO
18,T,1,29,2.77778,6.83962,0.40613,-1.29999,-1,0.49718,True,1,36,424,ZYG11B_ZER1_DKO
18,V,5,28,13.8889,6.60377,2.10317,1.07257,1,0.165392,True,0.91168,36,424,ZYG11B_ZER1_DKO
18,W,0,14,0,3.30189,0,,-1,0.614829,True,1,36,424,ZYG11B_ZER1_DKO
18,Y,1,11,2.77778,2.59434,1.07071,0.0985638,1,1,True,1,36,424,ZYG11B_ZER1_DKO
19,A,5,42,13.8889,9.90566,1.40212,0.487606,1,0.397191,True,1,36,424,ZYG11B_ZER1_DKO
19,C,1,17,2.77778,4.00943,0.69281,-0.529467,-1,1,True,1,36,424,ZYG11B_ZER1_DKO
19,D,3,17,8.33333,4.00943,2.07843,1.0555,1,0.19982,True,0.944339,36,424,ZYG11B_ZER1_DKO
19,E,1,20,2.77778,4.71698,0.588889,-0.763933,-1,1,True,1,36,424,ZYG11B_ZER1_DKO
19,F,1,21,2.77778,4.95283,0.560847,-0.834322,-1,1,True,1,36,424,ZYG11B_ZER1_DKO
19,G,0,32,0,7.54717,0,,-1,0.160518,True,0.91168,36,424,ZYG11B_ZER1_DKO
19,H,0,5,0,1.17925,0,,-1,1,True,1,36,424,ZYG11B_ZER1_DKO
19,I,2,12,5.55556,2.83019,1.96296,0.973033,1,0.30073,True,0.98844,36,424,ZYG11B_ZER1_DKO
19,K,3,12,8.33333,2.83019,2.94444,1.558,1,0.104258,True,0.892347,36,424,ZYG11B_ZER1_DKO
19,L,0,70,0,16.5094,0,,-1,0.00305776,True,0.21678,36,424,ZYG11B_ZER1_DKO
19,M,0,4,0,0.943396,0,,-1,1,True,1,36,424,ZYG11B_ZER1_DKO
19,N,4,9,11.1111,2.12264,5.23457,2.38807,1,0.0136213,True,0.599337,36,424,ZYG11B_ZER1_DKO
19,P,5,16,13.8889,3.77358,3.68056,1.87992,1,0.017931,True,0.717238,36,424,ZYG11B_ZER1_DKO
19,Q,2,14,5.55556,3.30189,1.68254,0.750641,1,0.360868,True,1,36,424,ZYG11B_ZER1_DKO
19,R,3,27,8.33333,6.36792,1.30864,0.38807,1,0.720552,True,1,36,424,ZYG11B_ZER1_DKO
19,S,1,26,2.77778,6.13208,0.452991,-1.14244,-1,0.711649,True,1,36,424,ZYG11B_ZER1_DKO
19,T,4,26,11.1111,6.13208,1.81197,0.857556,1,0.279128,True,0.982531,36,424,ZYG11B_ZER1_DKO
19,V,0,31,0,7.31132,0,,-1,0.15674,True,0.91168,36,424,ZYG11B_ZER1_DKO
19,W,0,11,0,2.59434,0,,-1,1,True,1,36,424,ZYG11B_ZER1_DKO
19,Y,1,12,2.77778,2.83019,0.981481,-0.026967,-1,1,True,1,36,424,ZYG11B_ZER1_DKO
20,A,4,39,11.1111,9.19811,1.20798,0.272593,1,0.763215,True,1,36,424,ZYG11B_ZER1_DKO
20,C,0,26,0,6.13208,0,,-1,0.248962,True,0.944339,36,424,ZYG11B_ZER1_DKO
20,D,3,11,8.33333,2.59434,3.21212,1.68353,1,0.0880446,True,0.892347,36,424,ZYG11B_ZER1_DKO
20,E,1,20,2.77778,4.71698,0.588889,-0.763933,-1,1,True,1,36,424,ZYG11B_ZER1_DKO
20,F,1,16,2.77778,3.77358,0.736111,-0.442005,-1,1,True,1,36,424,ZYG11B_ZER1_DKO
20,G,3,26,8.33333,6.13208,1.35897,0.442518,1,0.48743,True,1,36,424,ZYG11B_ZER1_DKO
20,H,2,10,5.55556,2.35849,2.35556,1.23607,1,0.239991,True,0.944339,36,424,ZYG11B_ZER1_DKO
20,I,3,22,8.33333,5.18868,1.60606,0.683526,1,0.432972,True,1,36,424,ZYG11B_ZER1_DKO
20,K,2,14,5.55556,3.30189,1.68254,0.750641,1,0.360868,True,1,36,424,ZYG11B_ZER1_DKO
20,L,4,66,11.1111,15.566,0.713805,-0.486399,-1,0.630869,True,1,36,424,ZYG11B_ZER1_DKO
20,M,1,10,2.77778,2.35849,1.17778,0.236067,1,0.596161,True,1,36,424,ZYG11B_ZER1_DKO
20,N,0,9,0,2.12264,0,,-1,1,True,1,36,424,ZYG11B_ZER1_DKO
20,P,3,28,8.33333,6.60377,1.2619,0.335603,1,0.724899,True,1,36,424,ZYG11B_ZER1_DKO
20,Q,1,14,2.77778,3.30189,0.84127,-0.249359,-1,1,True,1,36,424,ZYG11B_ZER1_DKO
20,R,0,24,0,5.66038,0,,-1,0.242404,True,0.944339,36,424,ZYG11B_ZER1_DKO
20,S,0,31,0,7.31132,0,,-1,0.15674,True,0.91168,36,424,ZYG11B_ZER1_DKO
20,T,2,15,5.55556,3.53774,1.57037,0.651105,1,0.634198,True,1,36,424,ZYG11B_ZER1_DKO
20,V,4,28,11.1111,6.60377,1.68254,0.750641,1,0.301025,True,0.98844,36,424,ZYG11B_ZER1_DKO
20,W,2,8,5.55556,1.88679,2.94444,1.558,1,0.180264,True,0.91168,36,424,ZYG11B_ZER1_DKO
20,Y,0,7,0,1.65094,0,,-1,1,True,1,36,424,ZYG11B_ZER1_DKO
21,A,2,40,5.55556,9.43396,0.588889,-0.763933,-1,0.760855,True,1,36,424,ZYG11B_ZER1_DKO
21,C,0,13,0,3.06604,0,,-1,0.611957,True,1,36,424,ZYG11B_ZER1_DKO
21,D,0,14,0,3.30189,0,,-1,0.614829,True,1,36,424,ZYG11B_ZER1_DKO
21,E,8,19,22.2222,4.48113,4.95906,2.31007,1,0.000483839,True,0.113905,36,424,ZYG11B_ZER1_DKO
21,F,0,22,0,5.18868,0,,-1,0.242735,True,0.944339,36,424,ZYG11B_ZER1_DKO
21,G,2,38,5.55556,8.96226,0.619883,-0.689932,-1,0.757539,True,1,36,424,ZYG11B_ZER1_DKO
21,H,2,11,5.55556,2.59434,2.14141,1.09856,1,0.270347,True,0.967094,36,424,ZYG11B_ZER1_DKO
21,I,1,12,2.77778,2.83019,0.981481,-0.026967,-1,1,True,1,36,424,ZYG11B_ZER1_DKO
21,K,0,9,0,2.12264,0,,-1,1,True,1,36,424,ZYG11B_ZER1_DKO
21,L,4,68,11.1111,16.0377,0.69281,-0.529467,-1,0.632121,True,1,36,424,ZYG11B_ZER1_DKO
21,M,0,10,0,2.35849,0,,-1,1,True,1,36,424,ZYG11B_ZER1_DKO
21,N,2,8,5.55556,1.88679,2.94444,1.558,1,0.180264,True,0.91168,36,424,ZYG11B_ZER1_DKO
21,P,3,28,8.33333,6.60377,1.2619,0.335603,1,0.724899,True,1,36,424,ZYG11B_ZER1_DKO
21,Q,1,22,2.77778,5.18868,0.535354,-0.901436,-1,1,True,1,36,424,ZYG11B_ZER1_DKO
21,R,1,24,2.77778,5.66038,0.490741,-1.02697,-1,0.709925,True,1,36,424,ZYG11B_ZER1_DKO
21,S,4,28,11.1111,6.60377,1.68254,0.750641,1,0.301025,True,0.98844,36,424,ZYG11B_ZER1_DKO
21,T,4,13,11.1111,3.06604,3.62393,1.85756,1,0.0360675,True,0.741564,36,424,ZYG11B_ZER1_DKO
21,V,1,24,2.77778,5.66038,0.490741,-1.02697,-1,0.709925,True,1,36,424,ZYG11B_ZER1_DKO
21,W,1,7,2.77778,1.65094,1.68254,0.750641,1,0.481685,True,1,36,424,ZYG11B_ZER1_DKO
21,Y,0,14,0,3.30189,0,,-1,0.614829,True,1,36,424,ZYG11B_ZER1_DKO
22,A,1,29,2.77778,6.83962,0.40613,-1.29999,-1,0.49718,True,1,36,424,ZYG11B_ZER1_DKO
22,C,1,16,2.77778,3.77358,0.736111,-0.442005,-1,1,True,1,36,424,ZYG11B_ZER1_DKO
22,D,3,12,8.33333,2.83019,2.94444,1.558,1,0.104258,True,0.892347,36,424,ZYG11B_ZER1_DKO
22,E,3,30,8.33333,7.07547,1.17778,0.236067,1,0.735232,True,1,36,424,ZYG11B_ZER1_DKO
22,F,5,18,13.8889,4.24528,3.2716,1.71,1,0.0263856,True,0.741564,36,424,ZYG11B_ZER1_DKO
22,G,1,30,2.77778,7.07547,0.392593,-1.3489,-1,0.496574,True,1,36,424,ZYG11B_ZER1_DKO
22,H,0,6,0,1.41509,0,,-1,1,True,1,36,424,ZYG11B_ZER1_DKO
22,I,1,17,2.77778,4.00943,0.69281,-0.529467,-1,1,True,1,36,424,ZYG11B_ZER1_DKO
22,K,0,9,0,2.12264,0,,-1,1,True,1,36,424,ZYG11B_ZER1_DKO
22,L,3,62,8.33333,14.6226,0.569892,-0.811238,-1,0.453249,True,1,36,424,ZYG11B_ZER1_DKO
22,M,1,10,2.77778,2.35849,1.17778,0.236067,1,0.596161,True,1,36,424,ZYG11B_ZER1_DKO
22,N,1,9,2.77778,2.12264,1.30864,0.38807,1,0.561045,True,1,36,424,ZYG11B_ZER1_DKO
22,P,2,38,5.55556,8.96226,0.619883,-0.689932,-1,0.757539,True,1,36,424,ZYG11B_ZER1_DKO
22,Q,1,16,2.77778,3.77358,0.736111,-0.442005,-1,1,True,1,36,424,ZYG11B_ZER1_DKO
22,R,2,23,5.55556,5.42453,1.02415,0.0344335,1,1,True,1,36,424,ZYG11B_ZER1_DKO
22,S,7,35,19.4444,8.25472,2.35556,1.23607,1,0.0351994,True,0.741564,36,424,ZYG11B_ZER1_DKO
22,T,0,24,0,5.66038,0,,-1,0.242404,True,0.944339,36,424,ZYG11B_ZER1_DKO
22,V,3,16,8.33333,3.77358,2.20833,1.14296,1,0.179131,True,0.91168,36,424,ZYG11B_ZER1_DKO
22,W,1,10,2.77778,2.35849,1.17778,0.236067,1,0.596161,True,1,36,424,ZYG11B_ZER1_DKO
22,Y,0,14,0,3.30189,0,,-1,0.614829,True,1,36,424,ZYG11B_ZER1_DKO
23,A,4,38,11.1111,8.96226,1.23977,0.310068,1,0.557758,True,1,36,424,ZYG11B_ZER1_DKO
23,C,3,6,8.33333,1.41509,5.88889,2.558,1,0.0266947,True,0.741564,36,424,ZYG11B_ZER1_DKO
23,D,2,10,5.55556,2.35849,2.35556,1.23607,1,0.239991,True,0.944339,36,424,ZYG11B_ZER1_DKO
23,E,4,14,11.1111,3.30189,3.36508,1.75064,1,0.0438024,True,0.803044,36,424,ZYG11B_ZER1_DKO
23,F,1,21,2.77778,4.95283,0.560847,-0.834322,-1,1,True,1,36,424,ZYG11B_ZER1_DKO
23,G,2,42,5.55556,9.90566,0.560847,-0.834322,-1,0.559876,True,1,36,424,ZYG11B_ZER1_DKO
23,H,0,12,0,2.83019,0,,-1,0.611451,True,1,36,424,ZYG11B_ZER1_DKO
23,I,1,9,2.77778,2.12264,1.30864,0.38807,1,0.561045,True,1,36,424,ZYG11B_ZER1_DKO
23,K,3,16,8.33333,3.77358,2.20833,1.14296,1,0.179131,True,0.91168,36,424,ZYG11B_ZER1_DKO
23,L,3,72,8.33333,16.9811,0.490741,-1.02697,-1,0.240608,True,0.944339,36,424,ZYG11B_ZER1_DKO
23,M,0,7,0,1.65094,0,,-1,1,True,1,36,424,ZYG11B_ZER1_DKO
23,N,1,6,2.77778,1.41509,1.96296,0.973033,1,0.436938,True,1,36,424,ZYG11B_ZER1_DKO
23,P,1,35,2.77778,8.25472,0.336508,-1.57129,-1,0.342788,True,1,36,424,ZYG11B_ZER1_DKO
23,Q,4,16,11.1111,3.77358,2.94444,1.558,1,0.0618947,True,0.892347,36,424,ZYG11B_ZER1_DKO
23,R,1,30,2.77778,7.07547,0.392593,-1.3489,-1,0.496574,True,1,36,424,ZYG11B_ZER1_DKO
23,S,6,37,16.6667,8.72642,1.90991,0.933505,1,0.131372,True,0.91168,36,424,ZYG11B_ZER1_DKO
23,T,0,21,0,4.95283,0,,-1,0.394622,True,1,36,424,ZYG11B_ZER1_DKO
23,V,0,16,0,3.77358,0,,-1,0.626254,True,1,36,424,ZYG11B_ZER1_DKO
23,W,0,6,0,1.41509,0,,-1,1,True,1,36,424,ZYG11B_ZER1_DKO
23,Y,0,10,0,2.35849,0,,-1,1,True,1,36,424,ZYG11B_ZER1_DKO
24,A,2,34,5.55556,8.01887,0.69281,-0.529467,-1,1,True,1,36,424,ZYG11B_ZER1_DKO
24,C,0,10,0,2.35849,0,,-1,1,True,1,36,424,ZYG11B_ZER1_DKO
24,D,1,18,2.77778,4.24528,0.654321,-0.61193,-1,1,True,1,36,424,ZYG11B_ZER1_DKO
24,E,0,24,0,5.66038,0,,-1,0.242404,True,0.944339,36,424,ZYG11B_ZER1_DKO
24,F,1,16,2.77778,3.77358,0.736111,-0.442005,-1,1,True,1,36,424,ZYG11B_ZER1_DKO
24,G,3,30,8.33333,7.07547,1.17778,0.236067,1,0.735232,True,1,36,424,ZYG11B_ZER1_DKO
24,H,1,10,2.77778,2.35849,1.17778,0.236067,1,0.596161,True,1,36,424,ZYG11B_ZER1_DKO
24,I,2,14,5.55556,3.30189,1.68254,0.750641,1,0.360868,True,1,36,424,ZYG11B_ZER1_DKO
24,K,3,20,8.33333,4.71698,1.76667,0.82103,1,0.41114,True,1,36,424,ZYG11B_ZER1_DKO
24,L,5,61,13.8889,14.3868,0.965392,-0.0508138,-1,1,True,1,36,424,ZYG11B_ZER1_DKO
24,M,1,11,2.77778,2.59434,1.07071,0.0985638,1,1,True,1,36,424,ZYG11B_ZER1_DKO
24,N,2,8,5.55556,1.88679,2.94444,1.558,1,0.180264,True,0.91168,36,424,ZYG11B_ZER1_DKO
24,P,3,39,8.33333,9.19811,0.905983,-0.142444,-1,1,True,1,36,424,ZYG11B_ZER1_DKO
24,Q,3,14,8.33333,3.30189,2.52381,1.3356,1,0.139903,True,0.91168,36,424,ZYG11B_ZER1_DKO
24,R,2,19,5.55556,4.48113,1.23977,0.310068,1,0.675261,True,1,36,424,ZYG11B_ZER1_DKO
24,S,2,18,5.55556,4.24528,1.30864,0.38807,1,0.663997,True,1,36,424,ZYG11B_ZER1_DKO
24,T,0,23,0,5.42453,0,,-1,0.24165,True,0.944339,36,424,ZYG11B_ZER1_DKO
24,V,4,36,11.1111,8.49057,1.30864,0.38807,1,0.539662,True,1,36,424,ZYG11B_ZER1_DKO
24,W,0,3,0,0.707547,0,,-1,1,True,1,36,424,ZYG11B_ZER1_DKO
24,Y,1,16,2.77778,3.77358,0.736111,-0.442005,-1,1,True,1,36,424,ZYG11B_ZER1_DKO
3,A,1,58,3.84615,13.6792,0.281167,-1.8305,-1,0.229461,True,1,26,424,ZYG11B_DKO_only
3,C,1,7,3.84615,1.65094,2.32967,1.22013,1,0.3812,True,1,26,424,ZYG11B_DKO_only
3,D,0,9,0,2.12264,0,,-1,1,True,1,26,424,ZYG11B_DKO_only
3,E,1,28,3.84615,6.60377,0.582418,-0.779874,-1,1,True,1,26,424,ZYG11B_DKO_only
3,F,1,12,3.84615,2.83019,1.35897,0.442518,1,0.543661,True,1,26,424,ZYG11B_DKO_only
3,G,7,38,26.9231,8.96226,3.00405,1.58691,1,0.00950987,True,0.651494,26,424,ZYG11B_DKO_only
3,H,1,5,3.84615,1.17925,3.26154,1.70555,1,0.301728,True,1,26,424,ZYG11B_DKO_only
3,I,0,9,0,2.12264,0,,-1,1,True,1,26,424,ZYG11B_DKO_only
3,K,0,14,0,3.30189,0,,-1,1,True,1,26,424,ZYG11B_DKO_only
3,L,1,51,3.84615,12.0283,0.319759,-1.64494,-1,0.34102,True,1,26,424,ZYG11B_DKO_only
3,M,0,11,0,2.59434,0,,-1,1,True,1,26,424,ZYG11B_DKO_only
3,N,1,7,3.84615,1.65094,2.32967,1.22013,1,0.3812,True,1,26,424,ZYG11B_DKO_only
3,P,4,48,15.3846,11.3208,1.35897,0.442518,1,0.524803,True,1,26,424,ZYG11B_DKO_only
3,Q,0,15,0,3.53774,0,,-1,1,True,1,26,424,ZYG11B_DKO_only
3,R,0,36,0,8.49057,0,,-1,0.251601,True,1,26,424,ZYG11B_DKO_only
3,S,2,30,7.69231,7.07547,1.08718,0.12059,1,0.706376,True,1,26,424,ZYG11B_DKO_only
3,T,0,17,0,4.00943,0,,-1,0.613534,True,1,26,424,ZYG11B_DKO_only
3,V,3,21,11.5385,4.95283,2.32967,1.22013,1,0.15417,True,1,26,424,ZYG11B_DKO_only
3,W,0,3,0,0.707547,0,,-1,1,True,1,26,424,ZYG11B_DKO_only
3,Y,3,5,11.5385,1.17925,9.78462,3.29052,1,0.00793018,True,0.651494,26,424,ZYG11B_DKO_only
4,A,2,36,7.69231,8.49057,0.905983,-0.142444,-1,1,True,1,26,424,ZYG11B_DKO_only
4,C,1,9,3.84615,2.12264,1.81197,0.857556,1,0.451936,True,1,26,424,ZYG11B_DKO_only
4,D,3,14,11.5385,3.30189,3.49451,1.80509,1,0.0678144,True,1,26,424,ZYG11B_DKO_only
4,E,3,26,11.5385,6.13208,1.88166,0.912004,1,0.230093,True,1,26,424,ZYG11B_DKO_only
4,F,1,25,3.84615,5.89623,0.652308,-0.616375,-1,1,True,1,26,424,ZYG11B_DKO_only
4,G,5,25,19.2308,5.89623,3.26154,1.70555,1,0.0226888,True,0.831922,26,424,ZYG11B_DKO_only
4,H,0,8,0,1.88679,0,,-1,1,True,1,26,424,ZYG11B_DKO_only
4,I,0,14,0,3.30189,0,,-1,1,True,1,26,424,ZYG11B_DKO_only
4,K,2,9,7.69231,2.12264,3.62393,1.85756,1,0.12808,True,1,26,424,ZYG11B_DKO_only
4,L,2,65,7.69231,15.3302,0.501775,-0.994887,-1,0.400498,True,1,26,424,ZYG11B_DKO_only
4,M,1,4,3.84615,0.943396,4.07692,2.02748,1,0.258398,True,1,26,424,ZYG11B_DKO_only
4,N,0,8,0,1.88679,0,,-1,1,True,1,26,424,ZYG11B_DKO_only
4,P,1,35,3.84615,8.25472,0.465934,-1.1018,-1,0.710717,True,1,26,424,ZYG11B_DKO_only
4,Q,1,15,3.84615,3.53774,1.08718,0.12059,1,1,True,1,26,424,ZYG11B_DKO_only
4,R,0,22,0,5.18868,0,,-1,0.629039,True,1,26,424,ZYG11B_DKO_only
4,S,3,31,11.5385,7.31132,1.57816,0.658247,1,0.434117,True,1,26,424,ZYG11B_DKO_only
4,T,0,28,0,6.60377,0,,-1,0.393295,True,1,26,424,ZYG11B_DKO_only
4,V,1,28,3.84615,6.60377,0.582418,-0.779874,-1,1,True,1,26,424,ZYG11B_DKO_only
4,W,0,10,0,2.35849,0,,-1,1,True,1,26,424,ZYG11B_DKO_only
4,Y,0,12,0,2.83019,0,,-1,1,True,1,26,424,ZYG11B_DKO_only
5,A,1,31,3.84615,7.31132,0.526055,-0.926716,-1,1,True,1,26,424,ZYG11B_DKO_only
5,C,0,13,0,3.06604,0,,-1,1,True,1,26,424,ZYG11B_DKO_only
5,D,2,12,7.69231,2.83019,2.71795,1.44252,1,0.190704,True,1,26,424,ZYG11B_DKO_only
5,E,0,14,0,3.30189,0,,-1,1,True,1,26,424,ZYG11B_DKO_only
5,F,2,17,7.69231,4.00943,1.91855,0.940018,1,0.301422,True,1,26,424,ZYG11B_DKO_only
5,G,3,29,11.5385,6.83962,1.687,0.754462,1,0.417596,True,1,26,424,ZYG11B_DKO_only
5,H,0,13,0,3.06604,0,,-1,1,True,1,26,424,ZYG11B_DKO_only
5,I,0,20,0,4.71698,0,,-1,0.619789,True,1,26,424,ZYG11B_DKO_only
5,K,2,14,7.69231,3.30189,2.32967,1.22013,1,0.234562,True,1,26,424,ZYG11B_DKO_only
5,L,3,67,11.5385,15.8019,0.730195,-0.453646,-1,0.78147,True,1,26,424,ZYG11B_DKO_only
5,M,1,11,3.84615,2.59434,1.48252,0.568049,1,0.514863,True,1,26,424,ZYG11B_DKO_only
5,N,0,6,0,1.41509,0,,-1,1,True,1,26,424,ZYG11B_DKO_only
5,P,6,34,23.0769,8.01887,2.87783,1.52498,1,0.0202973,True,0.831922,26,424,ZYG11B_DKO_only
5,Q,0,11,0,2.59434,0,,-1,1,True,1,26,424,ZYG11B_DKO_only
5,R,1,27,3.84615,6.36792,0.603989,-0.727407,-1,1,True,1,26,424,ZYG11B_DKO_only
5,S,1,41,3.84615,9.66981,0.397749,-1.33007,-1,0.495196,True,1,26,424,ZYG11B_DKO_only
5,T,0,16,0,3.77358,0,,-1,0.614034,True,1,26,424,ZYG11B_DKO_only
5,V,1,29,3.84615,6.83962,0.562334,-0.8305,-1,1,True,1,26,424,ZYG11B_DKO_only
5,W,1,11,3.84615,2.59434,1.48252,0.568049,1,0.514863,True,1,26,424,ZYG11B_DKO_only
5,Y,2,8,7.69231,1.88679,4.07692,2.02748,1,0.108571,True,1,26,424,ZYG11B_DKO_only
6,A,0,31,0,7.31132,0,,-1,0.242076,True,1,26,424,ZYG11B_DKO_only
6,C,1,13,3.84615,3.06604,1.25444,0.327041,1,0.570812,True,1,26,424,ZYG11B_DKO_only
6,D,1,11,3.84615,2.59434,1.48252,0.568049,1,0.514863,True,1,26,424,ZYG11B_DKO_only
6,E,1,17,3.84615,4.00943,0.959276,-0.0599821,-1,1,True,1,26,424,ZYG11B_DKO_only
6,F,1,16,3.84615,3.77358,1.01923,0.0274807,1,1,True,1,26,424,ZYG11B_DKO_only
6,G,3,32,11.5385,7.54717,1.52885,0.612443,1,0.443234,True,1,26,424,ZYG11B_DKO_only
6,H,0,8,0,1.88679,0,,-1,1,True,1,26,424,ZYG11B_DKO_only
6,I,1,19,3.84615,4.48113,0.8583,-0.220447,-1,1,True,1,26,424,ZYG11B_DKO_only
6,K,2,11,7.69231,2.59434,2.96503,1.56805,1,0.169286,True,1,26,424,ZYG11B_DKO_only
6,L,2,70,7.69231,16.5094,0.465934,-1.1018,-1,0.404797,True,1,26,424,ZYG11B_DKO_only
6,M,0,6,0,1.41509,0,,-1,1,True,1,26,424,ZYG11B_DKO_only
6,N,1,6,3.84615,1.41509,2.71795,1.44252,1,0.342618,True,1,26,424,ZYG11B_DKO_only
6,P,2,22,7.69231,5.18868,1.48252,0.568049,1,0.641263,True,1,26,424,ZYG11B_DKO_only
6,Q,0,15,0,3.53774,0,,-1,1,True,1,26,424,ZYG11B_DKO_only
6,R,3,33,11.5385,7.78302,1.48252,0.568049,1,0.452841,True,1,26,424,ZYG11B_DKO_only
6,S,4,33,15.3846,7.78302,1.97669,0.983087,1,0.25605,True,1,26,424,ZYG11B_DKO_only
6,T,0,28,0,6.60377,0,,-1,0.393295,True,1,26,424,ZYG11B_DKO_only
6,V,4,30,15.3846,7.07547,2.17436,1.12059,1,0.123155,True,1,26,424,ZYG11B_DKO_only
6,W,0,11,0,2.59434,0,,-1,1,True,1,26,424,ZYG11B_DKO_only
6,Y,0,12,0,2.83019,0,,-1,1,True,1,26,424,ZYG11B_DKO_only
7,A,1,35,3.84615,8.25472,0.465934,-1.1018,-1,0.710717,True,1,26,424,ZYG11B_DKO_only
7,C,3,13,11.5385,3.06604,3.76331,1.912,1,0.0580535,True,1,26,424,ZYG11B_DKO_only
7,D,1,17,3.84615,4.00943,0.959276,-0.0599821,-1,1,True,1,26,424,ZYG11B_DKO_only
7,E,3,8,11.5385,1.88679,6.11538,2.61244,1,0.0207789,True,0.831922,26,424,ZYG11B_DKO_only
7,F,0,21,0,4.95283,0,,-1,0.623989,True,1,26,424,ZYG11B_DKO_only
7,G,2,20,7.69231,4.71698,1.63077,0.705553,1,0.367681,True,1,26,424,ZYG11B_DKO_only
7,H,0,11,0,2.59434,0,,-1,1,True,1,26,424,ZYG11B_DKO_only
7,I,0,13,0,3.06604,0,,-1,1,True,1,26,424,ZYG11B_DKO_only
7,K,1,19,3.84615,4.48113,0.8583,-0.220447,-1,1,True,1,26,424,ZYG11B_DKO_only
7,L,3,74,11.5385,17.4528,0.661123,-0.59701,-1,0.595068,True,1,26,424,ZYG11B_DKO_only
7,M,0,11,0,2.59434,0,,-1,1,True,1,26,424,ZYG11B_DKO_only
7,N,1,8,3.84615,1.88679,2.03846,1.02748,1,0.4176,True,1,26,424,ZYG11B_DKO_only
7,P,3,30,11.5385,7.07547,1.63077,0.705553,1,0.42555,True,1,26,424,ZYG11B_DKO_only
7,Q,2,8,7.69231,1.88679,4.07692,2.02748,1,0.108571,True,1,26,424,ZYG11B_DKO_only
7,R,1,33,3.84615,7.78302,0.494172,-1.01691,-1,0.709849,True,1,26,424,ZYG11B_DKO_only
7,S,3,24,11.5385,5.66038,2.03846,1.02748,1,0.19871,True,1,26,424,ZYG11B_DKO_only
7,T,1,28,3.84615,6.60377,0.582418,-0.779874,-1,1,True,1,26,424,ZYG11B_DKO_only
7,V,1,27,3.84615,6.36792,0.603989,-0.727407,-1,1,True,1,26,424,ZYG11B_DKO_only
7,W,0,11,0,2.59434,0,,-1,1,True,1,26,424,ZYG11B_DKO_only
7,Y,0,13,0,3.06604,0,,-1,1,True,1,26,424,ZYG11B_DKO_only
8,A,0,41,0,9.66981,0,,-1,0.153599,True,1,26,424,ZYG11B_DKO_only
8,C,0,15,0,3.53774,0,,-1,1,True,1,26,424,ZYG11B_DKO_only
8,D,3,11,11.5385,2.59434,4.44755,2.15301,1,0.0407823,True,1,26,424,ZYG11B_DKO_only
8,E,1,17,3.84615,4.00943,0.959276,-0.0599821,-1,1,True,1,26,424,ZYG11B_DKO_only
8,F,1,23,3.84615,5.42453,0.70903,-0.496081,-1,1,True,1,26,424,ZYG11B_DKO_only
8,G,0,23,0,5.42453,0,,-1,0.385646,True,1,26,424,ZYG11B_DKO_only
8,H,1,2,3.84615,0.471698,8.15385,3.02748,1,0.163855,True,1,26,424,ZYG11B_DKO_only
8,I,0,14,0,3.30189,0,,-1,1,True,1,26,424,ZYG11B_DKO_only
8,K,1,11,3.84615,2.59434,1.48252,0.568049,1,0.514863,True,1,26,424,ZYG11B_DKO_only
8,L,4,69,15.3846,16.2736,0.945373,-0.0810437,-1,1,True,1,26,424,ZYG11B_DKO_only
8,M,2,13,7.69231,3.06604,2.50888,1.32704,1,0.212499,True,1,26,424,ZYG11B_DKO_only
8,N,3,5,11.5385,1.17925,9.78462,3.29052,1,0.00793018,True,0.651494,26,424,ZYG11B_DKO_only
8,P,4,35,15.3846,8.25472,1.86374,0.898198,1,0.267144,True,1,26,424,ZYG11B_DKO_only
8,Q,0,13,0,3.06604,0,,-1,1,True,1,26,424,ZYG11B_DKO_only
8,R,0,39,0,9.19811,0,,-1,0.151724,True,1,26,424,ZYG11B_DKO_only
8,S,3,32,11.5385,7.54717,1.52885,0.612443,1,0.443234,True,1,26,424,ZYG11B_DKO_only
8,T,2,23,7.69231,5.42453,1.41806,0.503919,1,0.648246,True,1,26,424,ZYG11B_DKO_only
8,V,0,17,0,4.00943,0,,-1,0.613534,True,1,26,424,ZYG11B_DKO_only
8,W,1,11,3.84615,2.59434,1.48252,0.568049,1,0.514863,True,1,26,424,ZYG11B_DKO_only
8,Y,0,10,0,2.35849,0,,-1,1,True,1,26,424,ZYG11B_DKO_only
9,A,1,35,3.84615,8.25472,0.465934,-1.1018,-1,0.710717,True,1,26,424,ZYG11B_DKO_only
9,C,0,14,0,3.30189,0,,-1,1,True,1,26,424,ZYG11B_DKO_only
9,D,0,16,0,3.77358,0,,-1,0.614034,True,1,26,424,ZYG11B_DKO_only
9,E,3,14,11.5385,3.30189,3.49451,1.80509,1,0.0678144,True,1,26,424,ZYG11B_DKO_only
9,F,0,24,0,5.66038,0,,-1,0.384704,True,1,26,424,ZYG11B_DKO_only
9,G,4,28,15.3846,6.60377,2.32967,1.22013,1,0.10344,True,1,26,424,ZYG11B_DKO_only
9,H,1,10,3.84615,2.35849,1.63077,0.705553,1,0.484322,True,1,26,424,ZYG11B_DKO_only
9,I,1,14,3.84615,3.30189,1.16484,0.220126,1,0.596406,True,1,26,424,ZYG11B_DKO_only
9,K,0,18,0,4.24528,0,,-1,0.614426,True,1,26,424,ZYG11B_DKO_only
9,L,3,83,11.5385,19.5755,0.589435,-0.762596,-1,0.44233,True,1,26,424,ZYG11B_DKO_only
9,M,2,6,7.69231,1.41509,5.4359,2.44252,1,0.0725416,True,1,26,424,ZYG11B_DKO_only
9,N,0,12,0,2.83019,0,,-1,1,True,1,26,424,ZYG11B_DKO_only
9,P,1,24,3.84615,5.66038,0.679487,-0.557482,-1,1,True,1,26,424,ZYG11B_DKO_only
9,Q,0,16,0,3.77358,0,,-1,0.614034,True,1,26,424,ZYG11B_DKO_only
9,R,3,26,11.5385,6.13208,1.88166,0.912004,1,0.230093,True,1,26,424,ZYG11B_DKO_only
9,S,2,35,7.69231,8.25472,0.931868,-0.101802,-1,1,True,1,26,424,ZYG11B_DKO_only
9,T,2,13,7.69231,3.06604,2.50888,1.32704,1,0.212499,True,1,26,424,ZYG11B_DKO_only
9,V,2,22,7.69231,5.18868,1.48252,0.568049,1,0.641263,True,1,26,424,ZYG11B_DKO_only
9,W,0,10,0,2.35849,0,,-1,1,True,1,26,424,ZYG11B_DKO_only
9,Y,1,4,3.84615,0.943396,4.07692,2.02748,1,0.258398,True,1,26,424,ZYG11B_DKO_only
10,A,1,32,3.84615,7.54717,0.509615,-0.972519,-1,0.71024,True,1,26,424,ZYG11B_DKO_only
10,C,1,16,3.84615,3.77358,1.01923,0.0274807,1,1,True,1,26,424,ZYG11B_DKO_only
10,D,2,12,7.69231,2.83019,2.71795,1.44252,1,0.190704,True,1,26,424,ZYG11B_DKO_only
10,E,2,15,7.69231,3.53774,2.17436,1.12059,1,0.256795,True,1,26,424,ZYG11B_DKO_only
10,F,2,13,7.69231,3.06604,2.50888,1.32704,1,0.212499,True,1,26,424,ZYG11B_DKO_only
10,G,0,20,0,4.71698,0,,-1,0.619789,True,1,26,424,ZYG11B_DKO_only
10,H,0,12,0,2.83019,0,,-1,1,True,1,26,424,ZYG11B_DKO_only
10,I,2,25,7.69231,5.89623,1.30462,0.383625,1,0.663534,True,1,26,424,ZYG11B_DKO_only
10,K,2,13,7.69231,3.06604,2.50888,1.32704,1,0.212499,True,1,26,424,ZYG11B_DKO_only
10,L,2,83,7.69231,19.5755,0.392956,-1.34756,-1,0.19492,True,1,26,424,ZYG11B_DKO_only
10,M,2,10,7.69231,2.35849,3.26154,1.70555,1,0.148368,True,1,26,424,ZYG11B_DKO_only
10,N,0,5,0,1.17925,0,,-1,1,True,1,26,424,ZYG11B_DKO_only
10,P,2,26,7.69231,6.13208,1.25444,0.327041,1,0.671695,True,1,26,424,ZYG11B_DKO_only
10,Q,2,11,7.69231,2.59434,2.96503,1.56805,1,0.169286,True,1,26,424,ZYG11B_DKO_only
10,R,0,29,0,6.83962,0,,-1,0.398097,True,1,26,424,ZYG11B_DKO_only
10,S,0,25,0,5.89623,0,,-1,0.385088,True,1,26,424,ZYG11B_DKO_only
10,T,3,19,11.5385,4.48113,2.5749,1.36452,1,0.126648,True,1,26,424,ZYG11B_DKO_only
10,V,3,34,11.5385,8.01887,1.43891,0.52498,1,0.462881,True,1,26,424,ZYG11B_DKO_only
10,W,0,17,0,4.00943,0,,-1,0.613534,True,1,26,424,ZYG11B_DKO_only
10,Y,0,7,0,1.65094,0,,-1,1,True,1,26,424,ZYG11B_DKO_only
11,A,3,41,11.5385,9.66981,1.19325,0.254891,1,0.731739,True,1,26,424,ZYG11B_DKO_only
11,C,1,15,3.84615,3.53774,1.08718,0.12059,1,1,True,1,26,424,ZYG11B_DKO_only
11,D,1,12,3.84615,2.83019,1.35897,0.442518,1,0.543661,True,1,26,424,ZYG11B_DKO_only
11,E,4,15,15.3846,3.53774,4.34872,2.12059,1,0.018787,True,0.831922,26,424,ZYG11B_DKO_only
11,F,2,15,7.69231,3.53774,2.17436,1.12059,1,0.256795,True,1,26,424,ZYG11B_DKO_only
11,G,3,19,11.5385,4.48113,2.5749,1.36452,1,0.126648,True,1,26,424,ZYG11B_DKO_only
11,H,0,11,0,2.59434,0,,-1,1,True,1,26,424,ZYG11B_DKO_only
11,I,0,16,0,3.77358,0,,-1,0.614034,True,1,26,424,ZYG11B_DKO_only
11,K,3,13,11.5385,3.06604,3.76331,1.912,1,0.0580535,True,1,26,424,ZYG11B_DKO_only
11,L,1,73,3.84615,17.217,0.223393,-2.16234,-1,0.098937,True,1,26,424,ZYG11B_DKO_only
11,M,0,8,0,1.88679,0,,-1,1,True,1,26,424,ZYG11B_DKO_only
11,N,0,8,0,1.88679,0,,-1,1,True,1,26,424,ZYG11B_DKO_only
11,P,1,35,3.84615,8.25472,0.465934,-1.1018,-1,0.710717,True,1,26,424,ZYG11B_DKO_only
11,Q,0,7,0,1.65094,0,,-1,1,True,1,26,424,ZYG11B_DKO_only
11,R,1,27,3.84615,6.36792,0.603989,-0.727407,-1,1,True,1,26,424,ZYG11B_DKO_only
11,S,2,36,7.69231,8.49057,0.905983,-0.142444,-1,1,True,1,26,424,ZYG11B_DKO_only
11,T,1,27,3.84615,6.36792,0.603989,-0.727407,-1,1,True,1,26,424,ZYG11B_DKO_only
11,V,3,22,11.5385,5.18868,2.22378,1.15301,1,0.168624,True,1,26,424,ZYG11B_DKO_only
11,W,0,11,0,2.59434,0,,-1,1,True,1,26,424,ZYG11B_DKO_only
11,Y,0,13,0,3.06604,0,,-1,1,True,1,26,424,ZYG11B_DKO_only
12,A,1,39,3.84615,9.19811,0.418146,-1.25792,-1,0.718197,True,1,26,424,ZYG11B_DKO_only
12,C,2,11,7.69231,2.59434,2.96503,1.56805,1,0.169286,True,1,26,424,ZYG11B_DKO_only
12,D,0,11,0,2.59434,0,,-1,1,True,1,26,424,ZYG11B_DKO_only
12,E,3,18,11.5385,4.24528,2.71795,1.44252,1,0.113663,True,1,26,424,ZYG11B_DKO_only
12,F,0,12,0,2.83019,0,,-1,1,True,1,26,424,ZYG11B_DKO_only
12,G,1,34,3.84615,8.01887,0.479638,-1.05998,-1,0.710018,True,1,26,424,ZYG11B_DKO_only
12,H,1,5,3.84615,1.17925,3.26154,1.70555,1,0.301728,True,1,26,424,ZYG11B_DKO_only
12,I,3,16,11.5385,3.77358,3.05769,1.61244,1,0.0894458,True,1,26,424,ZYG11B_DKO_only
12,K,1,10,3.84615,2.35849,1.63077,0.705553,1,0.484322,True,1,26,424,ZYG11B_DKO_only
12,L,2,82,7.69231,19.3396,0.397749,-1.33007,-1,0.194555,True,1,26,424,ZYG11B_DKO_only
12,M,1,8,3.84615,1.88679,2.03846,1.02748,1,0.4176,True,1,26,424,ZYG11B_DKO_only
12,N,1,14,3.84615,3.30189,1.16484,0.220126,1,0.596406,True,1,26,424,ZYG11B_DKO_only
12,P,2,21,7.69231,4.95283,1.55311,0.635163,1,0.634831,True,1,26,424,ZYG11B_DKO_only
12,Q,4,17,15.3846,4.00943,3.8371,1.94002,1,0.0267667,True,0.905951,26,424,ZYG11B_DKO_only
12,R,0,22,0,5.18868,0,,-1,0.629039,True,1,26,424,ZYG11B_DKO_only
12,S,0,39,0,9.19811,0,,-1,0.151724,True,1,26,424,ZYG11B_DKO_only
12,T,1,17,3.84615,4.00943,0.959276,-0.0599821,-1,1,True,1,26,424,ZYG11B_DKO_only
12,V,2,23,7.69231,5.42453,1.41806,0.503919,1,0.648246,True,1,26,424,ZYG11B_DKO_only
12,W,1,10,3.84615,2.35849,1.63077,0.705553,1,0.484322,True,1,26,424,ZYG11B_DKO_only
12,Y,0,15,0,3.53774,0,,-1,1,True,1,26,424,ZYG11B_DKO_only
13,A,3,32,11.5385,7.54717,1.52885,0.612443,1,0.443234,True,1,26,424,ZYG11B_DKO_only
13,C,1,9,3.84615,2.12264,1.81197,0.857556,1,0.451936,True,1,26,424,ZYG11B_DKO_only
13,D,0,15,0,3.53774,0,,-1,1,True,1,26,424,ZYG11B_DKO_only
13,E,2,18,7.69231,4.24528,1.81197,0.857556,1,0.323663,True,1,26,424,ZYG11B_DKO_only
13,F,2,11,7.69231,2.59434,2.96503,1.56805,1,0.169286,True,1,26,424,ZYG11B_DKO_only
13,G,0,33,0,7.78302,0,,-1,0.243163,True,1,26,424,ZYG11B_DKO_only
13,H,1,14,3.84615,3.30189,1.16484,0.220126,1,0.596406,True,1,26,424,ZYG11B_DKO_only
13,I,2,12,7.69231,2.83019,2.71795,1.44252,1,0.190704,True,1,26,424,ZYG11B_DKO_only
13,K,2,18,7.69231,4.24528,1.81197,0.857556,1,0.323663,True,1,26,424,ZYG11B_DKO_only
13,L,6,87,23.0769,20.5189,1.12467,0.1695,1,0.802849,True,1,26,424,ZYG11B_DKO_only
13,M,0,12,0,2.83019,0,,-1,1,True,1,26,424,ZYG11B_DKO_only
13,N,0,9,0,2.12264,0,,-1,1,True,1,26,424,ZYG11B_DKO_only
13,P,2,24,7.69231,5.66038,1.35897,0.442518,1,0.655695,True,1,26,424,ZYG11B_DKO_only
13,Q,0,13,0,3.06604,0,,-1,1,True,1,26,424,ZYG11B_DKO_only
13,R,0,19,0,4.48113,0,,-1,0.616558,True,1,26,424,ZYG11B_DKO_only
13,S,0,31,0,7.31132,0,,-1,0.242076,True,1,26,424,ZYG11B_DKO_only
13,T,2,22,7.69231,5.18868,1.48252,0.568049,1,0.641263,True,1,26,424,ZYG11B_DKO_only
13,V,1,23,3.84615,5.42453,0.70903,-0.496081,-1,1,True,1,26,424,ZYG11B_DKO_only
13,W,2,12,7.69231,2.83019,2.71795,1.44252,1,0.190704,True,1,26,424,ZYG11B_DKO_only
13,Y,0,10,0,2.35849,0,,-1,1,True,1,26,424,ZYG11B_DKO_only
14,A,2,36,7.69231,8.49057,0.905983,-0.142444,-1,1,True,1,26,424,ZYG11B_DKO_only
14,C,0,10,0,2.35849,0,,-1,1,True,1,26,424,ZYG11B_DKO_only
14,D,1,10,3.84615,2.35849,1.63077,0.705553,1,0.484322,True,1,26,424,ZYG11B_DKO_only
14,E,3,11,11.5385,2.59434,4.44755,2.15301,1,0.0407823,True,1,26,424,ZYG11B_DKO_only
14,F,1,16,3.84615,3.77358,1.01923,0.0274807,1,1,True,1,26,424,ZYG11B_DKO_only
14,G,0,38,0,8.96226,0,,-1,0.15182,True,1,26,424,ZYG11B_DKO_only
14,H,1,8,3.84615,1.88679,2.03846,1.02748,1,0.4176,True,1,26,424,ZYG11B_DKO_only
14,I,0,14,0,3.30189,0,,-1,1,True,1,26,424,ZYG11B_DKO_only
14,K,5,12,19.2308,2.83019,6.79487,2.76445,1,0.00166933,True,0.651494,26,424,ZYG11B_DKO_only
14,L,5,67,19.2308,15.8019,1.21699,0.28332,1,0.587161,True,1,26,424,ZYG11B_DKO_only
14,M,0,12,0,2.83019,0,,-1,1,True,1,26,424,ZYG11B_DKO_only
14,N,0,11,0,2.59434,0,,-1,1,True,1,26,424,ZYG11B_DKO_only
14,P,2,34,7.69231,8.01887,0.959276,-0.0599821,-1,1,True,1,26,424,ZYG11B_DKO_only
14,Q,0,9,0,2.12264,0,,-1,1,True,1,26,424,ZYG11B_DKO_only
14,R,0,23,0,5.42453,0,,-1,0.385646,True,1,26,424,ZYG11B_DKO_only
14,S,0,36,0,8.49057,0,,-1,0.251601,True,1,26,424,ZYG11B_DKO_only
14,T,4,24,15.3846,5.66038,2.71795,1.44252,1,0.0691293,True,1,26,424,ZYG11B_DKO_only
14,V,1,26,3.84615,6.13208,0.627219,-0.672959,-1,1,True,1,26,424,ZYG11B_DKO_only
14,W,0,16,0,3.77358,0,,-1,0.614034,True,1,26,424,ZYG11B_DKO_only
14,Y,1,11,3.84615,2.59434,1.48252,0.568049,1,0.514863,True,1,26,424,ZYG11B_DKO_only
15,A,3,23,11.5385,5.42453,2.12709,1.08888,1,0.183485,True,1,26,424,ZYG11B_DKO_only
15,C,0,11,0,2.59434,0,,-1,1,True,1,26,424,ZYG11B_DKO_only
15,D,1,12,3.84615,2.83019,1.35897,0.442518,1,0.543661,True,1,26,424,ZYG11B_DKO_only
15,E,3,16,11.5385,3.77358,3.05769,1.61244,1,0.0894458,True,1,26,424,ZYG11B_DKO_only
15,F,3,26,11.5385,6.13208,1.88166,0.912004,1,0.230093,True,1,26,424,ZYG11B_DKO_only
15,G,1,34,3.84615,8.01887,0.479638,-1.05998,-1,0.710018,True,1,26,424,ZYG11B_DKO_only
15,H,0,13,0,3.06604,0,,-1,1,True,1,26,424,ZYG11B_DKO_only
15,I,1,16,3.84615,3.77358,1.01923,0.0274807,1,1,True,1,26,424,ZYG11B_DKO_only
15,K,2,13,7.69231,3.06604,2.50888,1.32704,1,0.212499,True,1,26,424,ZYG11B_DKO_only
15,L,1,73,3.84615,17.217,0.223393,-2.16234,-1,0.098937,True,1,26,424,ZYG11B_DKO_only
15,M,2,8,7.69231,1.88679,4.07692,2.02748,1,0.108571,True,1,26,424,ZYG11B_DKO_only
15,N,1,13,3.84615,3.06604,1.25444,0.327041,1,0.570812,True,1,26,424,ZYG11B_DKO_only
15,P,0,23,0,5.42453,0,,-1,0.385646,True,1,26,424,ZYG11B_DKO_only
15,Q,0,13,0,3.06604,0,,-1,1,True,1,26,424,ZYG11B_DKO_only
15,R,2,32,7.69231,7.54717,1.01923,0.0274807,1,1,True,1,26,424,ZYG11B_DKO_only
15,S,4,26,15.3846,6.13208,2.50888,1.32704,1,0.0854009,True,1,26,424,ZYG11B_DKO_only
15,T,0,22,0,5.18868,0,,-1,0.629039,True,1,26,424,ZYG11B_DKO_only
15,V,2,32,7.69231,7.54717,1.01923,0.0274807,1,1,True,1,26,424,ZYG11B_DKO_only
15,W,0,10,0,2.35849,0,,-1,1,True,1,26,424,ZYG11B_DKO_only
15,Y,0,8,0,1.88679,0,,-1,1,True,1,26,424,ZYG11B_DKO_only
16,A,2,41,7.69231,9.66981,0.795497,-0.330071,-1,1,True,1,26,424,ZYG11B_DKO_only
16,C,0,16,0,3.77358,0,,-1,0.614034,True,1,26,424,ZYG11B_DKO_only
16,D,2,9,7.69231,2.12264,3.62393,1.85756,1,0.12808,True,1,26,424,ZYG11B_DKO_only
16,E,3,16,11.5385,3.77358,3.05769,1.61244,1,0.0894458,True,1,26,424,ZYG11B_DKO_only
16,F,1,26,3.84615,6.13208,0.627219,-0.672959,-1,1,True,1,26,424,ZYG11B_DKO_only
16,G,1,30,3.84615,7.07547,0.54359,-0.87941,-1,1,True,1,26,424,ZYG11B_DKO_only
16,H,0,6,0,1.41509,0,,-1,1,True,1,26,424,ZYG11B_DKO_only
16,I,3,17,11.5385,4.00943,2.87783,1.52498,1,0.10125,True,1,26,424,ZYG11B_DKO_only
16,K,0,12,0,2.83019,0,,-1,1,True,1,26,424,ZYG11B_DKO_only
16,L,2,75,7.69231,17.6887,0.434872,-1.20134,-1,0.282485,True,1,26,424,ZYG11B_DKO_only
16,M,0,6,0,1.41509,0,,-1,1,True,1,26,424,ZYG11B_DKO_only
16,N,0,11,0,2.59434,0,,-1,1,True,1,26,424,ZYG11B_DKO_only
16,P,1,32,3.84615,7.54717,0.509615,-0.972519,-1,0.71024,True,1,26,424,ZYG11B_DKO_only
16,Q,3,13,11.5385,3.06604,3.76331,1.912,1,0.0580535,True,1,26,424,ZYG11B_DKO_only
16,R,3,20,11.5385,4.71698,2.44615,1.29052,1,0.140164,True,1,26,424,ZYG11B_DKO_only
16,S,3,27,11.5385,6.36792,1.81197,0.857556,1,0.403799,True,1,26,424,ZYG11B_DKO_only
16,T,0,23,0,5.42453,0,,-1,0.385646,True,1,26,424,ZYG11B_DKO_only
16,V,1,20,3.84615,4.71698,0.815385,-0.294447,-1,1,True,1,26,424,ZYG11B_DKO_only
16,W,1,13,3.84615,3.06604,1.25444,0.327041,1,0.570812,True,1,26,424,ZYG11B_DKO_only
16,Y,0,11,0,2.59434,0,,-1,1,True,1,26,424,ZYG11B_DKO_only
17,A,4,44,15.3846,10.3774,1.48252,0.568049,1,0.506371,True,1,26,424,ZYG11B_DKO_only
17,C,0,12,0,2.83019,0,,-1,1,True,1,26,424,ZYG11B_DKO_only
17,D,3,19,11.5385,4.48113,2.5749,1.36452,1,0.126648,True,1,26,424,ZYG11B_DKO_only
17,E,1,16,3.84615,3.77358,1.01923,0.0274807,1,1,True,1,26,424,ZYG11B_DKO_only
17,F,0,13,0,3.06604,0,,-1,1,True,1,26,424,ZYG11B_DKO_only
17,G,2,24,7.69231,5.66038,1.35897,0.442518,1,0.655695,True,1,26,424,ZYG11B_DKO_only
17,H,0,12,0,2.83019,0,,-1,1,True,1,26,424,ZYG11B_DKO_only
17,I,1,21,3.84615,4.95283,0.776557,-0.364837,-1,1,True,1,26,424,ZYG11B_DKO_only
17,K,1,15,3.84615,3.53774,1.08718,0.12059,1,1,True,1,26,424,ZYG11B_DKO_only
17,L,3,74,11.5385,17.4528,0.661123,-0.59701,-1,0.595068,True,1,26,424,ZYG11B_DKO_only
17,M,0,6,0,1.41509,0,,-1,1,True,1,26,424,ZYG11B_DKO_only
17,N,1,6,3.84615,1.41509,2.71795,1.44252,1,0.342618,True,1,26,424,ZYG11B_DKO_only
17,P,2,18,7.69231,4.24528,1.81197,0.857556,1,0.323663,True,1,26,424,ZYG11B_DKO_only
17,Q,1,9,3.84615,2.12264,1.81197,0.857556,1,0.451936,True,1,26,424,ZYG11B_DKO_only
17,R,1,29,3.84615,6.83962,0.562334,-0.8305,-1,1,True,1,26,424,ZYG11B_DKO_only
17,S,2,36,7.69231,8.49057,0.905983,-0.142444,-1,1,True,1,26,424,ZYG11B_DKO_only
17,T,1,23,3.84615,5.42453,0.70903,-0.496081,-1,1,True,1,26,424,ZYG11B_DKO_only
17,V,2,27,7.69231,6.36792,1.20798,0.272593,1,0.680113,True,1,26,424,ZYG11B_DKO_only
17,W,0,10,0,2.35849,0,,-1,1,True,1,26,424,ZYG11B_DKO_only
17,Y,1,10,3.84615,2.35849,1.63077,0.705553,1,0.484322,True,1,26,424,ZYG11B_DKO_only
18,A,1,25,3.84615,5.89623,0.652308,-0.616375,-1,1,True,1,26,424,ZYG11B_DKO_only
18,C,2,10,7.69231,2.35849,3.26154,1.70555,1,0.148368,True,1,26,424,ZYG11B_DKO_only
18,D,2,12,7.69231,2.83019,2.71795,1.44252,1,0.190704,True,1,26,424,ZYG11B_DKO_only
18,E,5,20,19.2308,4.71698,4.07692,2.02748,1,0.0103647,True,0.651494,26,424,ZYG11B_DKO_only
18,F,0,16,0,3.77358,0,,-1,0.614034,True,1,26,424,ZYG11B_DKO_only
18,G,1,33,3.84615,7.78302,0.494172,-1.01691,-1,0.709849,True,1,26,424,ZYG11B_DKO_only
18,H,1,4,3.84615,0.943396,4.07692,2.02748,1,0.258398,True,1,26,424,ZYG11B_DKO_only
18,I,0,11,0,2.59434,0,,-1,1,True,1,26,424,ZYG11B_DKO_only
18,K,1,17,3.84615,4.00943,0.959276,-0.0599821,-1,1,True,1,26,424,ZYG11B_DKO_only
18,L,4,70,15.3846,16.5094,0.931868,-0.101802,-1,1,True,1,26,424,ZYG11B_DKO_only
18,M,0,9,0,2.12264,0,,-1,1,True,1,26,424,ZYG11B_DKO_only
18,N,0,7,0,1.65094,0,,-1,1,True,1,26,424,ZYG11B_DKO_only
18,P,1,21,3.84615,4.95283,0.776557,-0.364837,-1,1,True,1,26,424,ZYG11B_DKO_only
18,Q,1,14,3.84615,3.30189,1.16484,0.220126,1,0.596406,True,1,26,424,ZYG11B_DKO_only
18,R,2,31,7.69231,7.31132,1.05211,0.0732844,1,1,True,1,26,424,ZYG11B_DKO_only
18,S,2,42,7.69231,9.90566,0.776557,-0.364837,-1,1,True,1,26,424,ZYG11B_DKO_only
18,T,0,29,0,6.83962,0,,-1,0.398097,True,1,26,424,ZYG11B_DKO_only
18,V,3,28,11.5385,6.60377,1.74725,0.805088,1,0.410323,True,1,26,424,ZYG11B_DKO_only
18,W,0,14,0,3.30189,0,,-1,1,True,1,26,424,ZYG11B_DKO_only
18,Y,0,11,0,2.59434,0,,-1,1,True,1,26,424,ZYG11B_DKO_only
19,A,1,42,3.84615,9.90566,0.388278,-1.36484,-1,0.495456,True,1,26,424,ZYG11B_DKO_only
19,C,1,17,3.84615,4.00943,0.959276,-0.0599821,-1,1,True,1,26,424,ZYG11B_DKO_only
19,D,2,17,7.69231,4.00943,1.91855,0.940018,1,0.301422,True,1,26,424,ZYG11B_DKO_only
19,E,1,20,3.84615,4.71698,0.815385,-0.294447,-1,1,True,1,26,424,ZYG11B_DKO_only
19,F,1,21,3.84615,4.95283,0.776557,-0.364837,-1,1,True,1,26,424,ZYG11B_DKO_only
19,G,0,32,0,7.54717,0,,-1,0.242135,True,1,26,424,ZYG11B_DKO_only
19,H,0,5,0,1.17925,0,,-1,1,True,1,26,424,ZYG11B_DKO_only
19,I,2,12,7.69231,2.83019,2.71795,1.44252,1,0.190704,True,1,26,424,ZYG11B_DKO_only
19,K,1,12,3.84615,2.83019,1.35897,0.442518,1,0.543661,True,1,26,424,ZYG11B_DKO_only
19,L,0,70,0,16.5094,0,,-1,0.0216702,True,0.831922,26,424,ZYG11B_DKO_only
19,M,0,4,0,0.943396,0,,-1,1,True,1,26,424,ZYG11B_DKO_only
19,N,4,9,15.3846,2.12264,7.24786,2.85756,1,0.00441258,True,0.651494,26,424,ZYG11B_DKO_only
19,P,2,16,7.69231,3.77358,2.03846,1.02748,1,0.279109,True,1,26,424,ZYG11B_DKO_only
19,Q,2,14,7.69231,3.30189,2.32967,1.22013,1,0.234562,True,1,26,424,ZYG11B_DKO_only
19,R,3,27,11.5385,6.36792,1.81197,0.857556,1,0.403799,True,1,26,424,ZYG11B_DKO_only
19,S,1,26,3.84615,6.13208,0.627219,-0.672959,-1,1,True,1,26,424,ZYG11B_DKO_only
19,T,4,26,15.3846,6.13208,2.50888,1.32704,1,0.0854009,True,1,26,424,ZYG11B_DKO_only
19,V,0,31,0,7.31132,0,,-1,0.242076,True,1,26,424,ZYG11B_DKO_only
19,W,0,11,0,2.59434,0,,-1,1,True,1,26,424,ZYG11B_DKO_only
19,Y,1,12,3.84615,2.83019,1.35897,0.442518,1,0.543661,True,1,26,424,ZYG11B_DKO_only
20,A,4,39,15.3846,9.19811,1.67258,0.742079,1,0.296943,True,1,26,424,ZYG11B_DKO_only
20,C,0,26,0,6.13208,0,,-1,0.386706,True,1,26,424,ZYG11B_DKO_only
20,D,2,11,7.69231,2.59434,2.96503,1.56805,1,0.169286,True,1,26,424,ZYG11B_DKO_only
20,E,1,20,3.84615,4.71698,0.815385,-0.294447,-1,1,True,1,26,424,ZYG11B_DKO_only
20,F,0,16,0,3.77358,0,,-1,0.614034,True,1,26,424,ZYG11B_DKO_only
20,G,3,26,11.5385,6.13208,1.88166,0.912004,1,0.230093,True,1,26,424,ZYG11B_DKO_only
20,H,2,10,7.69231,2.35849,3.26154,1.70555,1,0.148368,True,1,26,424,ZYG11B_DKO_only
20,I,2,22,7.69231,5.18868,1.48252,0.568049,1,0.641263,True,1,26,424,ZYG11B_DKO_only
20,K,0,14,0,3.30189,0,,-1,1,True,1,26,424,ZYG11B_DKO_only
20,L,4,66,15.3846,15.566,0.988345,-0.0169134,-1,1,True,1,26,424,ZYG11B_DKO_only
20,M,0,10,0,2.35849,0,,-1,1,True,1,26,424,ZYG11B_DKO_only
20,N,0,9,0,2.12264,0,,-1,1,True,1,26,424,ZYG11B_DKO_only
20,P,2,28,7.69231,6.60377,1.16484,0.220126,1,0.688733,True,1,26,424,ZYG11B_DKO_only
20,Q,0,14,0,3.30189,0,,-1,1,True,1,26,424,ZYG11B_DKO_only
20,R,0,24,0,5.66038,0,,-1,0.384704,True,1,26,424,ZYG11B_DKO_only
20,S,0,31,0,7.31132,0,,-1,0.242076,True,1,26,424,ZYG11B_DKO_only
20,T,2,15,7.69231,3.53774,2.17436,1.12059,1,0.256795,True,1,26,424,ZYG11B_DKO_only
20,V,2,28,7.69231,6.60377,1.16484,0.220126,1,0.688733,True,1,26,424,ZYG11B_DKO_only
20,W,2,8,7.69231,1.88679,4.07692,2.02748,1,0.108571,True,1,26,424,ZYG11B_DKO_only
20,Y,0,7,0,1.65094,0,,-1,1,True,1,26,424,ZYG11B_DKO_only
21,A,1,40,3.84615,9.43396,0.407692,-1.29445,-1,0.495646,True,1,26,424,ZYG11B_DKO_only
21,C,0,13,0,3.06604,0,,-1,1,True,1,26,424,ZYG11B_DKO_only
21,D,0,14,0,3.30189,0,,-1,1,True,1,26,424,ZYG11B_DKO_only
21,E,5,19,19.2308,4.48113,4.2915,2.10148,1,0.00863521,True,0.651494,26,424,ZYG11B_DKO_only
21,F,0,22,0,5.18868,0,,-1,0.629039,True,1,26,424,ZYG11B_DKO_only
21,G,2,38,7.69231,8.96226,0.8583,-0.220447,-1,1,True,1,26,424,ZYG11B_DKO_only
21,H,2,11,7.69231,2.59434,2.96503,1.56805,1,0.169286,True,1,26,424,ZYG11B_DKO_only
21,I,0,12,0,2.83019,0,,-1,1,True,1,26,424,ZYG11B_DKO_only
21,K,0,9,0,2.12264,0,,-1,1,True,1,26,424,ZYG11B_DKO_only
21,L,2,68,7.69231,16.0377,0.479638,-1.05998,-1,0.401625,True,1,26,424,ZYG11B_DKO_only
21,M,0,10,0,2.35849,0,,-1,1,True,1,26,424,ZYG11B_DKO_only
21,N,2,8,7.69231,1.88679,4.07692,2.02748,1,0.108571,True,1,26,424,ZYG11B_DKO_only
21,P,2,28,7.69231,6.60377,1.16484,0.220126,1,0.688733,True,1,26,424,ZYG11B_DKO_only
21,Q,1,22,3.84615,5.18868,0.741259,-0.431951,-1,1,True,1,26,424,ZYG11B_DKO_only
21,R,1,24,3.84615,5.66038,0.679487,-0.557482,-1,1,True,1,26,424,ZYG11B_DKO_only
21,S,3,28,11.5385,6.60377,1.74725,0.805088,1,0.410323,True,1,26,424,ZYG11B_DKO_only
21,T,3,13,11.5385,3.06604,3.76331,1.912,1,0.0580535,True,1,26,424,ZYG11B_DKO_only
21,V,1,24,3.84615,5.66038,0.679487,-0.557482,-1,1,True,1,26,424,ZYG11B_DKO_only
21,W,1,7,3.84615,1.65094,2.32967,1.22013,1,0.3812,True,1,26,424,ZYG11B_DKO_only
21,Y,0,14,0,3.30189,0,,-1,1,True,1,26,424,ZYG11B_DKO_only
22,A,0,29,0,6.83962,0,,-1,0.398097,True,1,26,424,ZYG11B_DKO_only
22,C,1,16,3.84615,3.77358,1.01923,0.0274807,1,1,True,1,26,424,ZYG11B_DKO_only
22,D,3,12,11.5385,2.83019,4.07692,2.02748,1,0.0490348,True,1,26,424,ZYG11B_DKO_only
22,E,3,30,11.5385,7.07547,1.63077,0.705553,1,0.42555,True,1,26,424,ZYG11B_DKO_only
22,F,2,18,7.69231,4.24528,1.81197,0.857556,1,0.323663,True,1,26,424,ZYG11B_DKO_only
22,G,1,30,3.84615,7.07547,0.54359,-0.87941,-1,1,True,1,26,424,ZYG11B_DKO_only
22,H,0,6,0,1.41509,0,,-1,1,True,1,26,424,ZYG11B_DKO_only
22,I,1,17,3.84615,4.00943,0.959276,-0.0599821,-1,1,True,1,26,424,ZYG11B_DKO_only
22,K,0,9,0,2.12264,0,,-1,1,True,1,26,424,ZYG11B_DKO_only
22,L,3,62,11.5385,14.6226,0.789082,-0.341753,-1,1,True,1,26,424,ZYG11B_DKO_only
22,M,0,10,0,2.35849,0,,-1,1,True,1,26,424,ZYG11B_DKO_only
22,N,0,9,0,2.12264,0,,-1,1,True,1,26,424,ZYG11B_DKO_only
22,P,2,38,7.69231,8.96226,0.8583,-0.220447,-1,1,True,1,26,424,ZYG11B_DKO_only
22,Q,1,16,3.84615,3.77358,1.01923,0.0274807,1,1,True,1,26,424,ZYG11B_DKO_only
22,R,2,23,7.69231,5.42453,1.41806,0.503919,1,0.648246,True,1,26,424,ZYG11B_DKO_only
22,S,4,35,15.3846,8.25472,1.86374,0.898198,1,0.267144,True,1,26,424,ZYG11B_DKO_only
22,T,0,24,0,5.66038,0,,-1,0.384704,True,1,26,424,ZYG11B_DKO_only
22,V,3,16,11.5385,3.77358,3.05769,1.61244,1,0.0894458,True,1,26,424,ZYG11B_DKO_only
22,W,0,10,0,2.35849,0,,-1,1,True,1,26,424,ZYG11B_DKO_only
22,Y,0,14,0,3.30189,0,,-1,1,True,1,26,424,ZYG11B_DKO_only
23,A,2,38,7.69231,8.96226,0.8583,-0.220447,-1,1,True,1,26,424,ZYG11B_DKO_only
23,C,2,6,7.69231,1.41509,5.4359,2.44252,1,0.0725416,True,1,26,424,ZYG11B_DKO_only
23,D,2,10,7.69231,2.35849,3.26154,1.70555,1,0.148368,True,1,26,424,ZYG11B_DKO_only
23,E,3,14,11.5385,3.30189,3.49451,1.80509,1,0.0678144,True,1,26,424,ZYG11B_DKO_only
23,F,1,21,3.84615,4.95283,0.776557,-0.364837,-1,1,True,1,26,424,ZYG11B_DKO_only
23,G,1,42,3.84615,9.90566,0.388278,-1.36484,-1,0.495456,True,1,26,424,ZYG11B_DKO_only
23,H,0,12,0,2.83019,0,,-1,1,True,1,26,424,ZYG11B_DKO_only
23,I,1,9,3.84615,2.12264,1.81197,0.857556,1,0.451936,True,1,26,424,ZYG11B_DKO_only
23,K,2,16,7.69231,3.77358,2.03846,1.02748,1,0.279109,True,1,26,424,ZYG11B_DKO_only
23,L,3,72,11.5385,16.9811,0.679487,-0.557482,-1,0.595937,True,1,26,424,ZYG11B_DKO_only
23,M,0,7,0,1.65094,0,,-1,1,True,1,26,424,ZYG11B_DKO_only
23,N,0,6,0,1.41509,0,,-1,1,True,1,26,424,ZYG11B_DKO_only
23,P,1,35,3.84615,8.25472,0.465934,-1.1018,-1,0.710717,True,1,26,424,ZYG11B_DKO_only
23,Q,3,16,11.5385,3.77358,3.05769,1.61244,1,0.0894458,True,1,26,424,ZYG11B_DKO_only
23,R,1,30,3.84615,7.07547,0.54359,-0.87941,-1,1,True,1,26,424,ZYG11B_DKO_only
23,S,4,37,15.3846,8.72642,1.76299,0.818027,1,0.280883,True,1,26,424,ZYG11B_DKO_only
23,T,0,21,0,4.95283,0,,-1,0.623989,True,1,26,424,ZYG11B_DKO_only
23,V,0,16,0,3.77358,0,,-1,0.614034,True,1,26,424,ZYG11B_DKO_only
23,W,0,6,0,1.41509,0,,-1,1,True,1,26,424,ZYG11B_DKO_only
23,Y,0,10,0,2.35849,0,,-1,1,True,1,26,424,ZYG11B_DKO_only
24,A,1,34,3.84615,8.01887,0.479638,-1.05998,-1,0.710018,True,1,26,424,ZYG11B_DKO_only
24,C,0,10,0,2.35849,0,,-1,1,True,1,26,424,ZYG11B_DKO_only
24,D,1,18,3.84615,4.24528,0.905983,-0.142444,-1,1,True,1,26,424,ZYG11B_DKO_only
24,E,0,24,0,5.66038,0,,-1,0.384704,True,1,26,424,ZYG11B_DKO_only
24,F,1,16,3.84615,3.77358,1.01923,0.0274807,1,1,True,1,26,424,ZYG11B_DKO_only
24,G,3,30,11.5385,7.07547,1.63077,0.705553,1,0.42555,True,1,26,424,ZYG11B_DKO_only
24,H,1,10,3.84615,2.35849,1.63077,0.705553,1,0.484322,True,1,26,424,ZYG11B_DKO_only
24,I,1,14,3.84615,3.30189,1.16484,0.220126,1,0.596406,True,1,26,424,ZYG11B_DKO_only
24,K,3,20,11.5385,4.71698,2.44615,1.29052,1,0.140164,True,1,26,424,ZYG11B_DKO_only
24,L,2,61,7.69231,14.3868,0.534678,-0.903257,-1,0.558433,True,1,26,424,ZYG11B_DKO_only
24,M,1,11,3.84615,2.59434,1.48252,0.568049,1,0.514863,True,1,26,424,ZYG11B_DKO_only
24,N,2,8,7.69231,1.88679,4.07692,2.02748,1,0.108571,True,1,26,424,ZYG11B_DKO_only
24,P,2,39,7.69231,9.19811,0.836292,-0.257921,-1,1,True,1,26,424,ZYG11B_DKO_only
24,Q,2,14,7.69231,3.30189,2.32967,1.22013,1,0.234562,True,1,26,424,ZYG11B_DKO_only
24,R,2,19,7.69231,4.48113,1.7166,0.779553,1,0.345769,True,1,26,424,ZYG11B_DKO_only
24,S,1,18,3.84615,4.24528,0.905983,-0.142444,-1,1,True,1,26,424,ZYG11B_DKO_only
24,T,0,23,0,5.42453,0,,-1,0.385646,True,1,26,424,ZYG11B_DKO_only
24,V,2,36,7.69231,8.49057,0.905983,-0.142444,-1,1,True,1,26,424,ZYG11B_DKO_only
24,W,0,3,0,0.707547,0,,-1,1,True,1,26,424,ZYG11B_DKO_only
24,Y,1,16,3.84615,3.77358,1.01923,0.0274807,1,1,True,1,26,424,ZYG11B_DKO_only
