gene,Yi_remaining_15h,Yi_decay_k,Li_HEK293T_t_half_h,is_WT_best_hit
ABHD4,1.0338632311656295,-0.0053087445293981,8.05,False
ABHD5,0.5065040613920696,0.0446828305236596,15.8,False
ABT1,0.6038245559398484,0.0326046111422434,20.32,False
ACBD6,0.4859644977797085,0.0455713729792522,17.22,False
ACD,0.4684421593595112,0.0462220767354412,8.49,False
ACTR5,0.6995723350200636,0.0209066927093907,22.18,False
ACTR6,0.6389949237011101,0.0268957369339245,13.18,False
ACTR8,0.7113906870932816,0.0211158984938563,9.72,False
AEBP2,0.22901214913793,0.098543338199583,3.52,False
AGA,0.4708755753796387,0.0471428068211414,1.82,False
AGGF1,0.5245871802132568,0.0427075613885453,18.41,False
AHDC1,0.5383622070445732,0.0420435506575732,16.55,False
AKAP11,0.3477554447640755,0.0691646998888348,11.99,False
AKIRIN1,0.1841449871853339,0.1068119716400485,1.17,False
AKIRIN2,0.1589143436087291,0.116889676231963,1.11,False
ALAS1,0.4677562551883617,0.0490484459858338,10.19,False
ALKBH6,0.6116115531903433,0.03086069711141,18.22,False
ALKBH7,0.2589479896360976,0.0851113696005112,4.0,False
ALMS1,0.3974196614022496,0.0586208824775437,11.42,False
ALX4,0.4509987197013405,0.0512231920222729,11.79,False
AMBRA1,0.3923735957585161,0.0614109217952969,9.42,False
AMD1,0.1841512308173139,0.1023198495698479,2.6,False
AMMECR1,0.508260051204487,0.0423913935894525,27.43,False
ANKHD1,0.5781092457069646,0.0363359703092597,26.91,False
ANKMY2,0.7676545816961617,0.0161907938539107,30.65,False
ANKRD11,0.5852681627337504,0.0391333755733824,12.05,False
ANKRD13C,0.8446048941600501,0.0090940404557834,12.31,False
ANKRD17,0.6426966480821581,0.0293881364458504,29.62,False
ANKRD26,0.4774662438165315,0.0465094646619517,18.76,False
ANKRD39,0.5510146509528968,0.0386228268974255,13.43,False
ANKRD52,0.6955568679059085,0.0222702403177169,18.97,False
ANLN,0.2626012236430133,0.0865701710576651,10.58,False
APBA2,0.4352817595336624,0.0514357145816445,15.42,False
APBB1,0.3740456738873207,0.0644214121365396,16.66,False
APEX2,0.2827648509257157,0.0817895767877525,4.92,False
APOL2,0.738474248721934,0.0208209758716872,23.89,False
APP,0.1295143914948251,0.1320422707055037,1.72,False
APPBP2,0.3423600166830506,0.0683388163708366,3.07,False
ARHGAP11A,0.1530683098452112,0.1243838704700491,3.32,False
ARHGAP19,0.2145159308840087,0.1015874674901532,5.82,False
ARHGAP39,0.397188658217789,0.0629092514425708,9.31,False
ARID4A,0.4535176862654342,0.0525704116000354,23.23,False
ARID4B,0.4319221654184032,0.056598354090509,21.46,False
ARID5B,0.4688297750261074,0.044187033628473,4.76,False
ARL5B,0.4292721592250627,0.0565767749858781,14.55,False
ARL6IP4,0.8043611555999874,0.0145352333030538,12.41,False
ARMC7,0.5978458781862697,0.0319722099748083,9.85,False
ARNT,0.4713423422683106,0.0481915965381625,13.33,False
ARNT2,0.5205598290715236,0.0442768913818192,4.62,False
ASB6,0.4506014567824659,0.053554455086497,13.37,False
ASB7,0.1674449407113789,0.1214526656541917,3.85,False
ASF1A,0.9127948963897508,0.0075130018865083,3.77,False
ASF1B,0.6277294412987215,0.0304007146799178,4.12,False
ASH1L,0.268279577449255,0.087801419629475,3.45,False
ASPM,0.3933404554441048,0.0601720645751935,6.94,False
ASXL1,0.5799152388085387,0.0355602286370509,10.35,False
ASXL2,0.3641615220945169,0.0682853199834531,14.41,False
ATAD2,0.4563330784409395,0.0530953914904296,7.01,False
ATAD5,0.5738386928842205,0.0367405262230617,16.64,False
ATF6B,0.1465256772158742,0.1272855093998572,2.87,False
ATF7,0.6036141226600764,0.0326584284496098,9.32,False
ATF7IP,0.6660500135660729,0.0282382312924315,20.07,False
ATG101,0.6494374906278796,0.0267800322887105,17.15,False
ATG13,0.4545078146578121,0.049945705643337,31.25,False
ATN1,0.5531137208247223,0.0322816755889529,13.6,False
ATP6V1A,0.5703032990841539,0.0367559579330822,22.37,False
ATP6V1D,0.4113394543370592,0.0583543000024876,17.89,False
ATP6V1E1,0.5437917947651192,0.0399868916047499,24.58,False
ATP6V1F,0.4254263553231746,0.0548010062646351,12.42,False
AURKA,0.1758004263429016,0.1148505946717745,4.69,False
AURKB,0.3791816690046079,0.0630352509528892,6.91,False
AUTS2,0.4897268563840934,0.0486304236029139,15.77,False
BACH1,0.2713207707542102,0.0823847765902553,6.82,False
BAP1,0.5824339085690382,0.0362850847247488,15.14,False
BAZ2B,0.6071257077877275,0.0312565933166729,27.4,False
BBS7,0.5578576923169617,0.0376432919824589,30.38,False
BBX,0.4001791491985033,0.0613436095055189,12.61,False
BCAR1,0.6012097219756296,0.032754497037905,20.37,False
BCL10,0.8162548758818474,0.0142556721022984,30.55,False
BCL2L2,0.6830096376517518,0.0238078920725906,22.16,False
BCOR,0.2196579885885435,0.0990774074691778,3.4,False
BCORL1,0.5296560813376,0.0414567119056894,12.28,False
BICD1,0.5262022388619182,0.0424986339411546,20.52,False
BIRC5,0.2065908766154631,0.10509277634907,5.93,False
BMPR1A,0.2148533599387161,0.1003735337211806,6.21,False
BOD1,0.9342418469005728,0.0031290274493529,21.6,False
BORA,0.1742065861249666,0.1115728714506629,2.87,False
BORCS7,1.3049637128679934,-0.0148163624556362,31.13,False
BRCA1,0.4781170850548107,0.0485330961652934,15.23,False
BRCA2,0.5149036727429045,0.0438626954658066,10.84,False
BRD1,0.7505932850380703,0.0194526541099049,32.41,False
BRD2,0.279516691584548,0.0842159305359824,11.49,False
BRD8,0.5075056586321475,0.0435886368388983,24.51,False
BRF1,0.4965415249078239,0.0435293808487909,25.51,False
BRPF3,0.6793327710534803,0.0254076363136397,25.33,False
BTBD1,0.3174979709882523,0.0750154769229283,4.37,False
BTBD10,0.2493276382744211,0.0913561979394451,6.79,False
BTBD2,0.5613405199466786,0.0379274420843963,8.74,False
BTRC,0.4845830408583029,0.0470812554848794,7.7,False
BUB1,0.2566317752814646,0.0861660650278949,6.99,False
BUD23,0.6727099962502183,0.0274108128847404,11.58,False
C11orf49,0.7313276904327595,0.0189252105167286,14.64,False
C11orf95,0.5116721703325964,0.0419665127956644,16.38,False
C12orf45,0.6728506929280271,0.0244721999560541,22.28,False
C12orf57,0.2571185012385746,0.0871798404697709,10.96,False
C14orf119,0.1319102282852708,0.1288450042573086,2.2,False
C15orf39,0.3741922337187457,0.0659572503334723,7.41,False
C1orf112,1.49669698708378,-0.0260843569138995,14.76,False
C1orf198,0.4216042140354757,0.0567205173413301,12.79,False
C3orf38,0.5721837058435766,0.036557917052357,33.58,False
C5orf22,0.8013971381398668,0.012589834640129,10.26,False
C5orf30,0.3036946420395958,0.0815063960509828,6.97,False
C9orf40,0.7500867844172154,0.0209217051498445,10.95,False
CALCOCO1,0.4387192661841188,0.0527814493593094,17.0,False
CALCOCO2,0.4063484381747974,0.0574079564854894,9.23,False
CASP2,0.4858684771076191,0.0459502124109265,10.27,False
CASP8AP2,0.2651661283391573,0.0896413920330683,12.44,False
CAVIN1,0.1182440982832064,0.1413355643306721,4.09,False
CBFA2T2,0.4488961081029214,0.0504069300787964,9.23,False
CBX4,0.2677579195094226,0.0874576875272844,13.12,False
CBX6,0.524151937027624,0.0405771396339327,8.37,False
CBY1,0.1691255666363038,0.1122697469143162,2.51,False
CCDC102A,0.5964812830833481,0.0340335122663924,11.74,False
CCDC106,0.4305827480884824,0.0554330174234574,8.61,False
CCDC120,0.3942714907058937,0.0655366000534252,13.87,False
CCDC130,0.3818240758215387,0.0647297341407128,13.52,False
CCDC138,0.4737754420111015,0.0481764405314545,12.83,False
CCDC14,0.329330471707724,0.0680139142866994,9.43,False
CCDC174,0.7181611954812013,0.0221886132940921,23.4,False
CCDC18,0.606887842355275,0.0333754529877461,19.91,False
CCDC186,0.6282079858604832,0.0308622022366321,26.94,False
CCDC50,0.6855156830132065,0.0246949746847345,32.67,False
CCDC66,0.2533267506516646,0.0909654437562936,8.45,False
CCDC77,0.2784213099450205,0.0773052442286843,2.29,False
CCDC8,0.6723721132195946,0.0273708886863596,9.82,False
CCDC82,0.4594525499992735,0.0527706535811733,11.06,False
CCDC86,0.5731139070010249,0.0371436016630204,27.96,False
CCNA2,0.1821253737574009,0.1100460920252154,9.62,False
CCNB1,0.3909063317558662,0.0582940882574719,10.72,False
CCNB2,0.2822232082040552,0.0797605029635777,10.03,False
CCNDBP1,0.8747333550384917,0.0105218230014565,5.85,False
CCNE2,0.1407145674182284,0.1319787096326006,8.09,False
CCNG1,0.5825588758841298,0.0291773550412603,0.44,False
CCNH,0.9652324664783593,0.0036527589444194,21.06,False
CCP110,0.4326366773925268,0.0546848001749651,21.85,False
CD109,0.4271882517853439,0.056723841168978,19.01,False
CD2BP2,0.4426656707441537,0.0533892481730441,23.14,False
CDC123,0.8187368518005637,0.0132121954330768,16.47,False
CDC20,0.2537659484891721,0.0858864384216803,1.8,False
CDC25C,0.6136345950339428,0.0320321016225961,25.91,False
CDC34,0.5353100110629989,0.0407003562292903,25.19,False
CDC42EP1,0.8748739867084776,0.0085937285784047,14.43,False
CDC42EP2,0.5715091883255834,0.0359100454894741,12.83,False
CDC42EP3,0.1991547340136078,0.1061800771771179,6.7,False
CDC6,0.2389436740030965,0.0924953239009483,2.7,False
CDC7,0.2576093101127933,0.0858060832576355,3.85,False
CDC73,0.9787189574830988,0.002627810516729,26.9,False
CDCA2,0.3692216341974758,0.0669650576107562,10.57,False
CDCA7,0.2257832079749955,0.0881753601047243,0.88,False
CDCA7L,0.1803686679932055,0.1127901292472547,2.72,False
CDCA8,0.2552419484810561,0.0897586380996272,8.51,False
CDK17,0.3668304615025909,0.0660888832939733,20.16,False
CDK2AP1,0.7369441521749145,0.0199093778704128,15.88,False
CDK5RAP2,0.322905454260715,0.0738508092038319,14.24,False
CDK7,0.8076926900983903,0.014608315231886,27.28,False
CDKN2A,0.7531151496037654,0.0182316243438748,4.74,False
CDR2,0.4819072435323288,0.0473695781708652,7.6,False
CDR2L,0.6797674601582466,0.0274766485113502,21.63,False
CENPE,0.2465776032087413,0.0890891184571436,5.94,False
CENPF,0.2351598538776154,0.093514560314303,3.08,False
CENPH,0.5548961498398064,0.0367689348969606,9.3,False
CENPI,0.6579129090464679,0.0263042423866862,12.21,False
CENPQ,0.4128658502301274,0.0563813518219344,14.3,False
CEP104,0.3396544390028921,0.0729120200716349,9.99,False
CEP112,0.9442988697182028,0.0039586289667489,19.87,False
CEP131,0.7718727898898865,0.0165173529991285,18.32,False
CEP135,0.6700670315441473,0.0249620370773185,23.52,False
CEP152,0.4207021139006942,0.0563145397592795,22.69,False
CEP162,0.5626364339342321,0.0444747026597894,11.54,False
CEP164,0.2964103846428432,0.0814716629867388,6.7,False
CEP250,0.6315870835949373,0.0289242791650031,24.45,False
CEP290,0.6335165664592464,0.0289694552862116,19.33,False
CEP350,0.4397814984101776,0.054525556171146,19.78,False
CEP55,0.5985723726263434,0.0344971126163549,15.93,False
CEP63,0.4356950323872182,0.0531861644614919,14.96,False
CEP72,0.4796876515166109,0.0481844471225808,9.62,False
CEP78,0.5065948938539268,0.044681884431123,22.74,False
CEP83,0.5732846429080166,0.0367834076002743,22.36,False
CEP85,0.5305947605964847,0.0405297723851123,17.7,False
CEP89,0.3755372832695605,0.0650006277727292,8.68,False
CEP95,0.4006162425294104,0.0606239171315424,7.93,False
CETN2,0.5080098799792335,0.043409177174482,19.6,False
CETN3,0.1619778330408775,0.1184450697232342,8.54,False
CFAP298,0.5672689184051836,0.0372011136796194,17.76,False
CFAP70,0.4302679126915755,0.0526687930451732,8.83,False
CFAP97,0.3759863154026023,0.0633679730045377,10.47,False
CGGBP1,0.8015332052475861,0.0161399912952217,28.41,False
CGN,0.6040718473625013,0.032744153254882,20.98,False
CHD6,0.3457480876883604,0.0700428614776603,17.46,False
CHD8,0.4266780097002167,0.056489456740583,19.94,False
CHEK1,0.6028629828327197,0.0329005880160827,11.73,False
CHKA,0.5397843354147264,0.0407196237274156,13.73,False
CHP1,0.5532832444753087,0.0384678179030472,29.82,False
CIR1,0.5522347255403117,0.0387267748155232,10.28,False
CIZ1,0.6779903565095239,0.0261870725132342,24.4,False
CKAP2L,0.2444373587681843,0.0929951805454916,4.36,False
CKS1B,0.0761976744804855,0.1670420316870521,10.7,False
CLEC16A,0.9744773600704444,0.0001594998185959,33.04,False
CLK1,0.6479097196483714,0.028654968264411,9.74,False
CLSPN,0.1780194898854797,0.1141582010032581,3.12,False
CMC2,0.9257468781855596,0.0071075378113936,32.06,False
CNOT8,0.4934691264914147,0.0452648747530707,17.65,False
CNTLN,0.4006073089263769,0.0572032272240186,9.33,False
COBL,0.8354371071273865,0.0132492830004927,31.75,False
COMMD4,0.5661071205084176,0.035610359600094,22.16,False
COMMD9,0.4072219479941709,0.0583194423457537,17.3,False
COP1,0.4154961444810292,0.0560106881819069,8.65,False
COX6B1,0.8322397631320333,0.01516489926067,31.6,False
CPNE8,0.5942475273946619,0.0308894902185987,18.88,False
CRAMP1,0.3901764691239259,0.0603602166470386,10.78,False
CREB1,0.74983922912886,0.0195350849157502,22.57,False
CREB5,0.5576210528180221,0.0399011462451197,17.8,False
CRIPT,0.810796248599031,0.0154126582671134,12.12,False
CRY1,0.3844270896343746,0.0664183287164277,3.89,False
CRY2,0.3920959755043951,0.059691198920611,6.78,False
CSNK1E,0.2565651975072897,0.0887587311990888,13.34,False
CSPP1,0.4951187782426385,0.0464131241097921,13.28,False
CSRP2,0.5524114339183994,0.0390927752279239,16.03,False
CTNNA1,0.5412146655497379,0.0407233320330904,26.53,False
CTNNAL1,0.3894948165898896,0.0621792609399493,12.09,False
CTSV,0.3411946924904838,0.0695954795991552,8.69,False
CUEDC2,0.4496406072683432,0.0529029706746618,8.5,False
CWC25,0.6677042724019882,0.0268973758198987,17.67,False
CXorf56,0.4890681979875438,0.047414868066141,8.39,False
CYTH3,0.4821910694266046,0.0494172409575958,24.44,False
DBF4,0.2010256341517733,0.1053188504917081,11.45,False
DCAF10,0.6419920088192876,0.0297166412734085,16.6,False
DCAF12,0.445975062552704,0.0507262073673774,10.54,False
DCAF15,0.6094240862587497,0.0338998945038618,3.52,False
DCAF4,0.5608672850100818,0.0380270384845211,7.22,False
DCAF5,0.5406083419406174,0.0402550802203931,21.34,False
DCAF7,0.7958316936430652,0.0161920723038074,10.32,False
DCAF8,0.586584104702851,0.0347313268659728,26.22,False
DCLRE1B,0.3841804175924203,0.0608411868685044,5.91,False
DCUN1D4,0.5690221289750361,0.0359365726069626,25.89,False
DDA1,0.8530829900951629,0.0115195175841209,16.93,False
DEPDC1,0.3084740233305394,0.0744851066207364,2.01,False
DEPDC1B,0.3493726891758574,0.0696170318562334,9.27,False
DEPDC7,0.3212908986167344,0.074348091984976,7.3,False
DEPTOR,0.160658240955495,0.1219012659884061,4.49,False
DESI2,0.660363891297653,0.0265267994093586,25.41,False
DGCR6L,0.1728068257286366,0.1016168294616588,3.46,False
DHFR,1.0499526276608149,-0.0067099322119907,23.2,False
DHX32,0.7761178916910002,0.0167693128232247,5.73,False
DHX8,0.635997648518234,0.0297887827035741,33.61,False
DIXDC1,0.356088382966805,0.0659614331658513,15.3,False
DLG5,0.2798854665217448,0.0861255683126665,10.34,False
DNAAF2,0.8568137892531767,0.010499094015629,28.71,False
DNAJA1,0.6897338293319802,0.0249557118894183,19.74,False
DNAJB5,0.565837879293044,0.0404817513791294,13.08,False
DNAJB6,0.3568070621773819,0.0683972347339934,12.91,False
DNAJC12,0.6931328747090946,0.024355683860907,9.27,False
DNAJC24,0.4600089423708344,0.0518140123043402,18.2,False
DNAJC6,0.5321383596242218,0.0429933377504339,21.19,False
DNAL4,0.7870889878477898,0.0155508812800464,16.64,False
DOHH,0.6301837789982061,0.031011101985239,19.71,False
DONSON,0.1856690475741221,0.1100772201006002,19.45,False
DOT1L,0.5071418327447155,0.0446081584667609,15.72,False
DPF2,0.7846473064950253,0.0166269942780338,32.34,False
DSN1,0.6391053540363211,0.0290422676302698,22.33,False
DTL,0.2332159955653561,0.0973322913309032,2.74,False
DTNA,0.6969745592910641,0.0231110774365212,8.7,False
DTNBP1,0.5566806811169307,0.0330008590829011,30.39,False
DTX3,0.4159210534873036,0.0573507610316795,13.8,False
DUSP11,0.5456432584300479,0.0390225862563864,16.69,False
DUSP16,0.2827927375447008,0.08183192133915,3.54,False
E2F3,0.1747662094462479,0.1174448582267818,8.06,False
E2F4,0.4810727326056816,0.0470659236463695,11.85,False
E2F6,0.5338155779131235,0.0410505927174153,16.46,False
EAPP,0.4560794182981496,0.0514387888944214,14.16,False
ECT2,0.3410946153466143,0.0711613997925071,6.4,False
EFHD1,0.3824522121750953,0.0626758776300724,12.75,False
EIF1,0.8440769229786806,0.01180841920785,19.1,False
EIF2AK1,0.4018692317370966,0.0601088254537802,4.11,False
EIF4H,0.247894005035933,0.0908749315740338,23.59,False
ELF1,0.3780083103004268,0.0595844819767771,13.64,False
ELF2,0.4365110237849767,0.0553032217246759,18.92,False
ELK1,0.3691405791016245,0.0627740934461939,13.03,False
EME1,0.5846699115268088,0.0339167063191367,25.32,False
EN2,0.2820262361243079,0.0843123581832377,5.96,False
ENDOG,0.4340989408212705,0.0522537653275147,3.97,False
ENKD1,0.2854181665588282,0.079743409112,4.13,False
ENY2,0.7429418918784996,0.0197796936226603,18.37,False
EPC1,0.7841039184834024,0.0159158821981536,26.57,False
EPC2,0.5976207476707266,0.0333455159294783,19.64,False
ERF,0.2953554645405066,0.0813857994819361,10.64,False
ESRRA,0.5758043212787882,0.0349930606687084,10.51,False
ESS2,0.4980075112218436,0.0464946534297622,11.82,False
ETAA1,0.7360219095840428,0.01987426494948,12.53,False
ETNK1,0.1939679581330297,0.1077438864998913,5.71,False
EURL,0.1867882030385673,0.1111323896255507,3.7,False
EXO1,0.3322532691633135,0.0740792276054416,11.23,False
FAM117B,0.3991223507348673,0.0608709385528822,14.19,False
FAM122B,0.7220869334654054,0.0203571684854753,22.61,False
FAM126A,0.680880162683027,0.0229709032204467,30.78,False
FAM177A1,0.5887471322932005,0.0354951790432825,15.1,False
FAM193A,0.6191569472886493,0.0321137801581266,26.63,False
FAM199X,0.7346169008904775,0.0145185180913109,0.47,False
FAM204A,0.2445386122207739,0.0906943059451109,9.73,False
FAM32A,0.2569213349585637,0.0877593745898426,5.44,False
FAM83D,0.2447699372305004,0.0918296336611677,13.3,False
FANCL,0.5910606205825317,0.0375036777461,19.52,False
FANCM,0.2968296400118989,0.0914913530247589,11.72,False
FBRS,0.918999127688252,0.004532947674043,15.61,False
FBRSL1,0.2422126695219927,0.0889950351884858,9.93,False
FBXO11,0.3484389104196003,0.0692918769938906,4.98,False
FBXO21,0.3931663967666448,0.0610223837126968,5.52,False
FBXO28,0.1601201261872252,0.1204324668261606,4.72,False
FBXO3,0.5947673171915455,0.0305211571454974,14.0,False
FBXO38,0.4081414504044272,0.0605542614085943,11.98,False
FBXO46,0.25214501842827,0.0899319003354491,10.0,False
FBXO5,0.1185058781546945,0.1393060263620471,5.19,False
FBXW11,0.5919735475535798,0.0341548978610418,13.74,False
FBXW8,0.5178671704912098,0.0403469270092587,26.66,False
FEM1A,0.2309844642147183,0.0957420356285845,2.94,False
FEM1B,0.4086814325906857,0.0581277671933054,5.31,False
FEZ2,0.4747744444158761,0.0482767868040163,18.7,False
FGD6,0.6507370430556496,0.0300190044219146,32.35,False
FIGN,0.5856736529951836,0.0392411572558151,25.41,False
FIGNL1,0.5924110703691018,0.033519662536929,12.16,False
FLYWCH1,0.5573164196833555,0.0394677947931655,8.72,False
FOXC1,0.2606613416103577,0.0897460512910385,12.04,False
FOXG1,0.1969196073446694,0.1067247494861481,8.85,False
FOXJ2,0.668287321783603,0.027213761118771,23.77,False
FOXN3,0.2039907082169332,0.1045463194245085,5.16,False
FOXO3,0.3965511798668752,0.0611008401204764,16.38,False
FOXP1,0.6763521456684601,0.0263817105284405,21.89,False
FOXP4,0.5940495770968537,0.035013428410973,22.43,False
FRMD8,0.4340969657011699,0.0540069779452446,10.97,False
FTH1,0.2044234948065388,0.1104199095041729,19.21,False
FTL,0.2902006931365213,0.0898459888595343,6.93,False
FUOM,1.0655267719355366,-0.0024912899387552,33.53,False
FZR1,0.3400543647973253,0.0647599006999924,2.56,False
GABARAPL2,0.7347675122243043,0.0202964317464157,30.96,False
GABPA,0.5757853992098931,0.0351721255634574,25.45,False
GATAD1,0.3385584423638582,0.0661281595322449,16.07,False
GATAD2B,0.5141888193644396,0.0424835639263587,20.96,False
GCC1,0.8659604250181943,0.0089588127244028,27.9,False
GGA2,0.2192925509545903,0.0994417557708552,12.95,False
GGNBP2,0.7780838288316512,0.0149359850867659,2.09,False
GINS2,0.8854771283629805,0.0068414113628503,26.24,False
GLI3,0.4759401647155622,0.0492861818783481,21.07,False
GLRX2,0.2725947366926508,0.0843794458688652,11.89,False
GLYR1,0.673019651373884,0.0268735818966844,33.4,False
GMNN,0.0520790738034361,0.1901427533157895,3.47,False
GNL2,0.5434492859334854,0.0386083638372025,27.13,False
GNL3L,0.4323532509173508,0.0550613427712774,8.58,False
GOLGA1,0.621912900186938,0.0311808811671434,33.63,False
GOLPH3,0.9517361094069282,0.003494903334117,32.07,False
GOLPH3L,0.6412631551640122,0.0289462262254563,32.31,False
GON4L,0.3073699354454607,0.077496793384572,11.07,False
GOPC,0.5135138690742023,0.0444473411887861,12.07,False
GPATCH2,0.5449958996309858,0.0409935499173885,18.24,False
GPATCH2L,0.1808479004541,0.1167668519725481,5.47,False
GPATCH4,0.7221714148875211,0.0226360890714103,30.53,False
GPBP1,0.4666238809811222,0.0510549500241777,14.46,False
GPRASP2,0.6641647208954493,0.0254388304757872,27.72,False
GPSM2,0.3312129509845477,0.0728244867625975,5.21,False
GRHL1,0.8814776233887127,0.0127066153115049,9.47,False
GSE1,0.4609174668125161,0.0490059082625823,12.11,False
GTF2B,0.5568076274628648,0.0395098373522437,11.0,False
GTF2H2,0.4837992927901459,0.0448221493809491,11.95,False
GTSE1,0.215841405538209,0.0993375970341713,10.04,False
GZF1,0.5518382473156,0.0387357596977563,18.18,False
HAUS1,0.8763330992718035,0.0052998399160917,16.38,False
HAX1,0.5803743253801761,0.0367611048814094,22.27,False
HDAC1,0.6455217854072095,0.0258224121364212,18.71,False
HDAC2,0.7619998382384966,0.0155674131666537,20.57,False
HDAC3,0.774840062432228,0.015795491848419,29.94,False
HES1,0.2907462931967717,0.081464063097711,0.79,False
HIF1AN,0.5702695219754333,0.0360976298580462,12.37,False
HIVEP1,0.6529325734652525,0.0257702382143254,17.73,False
HJURP,0.261848042497604,0.0841674261603594,12.25,False
HLTF,0.6764470924741071,0.0243514048364545,17.99,False
HLX,0.0987383819874843,0.1559176949034835,1.7,False
HMCES,0.4588924857235395,0.0495920474281624,21.59,False
HMG20B,0.3443005801587848,0.0658551455199724,14.52,False
HMGXB3,0.3552283831440558,0.0673061103736918,10.05,False
HMMR,0.2817437011298846,0.0805450234139622,11.65,False
HOXA10,0.3979547680921462,0.0649197996309223,19.86,False
HOXC10,0.3847154774275003,0.0658982318981283,15.73,False
HOXC9,0.2087329388781952,0.1065968095272283,6.11,False
HSF2,0.3197048159608162,0.0731804474692259,2.09,False
HSPB1,0.6444827316212176,0.0283128075500563,15.81,False
HYOU1,0.7025721787209467,0.0238216166101661,7.8,False
ICE2,0.7543117073225338,0.0194416939640674,28.38,False
IFRD1,0.3668184344399678,0.0661071971956196,19.11,False
IFRD2,0.6753168478246547,0.0257270754014655,32.06,False
IFT20,0.4591480934491454,0.0533223930518751,32.06,False
IFT57,0.4033081393536979,0.0595559023405367,19.86,False
IFT74,0.6861634818721598,0.0238015914852706,28.35,False
IFT81,0.4408865504094499,0.0522879313316637,30.03,False
IGFBP2,0.3836687205775328,0.0627184679419013,1.62,False
IK,0.5322944138232089,0.040398546679479,25.4,False
INCENP,0.3253445021427695,0.0741513299035798,8.58,False
ING3,0.6718986164244602,0.026188251219066,18.93,False
ING4,0.8727953273775528,0.0089422933411049,15.5,False
INO80B,0.4382245012981201,0.0542554647635946,10.19,False
INO80C,0.2639542017016429,0.0882861717168378,9.14,False
INO80E,0.5062870329915938,0.0427112150937161,13.39,False
INTS13,0.6440353980205242,0.0288423640754013,29.33,False
INTU,0.670378691532375,0.0269778200397526,11.11,False
IP6K2,0.1386472883277775,0.1129735852063237,1.31,False
IPMK,0.7546925214801729,0.0159136158364944,12.38,False
IPP,0.8854391352124806,0.004204268316282,17.9,False
IREB2,0.4660160127206327,0.0540457867547627,6.53,False
IRF2BP2,0.6024700683669444,0.0330411805393152,17.35,False
IRS2,0.8819090679975041,0.010742491424191,13.94,False
ISY1,0.8664535442409094,0.0088745974722905,23.56,False
ISYNA1,0.5954023826562967,0.0322872929621599,28.73,False
ITGB1BP1,0.1473132921060519,0.1218087089005332,4.37,False
ITM2B,0.2573209265627767,0.0857500076953888,3.41,False
ITM2C,0.4655264519362977,0.0463378015772873,2.3,False
JADE1,0.5022554974374553,0.0443731070174253,14.62,False
JADE3,0.6871321472234395,0.0248763528635082,33.98,False
JAK1,0.3088016652529748,0.075096839538369,7.32,False
JMJD1C,0.6968288712074369,0.0235607660151248,19.62,False
JUN,0.1132548721451445,0.1427357405213638,0.96,False
JUNB,0.1389994395480651,0.1261862084208465,3.25,False
KANK2,0.3633985360339624,0.065328384342965,9.35,False
KANSL1,0.489373280697038,0.0486341630851791,11.82,False
KANSL2,0.580787967842689,0.0353390032926161,10.28,False
KANSL3,0.6284111283042346,0.0299881711241747,10.39,False
KAT6B,0.5687861822360321,0.0369943162504187,26.47,False
KAT7,0.6628661845389081,0.0264390085526689,26.65,False
KCTD10,0.2365065786753986,0.0968663275519514,11.48,False
KCTD13,0.1555481234537104,0.120315863243099,12.04,False
KCTD20,0.1617848114008491,0.1198510208184356,4.63,False
KCTD3,0.5279953974443834,0.0428517012668333,12.79,False
KCTD5,0.697175036794734,0.0245511030730285,13.68,False
KCTD9,0.7091332019197343,0.0202328793547799,23.91,False
KDM1A,0.6790021536811767,0.025760210184232,31.7,False
KDM1B,0.6672114815380497,0.027537870015067,13.85,False
KDM3A,0.4463715908994815,0.0528210500922935,10.44,False
KDM4A,0.332336118055509,0.0720690102861266,8.91,False
KDM4B,0.7417320756131567,0.0184725842115605,11.86,False
KDM5A,0.3121365365883507,0.076648450614769,16.58,False
KDM5B,0.457661336474395,0.0496867349417338,3.83,False
KDM5C,0.5248351191765723,0.0395838833502237,12.05,False
KIAA0586,0.2494927968472372,0.0920612062443789,4.91,False
KIAA1191,0.5813694076703686,0.038813261962971,13.1,False
KIAA1586,0.4991075621056904,0.0438019869122603,6.9,False
KIAA1671,0.7198302302027246,0.0219561038319726,31.45,False
KIF11,0.5168800840195558,0.0436894216607782,27.86,False
KIF14,0.7323692850770099,0.0203787858422898,30.45,False
KIF18A,0.2521748744506736,0.0889202103321667,4.15,False
KIF18B,0.3143792887618031,0.0729049825811531,9.02,False
KIF20A,0.2943351972783122,0.0811193367288111,4.57,False
KIF20B,0.3448842329256065,0.0697950182485579,9.9,False
KIF22,0.2295816806571981,0.0965369310797489,10.86,False
KIF24,0.2570925364986466,0.092255994775719,9.13,False
KIF2C,0.5872505400467505,0.03543382580058,13.17,False
KIF3A,0.6778971225062429,0.0257817823851944,26.07,False
KIF7,0.7016412987575834,0.0226500824680423,30.7,False
KIFC1,0.2535012058700699,0.0915965511193617,12.48,False
KIZ,0.5353875480186276,0.0413563462060437,19.51,False
KLF5,0.0621541904290102,0.1741383583117813,1.58,False
KLHDC10,0.3534058798994359,0.066949224561678,7.17,False
KLHDC2,0.455915791525164,0.0501396788840251,3.92,False
KLHL11,0.2809217044751513,0.0853912148965165,9.1,False
KLHL12,0.5665999068065364,0.0375018044531974,3.8,False
KLHL13,0.502217214357692,0.0465920680281172,6.27,False
KLHL17,0.3863757465595367,0.0612499047559339,11.92,False
KLHL20,0.493040999839104,0.0452602720605873,11.96,False
KLHL22,0.7938375151498077,0.0142839125521929,17.17,False
KLHL24,0.3248941947720767,0.073969430954842,5.04,False
KLHL42,0.6598796544817838,0.0282269160133392,31.12,False
KLHL7,0.6456030707178463,0.0268055097732397,25.71,False
KLHL8,0.2973451355051922,0.0784396174580562,4.05,False
KLHL9,0.4703304268322077,0.0470841096311816,4.89,False
KMT2C,0.6661017391968974,0.0278953840685311,28.62,False
KMT2E,0.4929966778711016,0.0491367324794451,9.7,False
KMT5A,0.159189226317744,0.1204467401296854,1.33,False
KNL1,0.5458515473142007,0.0393542029085643,16.3,False
KNSTRN,0.4366892727717328,0.0528951178771829,11.68,False
KPNA2,0.6491835259214542,0.0286769993980635,15.16,False
KRBA1,0.7137953523015421,0.0243637691418751,15.56,False
L3MBTL2,0.3515156333294063,0.0652321611149955,15.05,False
L3MBTL3,0.4278577296272726,0.0540993035374125,20.77,False
LAMTOR4,1.280688082282425,-0.0175175136671482,21.33,False
LARP4,0.6987012973502906,0.0237867917762088,11.73,False
LCA5,0.5186511174990709,0.0454713179691604,10.66,False
LEF1,0.2484271979048982,0.091478056281939,5.76,False
LIN54,0.5362906511274561,0.0417983210960915,17.77,False
LIN9,0.4136710199742951,0.0581331765607749,16.58,False
LIX1L,0.2179965124347825,0.0992755822011346,10.81,False
LNX2,0.2480910604674301,0.0900941422562975,9.16,False
LONP2,0.1349472715057285,0.1363770110142564,2.92,False
LONRF2,0.6905352184180094,0.0199680061647173,8.45,False
LPIN1,0.3441515717059263,0.0710268401219719,13.49,False
LRCH2,0.6038400434225548,0.0337535664349875,31.37,False
LRIF1,0.5251048693300282,0.0423511061794,11.54,False
LRPAP1,0.2945462630707381,0.079920249071538,14.2,False
LRR1,0.3437584341640045,0.0706168634171259,6.01,False
LRRC28,0.4536044596849504,0.04556978555255,10.45,False
LRRC41,0.7540768355443128,0.0175553142851697,7.45,False
LRRC42,0.3315859500775012,0.0675663508528167,6.71,False
LRRC45,0.4085760188843525,0.0598249408729969,4.54,False
LTO1,0.8086690562561698,0.0134558207380606,25.09,False
LZTS2,0.5646943520958452,0.0367446411857541,13.21,False
MAD2L1,1.236255053267292,-0.0140143003037397,28.13,False
MAD2L1BP,0.31891722321789,0.075406778638821,20.78,False
MAFG,0.2593261661112424,0.0900664204110303,15.01,False
MAGED1,0.2301857795317118,0.0918414985587151,2.55,False
MAGED2,0.452524906194487,0.0523189080326905,13.08,False
MAGED4,0.1013599816349993,0.1513954617454223,5.33,False
MAML1,0.3471755210132644,0.0732680366408552,10.61,False
MAP3K1,0.2806919097577371,0.0840331169203485,12.27,False
MAP3K2,0.7775690489249726,0.0174171698451306,33.8,False
MAST2,0.6040157080382491,0.0348951181920074,24.67,False
MB21D2,0.7768033845480325,0.0173415785619178,25.98,False
MBD3,1.0043294677030912,0.0003879277248911,33.59,False
MBIP,0.8746466340550931,0.0071960387352024,17.26,False
MCC,0.4120043031046259,0.0574133516773992,12.13,False
MCL1,0.3327002528858875,0.0701566244694876,2.32,False
MCM10,0.118050326203856,0.1400847699070803,2.67,False
MCM8,0.4899884817421972,0.044408511078229,10.42,False
MCM9,0.7431016873829005,0.0171456861781448,26.56,False
MCRS1,0.5934485487331614,0.0338572272610858,14.36,False
MDM1,0.4391182271579883,0.0535305194519254,11.08,False
MED10,0.7441382164622264,0.0173574273009031,20.94,False
MED15,0.6070278663906647,0.0305921866526543,13.76,False
MED17,0.874264858505462,0.0075266580607957,19.99,False
MED29,0.5358388017142633,0.0407479360887897,13.86,False
MED4,0.469133392094802,0.048403615262988,21.06,False
MEF2D,0.7049553354815605,0.0219868314278501,30.92,False
MEX3C,0.5856217884729764,0.0397170976953267,14.01,False
MGA,0.6690562296167056,0.0262791257630819,18.16,False
MGRN1,0.540345543644958,0.0427177055093449,11.33,False
MIB1,0.3541356464689847,0.0698777006272457,12.9,False
MIB2,0.5473079666645959,0.0438496585420523,18.49,False
MID1IP1,0.3258849883031747,0.0748048212863431,3.68,False
MIER3,0.3506445530618391,0.0691017082927677,13.11,False
MIS18A,0.538020635606547,0.0413901177755715,9.51,False
MKNK1,0.6152384487527878,0.0322284550002363,15.61,False
MKS1,0.3110745266987559,0.0796217856582404,10.75,False
MLF2,0.1153825926421423,0.140869171086393,3.77,False
MLLT3,0.508336260269689,0.045624455491979,23.2,False
MMADHC,0.3976042110817134,0.0524918063019228,1.0,False
MNAT1,0.7472217733228218,0.0197649156977657,16.96,False
MND1,1.0585917422718634,-0.0051953547214403,17.55,False
MNT,0.3254454483013963,0.0738045369608703,16.69,False
MNX1,0.6492954981131881,0.0293129195876637,18.61,False
MORF4L1,0.149806900511934,0.1214553973391506,2.66,False
MORF4L2,0.215170485973791,0.0943354368044304,1.67,False
MPHOSPH9,0.5427905828517892,0.0399665467650784,19.97,False
MPLKIP,0.074950451598974,0.1617080253079224,0.79,False
MRFAP1,0.2230146990517436,0.0924994761328525,1.34,False
MRNIP,0.4566595193161542,0.0510182845022933,18.56,False
MRTFA,0.7263164053170743,0.0222041988773857,31.11,False
MSL3,0.5928832853414456,0.0341052411350825,20.91,False
MSX2,0.128129947129486,0.1366008626742643,1.2,False
MTA2,0.8845770582402284,0.0086375400804275,25.26,False
MTBP,0.4184437997489628,0.0586285812425545,17.04,False
MTFR1,0.5138799055606458,0.0447258934685855,14.23,False
MTFR1L,0.5214746339918773,0.0419776690616681,13.78,False
MTFR2,0.3142371165670571,0.0747300658917553,12.59,False
MTMR3,0.7949027217761386,0.0165094932853394,24.27,False
MTMR4,0.4139623062459511,0.0581844598782179,3.78,False
MTR,0.3879928114901963,0.0591828557274209,9.84,False
MTUS1,0.5422438586103295,0.0401548245985532,30.34,False
MYBL2,0.1404430831658402,0.132586790535413,11.32,False
MYC,0.2173628704730211,0.0990551979816126,2.47,False
MZT2B,0.2833110222427553,0.0836307251350599,12.84,False
N4BP3,0.7498377843198715,0.0172319315547966,11.53,False
NAB2,0.7554726374322487,0.0194716464598188,25.19,False
NABP2,0.5729092705063161,0.0371604929951743,24.66,False
NACA,0.5463077379603751,0.0398717728198446,29.56,False
NACC2,0.7173047004506641,0.0179841840829573,13.54,False
NADK,0.779932559730274,0.0161137318502152,32.54,False
NAF1,0.6076476343263872,0.0304959536769524,30.6,False
NARF,0.5658930313334454,0.0339966161257124,17.99,False
NASP,0.9862028539495418,0.0022832067058948,8.39,False
NBR1,0.159942551018267,0.1194745716712814,3.31,False
NCKAP5L,0.5529023565355654,0.0394230938672178,11.78,False
NCOA3,0.674866136891116,0.0258021243281543,17.18,False
NCOA4,0.2332711554281548,0.0875901011345499,0.77,False
NCOR2,0.8071426301051104,0.0123823973773775,33.71,False
NDC80,0.5878862177180051,0.035068335980685,13.14,False
NDEL1,0.4197778601951807,0.056940054519715,10.24,False
NEIL3,0.7008393433886342,0.0175144469023286,4.04,False
NEK2,0.1768742186942603,0.1079164390717676,0.97,False
NEO1,0.0827285954516667,0.1604303112535763,10.59,False
NET1,0.2326410275763039,0.0935699482210088,2.4,False
NEU1,0.2531956501146097,0.0891529403265453,6.39,False
NEURL4,0.7661759906188135,0.0183822236649109,24.82,False
NFATC2IP,0.6536566025281907,0.0286900248504327,27.67,False
NFKBIL1,0.3853686447156711,0.063699225421259,17.05,False
NFRKB,0.3466225225073163,0.0688683945761579,9.65,False
NFYA,0.4527222289264987,0.0568576563423879,25.33,False
NIN,0.6035060332766764,0.0320032844538047,15.59,False
NKIRAS1,0.4596975845271902,0.0527635935244741,14.94,False
NKIRAS2,0.6410653349088173,0.030225557251141,22.03,False
NKX2-5,0.5413011533921576,0.0418531400591455,9.53,False
NOB1,0.7028007791990583,0.0228835666897639,26.26,False
NOL7,0.4040323559281812,0.0606139620532441,33.56,False
NOP53,0.5207600087226307,0.0465060817462811,29.31,False
NOSIP,0.6523877217557551,0.028248606593149,12.45,False
NPAT,0.3427058384624653,0.0713565074874474,10.4,False
NRBP1,0.7980017108126823,0.0158208960506225,31.9,False
NSD1,0.4921411039193919,0.0466936379626375,9.55,False
NSD2,0.6438307582167231,0.0288959787347301,19.57,False
NSMCE1,0.7167488617905566,0.020107321550729,32.65,False
NSMCE2,0.3990637927682555,0.0589855437316854,24.53,False
NUF2,0.5537332400272555,0.0380740689185238,17.71,False
NUFIP1,0.4514903228310925,0.0515050892066523,8.83,False
NUMBL,0.6963125686480093,0.0234249196007985,11.07,False
NUP153,0.5969038705204495,0.035549810496407,23.77,False
NUSAP1,0.2157015510945867,0.0998786131278769,3.23,False
OBSL1,0.5287218121178527,0.0412604226851921,11.3,False
ODF2,0.2776840143727903,0.0828201592597002,3.87,False
ODF2L,0.3814829767969868,0.0640840053132008,2.52,False
OFD1,0.4113014644910027,0.0570056973687053,12.22,False
OGFOD1,0.8545471381485785,0.0106620658099144,25.67,False
OGT,0.569207039522409,0.0365198169418853,18.46,False
OIP5,0.6126245747650307,0.0325251105391919,9.17,False
ORC6,0.4016838117624576,0.0593015082652223,5.88,False
OS9,0.3018095284896771,0.0794920542851711,23.03,False
OSER1,0.0920098193557645,0.14862628621454,0.64,False
OTUD5,0.7675103566353487,0.0162245384626048,13.01,False
PALB2,0.6308824720058342,0.032096128955748,21.51,False
PANK3,0.7308654514225377,0.0191316408847998,21.27,False
PAPOLG,0.6771150264994829,0.0275405540455783,19.32,False
PARP4,0.2233585318214676,0.0951502836608128,3.29,False
PATZ1,0.6358317701874425,0.0298586394305413,20.08,False
PAWR,0.7261239632013081,0.0221428030937966,18.38,False
PCGF1,0.8847171485086981,0.0085288357529441,23.08,False
PCGF5,0.9910638469924145,0.0015386870020351,28.49,False
PCGF6,0.5909138078571774,0.0334905530175955,15.25,False
PCLAF,0.3515621076415322,0.069866226932953,1.6,False
PCM1,0.7096403366252104,0.0223631662955914,17.45,False
PCMTD2,1.4066768421938685,-0.0250474946715403,3.79,False
PDCD2,0.7936709021992885,0.0166648226789603,22.86,False
PDCD4,0.2497037884502918,0.0889186002197788,1.62,False
PDCD7,0.7919480261100549,0.0155044446519729,21.99,False
PDE4DIP,0.6867138505330848,0.0236510885384283,25.72,False
PDP2,0.2537056814676446,0.0926300937679237,8.73,False
PDZD11,0.2053336655324568,0.1030080720978672,13.95,False
PDZRN3,0.4367789488072457,0.0550132047594974,14.95,False
PEX7,1.0787860637421496,-0.0056124293170112,19.32,False
PFDN5,0.8887786816360139,0.0065046117788843,13.73,False
PFDN6,0.5167308377733915,0.0436550583449865,21.43,False
PHF10,0.6183809143096878,0.0315071686022792,15.52,False
PHF14,0.5413200588170406,0.0395378502252892,18.69,False
PHF20L1,0.7925087189957254,0.0149623143285236,18.63,False
PHF21A,0.6634802568126108,0.0281398472243304,31.25,False
PHF23,0.4437571021020062,0.0549287502810312,19.66,False
PHLDB3,0.6415064218537834,0.028313824197581,30.76,False
PHLPP1,0.2573002935191403,0.0864931308544417,7.29,False
PHRF1,0.380275393996736,0.0641706018064045,17.51,False
PHYH,0.2921558057287671,0.0830824377014623,12.24,False
PIAS1,0.4393740242708161,0.0541542210086365,18.19,False
PIAS3,0.4881418165322611,0.0477099907760341,9.76,False
PIAS4,0.4479136230627821,0.053800070978329,13.66,False
PIBF1,0.2923020104169587,0.0799847401550761,7.23,False
PICK1,0.4578691820455627,0.0466325419193938,15.91,False
PIK3R1,0.6677629591864869,0.0268798904615232,28.78,False
PIK3R2,0.3957014220536242,0.0603842182701538,22.01,False
PIP5K1A,0.2821888169330656,0.0830926794172655,17.35,False
PIP5K1C,0.3430627049483756,0.0696409714080185,23.14,False
PITX1,0.2942635921208522,0.0810221382267669,8.79,False
PJA1,0.6419325393612696,0.0278449541681697,5.22,False
PJA2,0.2401863111800999,0.0912164224441285,3.03,False
PLAGL2,0.1988027438637253,0.1077454933631539,9.19,False
PLD3,0.2841519850486099,0.0809339751103563,11.24,False
PLEKHM3,0.4967314829061517,0.0432196041421547,13.83,False
PLK1,0.3940185809758179,0.0604332623147712,9.12,False
PMF1,0.8086340596692112,0.01105248308393,11.29,False
PMM1,0.9598809366845398,0.0031805465947828,11.67,False
PNMA1,0.4219754105091419,0.0555896442772958,1.16,False
PNMA2,0.7639702615591817,0.0178144300561902,13.87,False
PNMA6A,0.3152464133541253,0.0672688899047296,9.09,False
PNMA8A,0.3080401330037691,0.0742222971223199,11.99,False
PNPLA2,0.4592859011967671,0.0490935240143846,2.48,False
POC1A,0.4873626408217294,0.0479990102642935,7.29,False
POC5,0.3644455911039844,0.0660155750928722,12.48,False
POGK,0.8404217096338864,0.0118331637126026,32.81,False
POLE4,1.4077215215977965,-0.0251484162645205,33.56,False
POLK,0.4618994066335046,0.0484342437100144,6.38,False
POLR1D,0.4836697625605039,0.0498658258938153,9.43,False
POLR2A,0.5102799226326253,0.0419825935281153,18.7,False
POLR2C,1.7031824473952688,-0.0377529902162394,18.23,False
POLR2E,0.576915297860584,0.0348171337476749,28.99,False
POLR2G,0.861420703261778,0.0087459922104665,23.42,False
POLR2I,0.6580891154170239,0.0262890616719359,20.19,False
POLR2K,0.4927010964475496,0.0478241101399625,17.88,False
POLR3K,0.4616073223977622,0.0473911580384642,14.73,False
POMP,0.1977095157599608,0.1021747338103014,1.2,False
POP7,0.3710558725840511,0.0623024362654231,18.82,False
POT1,0.6850299810456524,0.0247904841606822,12.61,False
PPIL2,0.6432125262358261,0.0295491595890396,17.15,False
PPIL4,0.7447670114148531,0.0198045668670532,28.72,False
PPM1D,0.1314157944483731,0.1265576231649256,2.29,False
PPP1R35,0.545451413591558,0.0325353484325305,9.48,False
PPP2R1B,0.6445943381309623,0.027583463362034,17.03,False
PPP4C,0.6782448723464546,0.0243861613780113,19.47,False
PRC1,0.3037975685386099,0.0789900361243782,10.59,False
PRDM16,0.3350071018243728,0.0722517057213359,14.8,False
PRELID3B,0.1070525848951118,0.1387829724525072,0.3,False
PREPL,0.730240709873582,0.0204583636454063,27.58,False
PRKAR1A,0.4120569437972505,0.0586960980506966,9.49,False
PRKAR1B,0.3610911830674657,0.0699985467204927,23.45,False
PRKAR2A,0.9752730537328372,0.0021198376644036,5.41,False
PROSER1,0.5973068573789138,0.0337338868226688,25.84,False
PROSER2,0.7137585388664482,0.0217210537638,18.24,False
PRPF18,0.8562046720911292,0.0099946298378845,16.17,False
PRR11,0.252449099064747,0.0928816269454764,7.13,False
PRR14L,0.5328342165111464,0.0400561233522799,11.24,False
PRR3,0.7728803791631673,0.0150087973915544,4.79,False
PRRC2B,0.5973008957339485,0.0345671620947137,16.95,False
PRRC2C,0.6616597757542737,0.027228667898741,14.14,False
PSRC1,0.2017117959615364,0.1015039655714508,3.45,False
PTAR1,0.5421991035362907,0.03953097059995,14.79,False
PTTG1,0.4166954852079481,0.0532095194439324,1.12,False
PYCR1,1.0016428628668788,-0.0002186149720437,0.73,False
QKI,0.7011228581609541,0.0240656876257294,16.81,False
RAB40C,0.3857940164392555,0.0600141212321061,6.42,False
RAD1,0.794632762892701,0.0154374870575896,24.47,False
RAD18,0.8281368755092987,0.0118010436017833,24.78,False
RAD21,0.4818053396337739,0.0493065991829711,21.55,False
RAD51,0.7346342030118937,0.0197567166579825,11.24,False
RAD51AP1,0.3771150907523081,0.0638716500453859,7.64,False
RAD51C,0.6953218568030259,0.0226480639046565,19.83,False
RADX,0.7216064006736682,0.0194431649481915,19.01,False
RASSF3,0.136501108275509,0.1368280173884251,3.6,False
RASSF7,0.8032761893930354,0.0170451525405336,20.97,False
RASSF8,0.6473443117723623,0.0299583407372199,22.13,False
RBAK,0.1572696136899213,0.1199864305825518,6.58,False
RBBP4,0.8523765715692218,0.0108567497785462,26.6,False
RBBP5,0.7290444917624563,0.0212987206020048,32.14,False
RBL1,0.6580969072838334,0.0275571525410789,20.7,False
RBL2,0.5437522584887169,0.0401496227243948,22.78,False
RBM18,0.0785241639728722,0.1667638637955258,2.94,False
RBM19,0.6136625159180946,0.0323422950880749,16.74,False
RBM23,0.2398943346159995,0.0861240359816306,1.94,False
RBM4,0.6316022914561368,0.0309163249056837,25.99,False
RBM41,0.3818636093124329,0.0582269328047709,11.92,False
RBM42,0.3592838393647354,0.0668854834642309,17.09,False
RBM5,0.6378684967585769,0.0293692539747911,11.53,False
RBPMS,0.5793614005454142,0.0367028932842265,12.51,False
RCOR1,0.9325587136377472,0.0049374924065546,29.54,False
RCOR3,0.8360087473339285,0.011994328416413,31.17,False
RECQL5,0.6987034904792019,0.0247296667596973,27.77,False
RENBP,1.268448627252185,-0.0175104152171739,19.24,False
RERE,0.2796238306954364,0.082685524615339,18.86,False
RFC2,0.8476579406314779,0.0095032734483644,30.94,False
RFWD3,0.2682303121071518,0.0823272894086525,1.71,False
RFX7,0.4034940517072102,0.0611126474651756,18.71,False
RGP1,0.8299403734935296,0.0114625702530482,17.03,False
RGS12,0.7843999138341529,0.0163916181518026,25.78,False
RIMKLB,0.3052842997957423,0.0773107935538463,1.83,False
RIMS4,0.324610237050317,0.0699773210869781,11.82,False
RIOK1,0.6237909684880201,0.030276496145735,30.62,False
RIOK2,0.3656293569316892,0.0658275297989304,13.44,False
RLIM,0.0523193861605397,0.1941070494073968,1.7,False
RMI1,0.7585336106689096,0.0180740821621281,27.09,False
RND3,0.1692339938969423,0.1153882226024845,2.37,False
RNF115,0.1162780619446665,0.1401465897995688,2.39,False
RNF138,0.6811256037953499,0.0216337243406569,3.62,False
RNF168,0.5719934167082557,0.0342813987483325,8.16,False
RNF181,0.3925299605329693,0.061999213245896,6.31,False
RNF187,0.3197546214504708,0.0620677656230572,0.51,False
RNF19B,0.186777543272748,0.1079069587237592,1.42,False
RNF20,0.8005437659483523,0.0145206478973363,13.69,False
RNF216,0.4802999273890654,0.0466196605927309,2.97,False
RNF34,0.2978118994081802,0.082556337537772,11.51,False
RNF40,0.5320659502825376,0.0413862457755419,11.94,False
RNF8,0.3641687375344296,0.0632311831139103,5.19,False
RPAP2,0.9999416689639372,0.0008098437431718,19.72,False
RPGRIP1L,0.3185065319965902,0.0778794371203396,5.57,False
RPIA,1.0628356169426936,-0.0047606404664352,18.29,False
RPP25L,0.8363658809978236,0.011998164411079,10.72,False
RPS7,0.6154118617347341,0.0301684174050118,13.2,False
RRAGA,0.8191512478368724,0.0122292287539766,18.8,False
RRBP1,0.8688167848845173,0.0092824281965456,13.95,False
RREB1,0.4822784209362034,0.0476695790180201,15.64,False
RRM2,0.1969155268455973,0.1058672459193727,12.2,False
RRN3,0.3061578845538618,0.0778069617705374,6.81,False
RRP36,0.2599464543707027,0.0889979297157131,9.06,False
RSL24D1,0.7076223308774385,0.0231937430533486,30.03,False
RTKN2,0.2785338699687505,0.081565878960351,2.92,False
RUNDC1,0.2735916344355922,0.0857760014159662,9.07,False
RUNX1,0.6218675598010336,0.0307771760733363,11.93,False
RUNX1T1,0.4368757525354177,0.0522488032906383,8.84,False
RXRB,0.5614131568063061,0.0368186784883276,16.92,False
S100PBP,0.2473086948462949,0.0903880371255326,3.04,False
SALL1,0.539388809926826,0.0413177029483018,17.58,False
SALL2,0.6232163215748527,0.0305104790813744,11.79,False
SAMD11,0.4655819428437029,0.0493244373978944,5.64,False
SAPCD2,0.4657361996939284,0.048706439341537,3.83,False
SASH1,0.5185421958121015,0.0486209447759269,18.01,False
SASS6,0.3570109368626357,0.0678454360848555,17.09,False
SATB2,0.6755391155746001,0.0270174441578675,22.03,False
SCAF11,0.7007381505767702,0.0238191812864829,8.44,False
SCLT1,0.8899927319401382,0.0057493276095976,16.0,False
SCML1,0.4946997815288634,0.042673985698241,0.8,False
SCML2,0.6448326396353472,0.029672551099645,27.98,False
SCNM1,0.1841166993076636,0.1112916828409116,8.56,False
SDCBP,0.6016666347039876,0.0302964644985739,20.96,False
SDCCAG8,0.3311740783318939,0.0709619851913981,11.1,False
SDE2,0.3949405936774579,0.061799215671272,8.52,False
SENP6,0.5473697329829128,0.040212683495543,14.51,False
SF3B6,0.5049700558320427,0.0454512251328159,26.07,False
SGF29,0.7666048370807822,0.0162747355396896,18.15,False
SGO1,0.3010128119869262,0.0791376504949162,9.68,False
SH2B1,0.9474277955817618,0.0030094069034869,29.49,False
SHARPIN,0.7085563112145392,0.0234727724884432,21.57,False
SHCBP1,0.6831592379112839,0.0238594986186717,12.89,False
SHKBP1,0.339143401829681,0.0726332838887324,9.65,False
SHQ1,0.5948383137857332,0.0340379648355885,9.19,False
SIAH1,0.5556819618740837,0.0417743064621928,15.2,False
SIK2,0.4013310531779531,0.0599285671330883,20.3,False
SIKE1,0.268135190352897,0.0869303689883345,16.57,False
SIL1,0.3704254065050386,0.0648941086860839,13.34,False
SIN3B,0.6045900564343609,0.0329986426770354,15.32,False
SINHCAF,0.1421401703251802,0.1264701870780813,2.52,False
SIX4,0.6228808686630773,0.0332389228431775,32.21,False
SIX5,0.315575197945496,0.0777796875217483,15.21,False
SKA1,0.6951786492684082,0.0233231003478342,13.84,False
SKA2,0.4112246446217068,0.0575393769363476,11.28,False
SKA3,0.6185722291068996,0.0312371836422203,18.05,False
SKI,0.4801257003185881,0.0493672409964212,2.83,False
SKP1,1.0349494180897842,-0.0015660967449141,24.75,False
SKP2,0.3749679610386918,0.065702100347924,9.47,False
SLAIN1,0.7891452358160073,0.0166939154863918,13.55,False
SLBP,0.1916497374901833,0.1098369340159348,11.03,False
SLF1,0.4974062308282977,0.0452366008803268,8.61,False
SLF2,0.5044376246693086,0.0452858391389826,13.16,False
SLIT2,0.4507114415570604,0.0481343862941223,7.43,False
SLU7,0.4834892840830804,0.0477971901552154,14.81,False
SMAD5,0.5659643532590182,0.037581075829143,26.43,False
SMARCB1,0.6822220879587417,0.022952446524654,26.34,False
SMARCE1,0.8176751100856128,0.0140154869600422,33.83,False
SMG9,0.6675537135982604,0.0234436704716112,28.87,False
SMIM12,0.7422211716120386,0.0192480648952473,5.4,False
SMIM26,0.2278620187951482,0.0944220517340497,2.15,False
SMNDC1,0.6172818982628107,0.0310464383471026,32.29,False
SMTN,0.3768752014909542,0.0634372530475577,13.24,False
SNAP29,0.7149156135547847,0.0224026397817653,33.92,False
SNAPC2,0.7861048035170192,0.016809709777603,21.78,False
SNAPC3,0.6534014458795114,0.0217700411309067,14.41,False
SNAPIN,1.5224010969538817,-0.0274008030850007,29.94,False
SNF8,0.5926056016842663,0.0332830339342654,23.94,False
SNX17,0.5780847361468161,0.0333707499020739,20.3,False
SOGA1,0.8904157085495612,0.0088028179115984,25.67,False
SON,0.5742576761131697,0.0361754511678707,21.34,False
SOX13,0.8293494132923422,0.0118197973220631,4.58,False
SPAG5,0.5843884279527184,0.0334505180214477,18.24,False
SPART,0.8451564718819982,0.0119234946318235,30.42,False
SPC24,0.8913774312072382,0.0085668890417558,28.34,False
SPC25,0.8971643619131966,0.0057353798987414,20.5,False
SPDL1,0.3232102300778137,0.072724405840049,8.59,False
SPECC1L,0.5406855207380403,0.0395816403817613,21.59,False
SPEN,0.5627704816238341,0.0390019906641636,25.67,False
SPICE1,0.4310638520673315,0.0542693571666682,12.03,False
SPOP,0.3371631195058185,0.0693096576014386,2.45,False
SPRTN,0.3875843256856229,0.0609727006236656,8.7,False
SPTB,0.8645117497442509,0.0117041098307665,25.73,False
SRRM2,0.7773750622626789,0.0163387993620527,22.52,False
SRXN1,1.8429182088617173,-0.0396283733983609,16.64,False
SSX2IP,0.5238765283430524,0.0410867088771238,8.69,False
STARD7,0.508723092886751,0.0448868223494276,7.97,False
STARD9,0.7832756295318974,0.015025271288046,21.06,False
STAU1,0.6454769360265112,0.0294357069414301,20.08,False
STIL,0.1597435055580897,0.1205782960219713,10.98,False
STK17A,0.2038103780628403,0.0989706626625787,1.75,False
STK17B,0.4148050936452293,0.0556344084325457,11.93,False
STK25,0.7016066085871071,0.0233475985683495,27.53,False
STMN3,0.3394434010784861,0.0659969987531611,0.85,False
STXBP4,0.6632933272079571,0.0274511882149618,28.55,False
STYX,0.7028680600344438,0.0230122851395475,12.89,False
SUDS3,0.708333754233329,0.0232777237616457,29.96,False
SUFU,0.6111746765253935,0.0308602353452905,12.73,False
SUGP1,0.759998240156403,0.0189344664294195,29.11,False
SULF2,0.1650150917634409,0.1198793943030418,6.31,False
SUV39H1,1.103087551908544,-0.0067379212519804,10.51,False
SVBP,0.7291073496167241,0.0182010693583477,24.45,False
SYDE1,0.8275541027924391,0.0127209040511215,14.31,False
SYF2,0.4857404417178771,0.0467929699620292,8.66,False
SYNRG,0.6265574749294416,0.0300502957167283,24.91,False
TACC1,0.6220855437603836,0.0316532896699291,28.98,False
TACC3,0.3877208578225263,0.0620097172296546,12.46,False
TADA1,0.8851390766726586,0.0087147560930976,22.19,False
TADA3,0.7706011447311264,0.0174374159399434,20.31,False
TAF10,0.7750918388523478,0.0181492153307368,26.4,False
TAF1B,0.4128495133001675,0.0537041190892133,16.8,False
TAF1C,0.8308375211272976,0.0112763143825616,25.08,False
TAF7,0.2634038100717735,0.0854368162139653,4.34,False
TAF8,0.6159364643083097,0.032024375570398,26.61,False
TAF9,0.6148118425116684,0.0315809170398032,22.46,False
TAX1BP1,0.1858192956041049,0.1071624238929241,2.0,False
TBC1D14,0.533709646255166,0.041593058623647,13.08,False
TBX3,0.1881162725238122,0.1108138787442692,9.76,False
TCEA2,0.5568801261891436,0.0349913479727421,12.22,False
TCEAL4,0.3280524991667184,0.071696429226723,4.9,False
TCEANC2,0.4147744937921546,0.0563701499358101,14.39,False
TCF12,0.4286241974269041,0.0579020116832795,6.89,False
TCF3,0.342576076458392,0.0717122858245887,9.21,False
TDG,0.2230281466668196,0.0993780031503945,14.15,False
TENT2,0.4074239711261842,0.0591006039845164,20.71,False
TERF1,0.6814164758202588,0.021769108007038,9.86,False
TERF2IP,0.4080727308204477,0.0603677639609105,13.36,False
TET2,0.6360643709265736,0.0285250303016509,28.38,False
TET3,0.5883874740000155,0.0350359221332605,8.16,False
TEX9,0.2769869097192707,0.0825606759898013,4.42,False
TFAP4,0.3215726997893186,0.0728939165549747,3.27,False
TFDP1,0.5081336890775942,0.0439410029303294,23.4,False
TFDP2,0.8479402252304327,0.0037037639298549,4.5,False
TFE3,0.6257003781661974,0.0301855969139403,16.35,False
TGIF2,0.0993169286374571,0.149314956361996,2.42,False
THAP11,0.4446294290315088,0.0511869647766754,14.69,False
THAP3,0.1269971705640604,0.1339890506089694,2.71,False
THAP4,0.5869048736709231,0.0324264907012785,13.27,False
TIGD5,0.6494785210111284,0.0307997362227592,7.26,False
TIMELESS,0.5725870320142493,0.0344928205987899,14.87,False
TIMM17A,0.2717186821719509,0.0849484467013587,2.37,False
TIMM8B,1.0736278571533595,-0.0025712250739064,10.64,False
TINF2,0.623455751888127,0.0325561096176818,12.95,False
TIPIN,0.3821975805109515,0.0647586733137078,9.26,False
TJAP1,0.2236696972081041,0.1001798064549784,8.09,False
TK1,0.2913940997721951,0.0819085371067326,8.36,False
TMEM132A,0.1696733049040458,0.1171058321965008,6.7,False
TMEM248,0.5379391628039321,0.0358177962728336,4.27,False
TMEM263,1.1917126433507406,-0.0100975235798518,24.51,False
TMEM59,0.4237701200719839,0.0490339387256393,1.5,False
TMF1,0.6325301148633757,0.0303916886710139,18.92,False
TMOD1,0.3909814016174596,0.0608216797664102,22.5,False
TNRC18,0.2331105743746841,0.0959519731573923,5.77,False
TOM1L1,0.4264117430147428,0.0552551570613383,32.5,False
TOR1AIP2,0.7986658267311092,0.0156297368348147,11.47,False
TP53BP2,0.5741790162097782,0.0353230587638308,21.31,False
TPGS1,0.2543457556337359,0.0832535783933287,8.51,False
TPX2,0.1735871039230349,0.1157245615451074,3.74,False
TRAIP,0.3583666163601219,0.0620964534348325,1.49,False
TRAK1,0.7528882077980454,0.0196045139596074,13.13,False
TRAPPC13,0.7977564763319622,0.0136216652480194,33.63,False
TRAPPC2,0.3687021569931799,0.0661329894199639,14.86,False
TRAPPC2L,0.5087560989636667,0.0428532713482353,13.39,False
TRAPPC4,0.7172580454108081,0.0207729206714703,14.33,False
TRAPPC5,0.5257753378843761,0.0438622395911648,11.67,False
TRAPPC6A,0.6712728362401112,0.0210589160467033,25.09,False
TRIM11,0.253718582558741,0.0875383154656163,7.8,False
TRIM24,0.4733610293840373,0.0496890880877113,23.37,False
TRIM26,0.9871956915333348,0.0020509147111193,31.55,False
TRIM27,0.2680588595360543,0.0872594888627451,13.05,False
TRIM32,0.6509744322135234,0.0293043857433015,24.71,False
TRIM35,0.2117951716839856,0.1003557851732236,3.89,False
TRIM37,0.305488241974612,0.0776514849459764,8.64,False
TRIM39,0.2693060655763782,0.0864514590618194,13.59,False
TRIM4,0.6059063569235053,0.0325027273052581,24.17,False
TRIM41,0.4447918425597849,0.0523654832633071,25.97,False
TRIM5,0.6074392906507455,0.0332069570438905,27.16,False
TRIP11,0.7482566147517463,0.0189210264140924,23.06,False
TRIT1,0.5289720584887476,0.0404601288065673,22.63,False
TRMT112,0.546566702548348,0.0373187713386945,20.89,False
TRO,0.3789772210355512,0.0639171619327928,13.03,False
TRPC4AP,0.4223026516688413,0.0575259780326786,3.2,False
TRPS1,0.6393363015689046,0.0311133908019336,25.41,False
TRPT1,0.7928810104291449,0.0162980424729905,32.76,False
TSEN34,0.2366577243863268,0.094036578614599,9.96,False
TSHZ1,0.8086782881419705,0.0145304543631069,14.49,False
TSHZ3,0.7086524573923971,0.0230327039289274,27.41,False
TSPYL1,0.1602589913404598,0.1162291225582609,2.69,False
TSR3,0.8380827224036025,0.0116464480999713,13.63,False
TSTD2,0.4889587990393015,0.0469977520602143,14.22,False
TTC14,0.514456497679902,0.045791144595558,17.43,False
TTC17,0.405241300051385,0.0588492741387981,18.31,False
TTC31,0.3072447492898688,0.0784043332018891,8.03,False
TTC32,0.430576080019156,0.0426832005295249,1.3,False
TTC33,0.6592524180007111,0.0256436743425879,28.39,False
TTK,0.4272283949360057,0.0561821163055787,14.67,False
TTLL4,0.4501309240748021,0.0509087873769736,8.94,False
TUBG1,0.5622476710329625,0.0356440928582393,28.76,False
TUFT1,0.2457586752986622,0.091714770733509,8.3,False
TULP3,0.3673034786944986,0.0666400161443549,10.52,False
TUT1,0.2825327462259314,0.0859419932376053,7.17,False
TWISTNB,0.6264191029076596,0.0322383300788189,13.03,False
TXNDC9,0.7033484527624263,0.0239210005549416,19.75,False
TXNL4B,0.8655590149348331,0.0078610370558741,27.65,False
UACA,0.6656473680693102,0.0265539362207469,21.33,False
UBE2B,0.562190962840782,0.0387057246715642,13.82,False
UBE2C,0.2711099434065369,0.0856070469361979,4.17,False
UBE2G2,0.6368131378341009,0.0260564360625546,13.35,False
UBE2R2,0.4367320111932741,0.0538913550233183,18.56,False
UBE2S,0.3088640352217948,0.0775717119753826,4.23,False
UBE2T,0.4860407796759193,0.0452508848449039,7.7,False
UBL5,0.2795549920724505,0.0939289752772251,4.25,False
UBL7,0.3629173701297097,0.0666902189705967,30.76,False
UCK1,0.795495955469496,0.0155084495268584,20.01,False
UCK2,0.6551643762585998,0.0268346410175425,12.54,False
UCKL1,0.4802566236345812,0.0472598595360704,32.22,False
UHRF1,0.2015483242704803,0.104278852479281,5.1,False
UHRF1BP1L,0.7931470542649892,0.0158578394067821,25.81,False
UNCX,0.424177994897858,0.0588207247911989,8.86,False
USB1,0.6821104822478353,0.0285998364262867,22.6,False
USF1,0.4634818751170391,0.0554642707465986,18.95,False
USP1,0.2125768671997129,0.1036563654651678,2.51,False
USP11,0.3092317379134449,0.0792212506341641,6.74,False
USP19,0.7588422887071022,0.0198752212981719,30.32,False
USP22,0.400017225944606,0.0603196575415418,16.93,False
USP33,0.4472096600284116,0.0542795745141798,4.67,False
USP37,0.2262299899350531,0.0983508856032517,4.7,False
USP42,0.515266571014515,0.0440409511688924,33.46,False
USP54,0.5374494057423866,0.0391922441544199,32.99,False
USPL1,0.291761415888632,0.0772672256177271,12.42,False
VBP1,0.6438479849092108,0.0281305105320505,31.2,False
VHL,0.1793714914885477,0.1131400796304784,6.93,False
VPS25,0.4929983868723003,0.0454500291533137,26.54,False
VPS72,0.7280207862918322,0.0200091167246295,18.82,False
WASHC2C,0.6682221654629641,0.0246323709903767,32.64,False
WASHC3,0.8178909158959677,0.0129883626348014,29.97,False
WDR6,0.6717797825625043,0.0258599483673754,28.56,False
WDR76,0.4544937357370254,0.0523352819825107,18.8,False
WDTC1,0.6715666118034398,0.0275899429055367,25.39,False
WEE1,0.2310402852170797,0.0916914621735495,2.89,False
WRAP53,0.5405732043380687,0.039771930172317,30.77,False
WRAP73,0.75374229491487,0.0175719813002835,16.14,False
WRN,0.7066940066990952,0.0234459067257042,28.97,False
WTAP,0.6731133729377559,0.0270750487890679,31.81,False
WWC2,0.5467546056856796,0.0413160602694056,20.25,False
WWTR1,0.3130763664341138,0.0747040793620779,7.0,False
XIAP,0.7419890917662744,0.0197463934409625,27.78,False
YEATS2,1.005618103500829,-0.0018462859981967,30.76,False
YEATS4,1.133238784473278,-0.009719913084053,21.24,False
YRDC,0.5220230566498818,0.0406542995323116,20.41,False
YY1AP1,0.2802765322627451,0.0841158493045271,10.02,False
ZBED1,1.0025754736941923,-0.0014302328060035,21.21,False
ZBED4,0.7186063549021613,0.0206622867372557,18.92,False
ZBTB1,0.5180737927518788,0.0444272074989462,8.5,False
ZBTB10,0.6292776356692006,0.0318353184680095,16.75,False
ZBTB11,0.3795879888381676,0.0639883408911671,13.57,False
ZBTB18,0.7121228106388577,0.0244153985790602,10.23,False
ZBTB21,0.8944035034851934,0.0087335186435422,26.96,False
ZBTB24,0.7116668636188915,0.0232994047080445,20.16,False
ZBTB33,0.5251920932719545,0.0415954002908545,9.41,False
ZBTB43,0.742247412209476,0.0191211007604594,26.16,False
ZC4H2,0.294098389470715,0.0758092351740102,4.82,False
ZCCHC12,0.1863907260729645,0.1059379325030741,0.61,False
ZCCHC14,0.4015910407068048,0.0581243464022266,16.12,False
ZDBF2,0.7242151709031428,0.0220325054457223,22.85,False
ZEB1,0.7069490768148126,0.0259151822471963,26.04,False
ZEB2,0.547644008776951,0.0404698248390726,20.6,False
ZER1,0.6020134640388335,0.0351987864982352,5.99,False
ZFAND3,0.1522126855813716,0.1241337192066424,2.69,False
ZFAND5,0.1144275769086857,0.1405872691146747,1.44,False
ZFAND6,0.3841165547876605,0.064613628133562,4.41,False
ZFHX3,0.6913610183157453,0.0250976004508662,28.56,False
ZFHX4,0.614021990652752,0.0313953654926064,18.24,False
ZFP1,0.4126440674499348,0.0599165284637911,7.5,False
ZGPAT,0.7760925059543111,0.0180382269251669,24.56,False
ZGRF1,0.350292389392933,0.0721774047895515,15.17,False
ZHX2,0.752599700031535,0.0203801165929564,31.33,False
ZIC2,0.1394035050507274,0.1287924037425308,2.28,False
ZKSCAN1,0.3688586497123003,0.0619413287465809,18.73,False
ZKSCAN8,0.6401930231462247,0.0310320598190346,16.74,False
ZMYND19,0.2238824427920289,0.0931434884061866,2.74,False
ZNF106,0.483174309397481,0.0465841206788564,14.42,False
ZNF121,0.2356507133745453,0.0965624779675986,8.24,False
ZNF146,1.0980312548264048,-0.0035759559827114,17.88,False
ZNF148,0.6076440329963493,0.0339529609311101,21.13,False
ZNF184,0.5602721914158036,0.0365969324696591,10.22,False
ZNF189,0.3240365108032904,0.0767169128863409,11.44,False
ZNF217,0.3693332437208555,0.066098523524108,8.31,False
ZNF24,0.5107682358261001,0.0450175170483689,17.55,False
ZNF268,0.4543242967290121,0.0553678567192054,5.89,False
ZNF275,0.2755460168307797,0.0822883653026954,4.62,False
ZNF281,0.5898716212281534,0.0362972757768811,29.75,False
ZNF385A,0.4536090319134093,0.0509870595489354,16.09,False
ZNF408,0.1680136375240253,0.117558775345084,12.72,False
ZNF444,0.3834430956002088,0.0648325420458224,13.02,False
ZNF451,0.6658000555401167,0.0279331529608828,1.14,False
ZNF460,0.4844847271942494,0.0455147684154361,7.45,False
ZNF503,0.2572948429568781,0.0925305313947165,2.78,False
ZNF507,0.2496513324375166,0.0914995913764299,8.92,False
ZNF593,0.3129188527888038,0.0738686729318067,2.79,False
ZNF629,0.603444661390601,0.0347743399907762,27.88,False
ZNF639,0.3483053610169215,0.0691800635061705,15.1,False
ZNF644,0.2916790759351354,0.0813184420919211,15.79,False
ZNF646,0.6528164811361059,0.0283951221728683,28.18,False
ZNF687,0.5350632267097108,0.0427536414788037,21.89,False
ZNF703,0.1738093338104872,0.1138212810035788,1.92,False
ZNF711,0.1922605778127767,0.1140711943260407,5.11,False
ZNF746,0.2967630191852821,0.0810506992638911,7.03,False
ZNF768,0.4347384294236087,0.0533114015517227,19.9,False
ZNF814,0.4385894978729338,0.0622539014470798,9.33,False
ZNF830,1.080148238355484,-0.0047816610167744,27.9,False
ZNHIT6,0.1530322289696606,0.1244311595678757,6.19,False
ZRANB1,0.9061901517377606,0.0088348840871091,19.17,False
ZSCAN25,0.3017763075629688,0.0816718596562065,12.46,False
ZSCAN29,0.3101595209319182,0.0790809083270691,12.5,False
ZSWIM6,0.2655134162760755,0.0821308784625203,6.17,False
ZUP1,0.3381803896280662,0.069676757911023,9.72,False
ZWINT,0.3382113849757484,0.0683160128598918,2.74,False
ZXDC,0.2884094519446532,0.0832603459003708,4.81,False
ZYG11B,0.7241808437608368,0.0226448267365129,20.45,False
ZZZ3,0.8325156122834836,0.0091321048973531,30.97,False
CHD7,0.540544580444688,0.0408532499742231,23.89,True
TET1,0.3990439593329588,0.0595114142367523,10.25,True
N4BP2L2,0.6003293509314501,0.0317481746102273,5.25,True
CCHCR1,0.2386665401315493,0.0909604004438873,3.65,True
CSTF2T,0.906620601952922,0.0072710961709852,32.36,True
NCOA1,0.7339614928264884,0.0208025449097218,22.15,True
