,3,4,5,6,7,8,9,10,11,12,13,14,15,16,17,18,19,20,21,22,23,24
A,0.5268958680084325,0.0,-0.8237737268805905,-2.137056161267542,-0.6008940618878904,-0.17146535468178215,0.0,-0.4062374902424823,0.8131128928583323,-0.24506029694560585,0.3211916248009998,0.0,-0.509878502799555,0.1733852002173493,0.8190686011950743,-0.9280649683782078,-0.6925885474964251,-0.24564566569377372,-1.5130322104101568,-1.088068894285558,0.0,0.11295654182250689
C,0.11409274174008198,0.0,0.4093883042646765,2.4322732583563345,0.40413022127429943,0.10623342093035773,-0.7184028495889101,-0.09613780772612898,0.106108095992067,0.5451284757024702,0.3683910021727947,-0.3495501588492214,0.37546462818560555,0.3654921592267728,-0.7158576951335109,0.5523005451736562,0.09878622693251968,1.4884301056744138,1.0024515941578336,0.0,0.10171779939110795,-0.22889813095093553
D,-0.7740408629668446,0.0,-0.17584186144053454,0.0,1.697028243398628,0.0,0.0,0.0,-0.176612369646475,-0.27249783558055285,0.0,0.7084093714209612,-0.07671587695433743,0.07506612713383345,2.1272267452040725,-1.1554919617950097,0.9973354865169195,0.8303598276022377,0.26408868977154726,0.07249261462505686,-0.16126832899147242,0.0
E,-0.12538696656744927,-0.8698301605841153,-0.8729432983660426,-0.2993344316372877,-1.1927481909050628,-0.7602040625410315,-0.31808494746902793,0.0,0.21412299451774247,-0.06036798199332616,0.21430290197948695,-0.13111903596435404,0.391967206515227,0.6207309711487876,0.0,-0.38563768178342017,-0.4756816033123731,-0.8153530524676589,0.05799066301111567,0.0,0.0589863604158982,-0.282250567969574
F,0.32878046266961425,1.369554563897032,1.4702743588874259,0.1917851061959524,0.4319630730333605,1.1274289296071403,0.08046791802047142,0.0,0.0,-0.3008735961565519,-0.17547665287544384,0.29829356635681453,0.0,-0.5340173827689957,0.0,0.0,-0.08402541916721572,0.29096088152331473,-0.7361957088621863,0.2894964656841217,0.0,0.18135838351960334
G,1.6829549498137923,-0.8154243453205694,-1.2003430128445827,-0.6308810463681667,0.0,-0.11965474744883942,0.05639083683957212,-0.6640083918614016,-0.3447911243999485,-0.978398053265395,-0.3460732522078013,-0.11956746133791504,-0.11469024420437861,-0.18556617273031706,-0.11458286219953934,-0.3460674924033864,0.0,-0.18566114513891663,0.0,-0.11471543617723194,-0.255657915296313,0.18117558125342212
H,-0.42047843144886005,-0.4238252136447383,0.677366989447059,0.0,0.11765039236173186,0.25214108260401,-0.4240406352166517,0.0,0.44097687512018363,-0.2711407143878924,1.5642533570952084,0.0,0.6271559545873965,-0.11164673475736282,0.8526181362853372,-1.0948217418988282,0.0,0.4070802650260481,0.8313731592683757,0.0,0.0,0.4004542063391613
I,0.10635762422463524,1.0333648495440835,0.313374869241646,0.8166598622842915,-0.19765821410396325,-0.08552011767205546,0.44658494717562325,1.357373137038657,-0.0,-0.1773393418769462,0.18880837705779857,-0.08416913510677108,0.0,-0.3014015845469979,0.5845941456087567,-0.30311167820481016,-0.301739114155558,0.08688718320223862,-0.08443779063706978,0.9749785460970685,0.0,0.0
K,-2.1266737904726307,-1.5846142225355708,-1.7201540643204887,-1.575141358578548,-0.4428197667051838,-0.4818039829248552,0.0,-0.4814458690410758,0.07442632142608291,-0.6527623278468455,0.07340168387756338,0.9209691477074584,0.0727082061211258,0.15399642206665387,0.7355340099166011,0.0,-0.34464211510158055,0.0,-0.5883909418982451,0.0710049823438201,0.0,0.06874322995329044
L,-0.8853992255934361,4.66120806123661,1.0815183324152062,0.35810615231960374,-0.9659873260540917,-1.1635106424197903,0.809464270838823,-0.042655189809836,-1.7511231413549382,-0.04257116330589565,-0.13989939959858513,-1.029968623134939,-0.9359954520307053,-1.0627233760403458,-0.1504751068060604,-0.09447660688133906,-0.49594843750222306,-0.5914047726176019,1.2808696154163774,-0.0,0.15650212440229216,-1.1927169731283092
M,-0.27580006555249703,1.6111367688231972,0.260833607591837,0.44097687512018363,0.11381449348126622,0.6622928037057504,0.9907771893151014,0.4652525591604293,0.0,1.2863146854768923,0.6636953791893554,0.0,0.12504582153746996,0.12931818638743983,0.0,0.9515898803851282,-0.7363677759727536,0.0,0.7046111004491579,-0.2766246717137204,0.5007249778032902,2.439384900350089
N,-0.09486796143326234,-0.196324261043984,-1.4340415784652567,0.0,-0.47747770489016583,0.0,-0.7140917217939043,0.10308622028745892,2.2277622297118818,0.0963526801088991,0.2215969336060862,0.21368383937777918,0.0,0.6637241042306458,0.509008093743335,0.2083393341840393,0.20865067007656313,-0.09429716274390412,-0.09602203992512534,-0.7111340485922193,0.09793108907796876,-0.1982560720708636
P,4.504330944651902,-2.1383680925009583,0.9978561176040248,-0.12503801253790567,1.2105967507076656,1.5248835241134449,-0.2825378098058155,-0.12471584963205892,0.6984385702875925,0.27971109750588014,-0.4739828874231844,1.1232787281706813,-0.12450114182357544,2.2438890059112566,-0.47551912528364537,0.5980280976239618,-0.1252713391762165,0.8416030609938064,0.0590934084696177,0.4653053259981261,0.4646023311280821,0.371636099399667
Q,-1.0143001282290864,0.5068609175981446,-0.7783546438544182,-0.0770706390320713,0.0,0.0,0.39531446345827276,0.3961138326731614,-0.3744777887733154,0.4072481323675555,0.8415634626084254,-0.07713499737877415,0.16437984231310754,-0.1617463209436755,-0.370744777964336,0.0,0.9378491560434172,0.36307637662910724,0.36595620846657084,-0.4775649969965379,0.36570729440347743,0.6128406212273427
R,-1.2186364463237402,-3.6199645472981925,-0.5383082920430236,-1.0333126662045906,0.0,0.12257622772252007,-0.2804113951666995,-0.4755925126047729,0.059746767024723896,0.0,-0.1314521466124674,0.0,0.8538469373774905,0.0,-1.059141603161356,0.06204540579289862,1.1587011316378246,0.20877352110275768,0.0,0.4004139540407417,-0.13156632267228868,0.061721822924665604
S,-0.3749059620156081,-0.3914477423211612,0.403534298471256,0.5864935317206735,0.7097533648526966,0.7437082303323708,1.7212818784100443,0.4151526930502675,-0.11390043645612405,0.6247706460519645,0.0,-0.17734760949730094,0.3378327695573215,0.0,0.0,0.9480731506182466,0.1800050297986285,-1.0877430877559653,-0.11454673990717916,0.25182620540676653,0.411502000921568,-0.5123016108463205
T,-0.40991553002106235,0.3356005751793026,0.7198287294445371,0.4717282775349769,0.8780435193296801,1.0581638696630433,-0.14926550819558668,0.4720120623029403,0.0,0.358355424817046,0.0,0.35270384171897656,0.15347704722770703,0.15799761732723294,0.15386789753281754,2.4166547444736395,1.4721490375936588,0.7455579809477542,0.06981529291727018,0.2356064003455866,0.06954076753528328,-0.14913572718136314
V,0.5827929093462894,0.0658511395532702,0.6271524055756785,2.338948241792485,-0.21747433262509855,-0.7594828455331036,-0.21571074252431857,0.9043994975233394,-0.29761582293464656,0.9153582843388741,-0.8676291469869114,0.395379111159973,0.3931357118367371,0.0,-0.2993986590998062,-0.0,0.2204593042338769,0.21355578745253276,-1.1925534111350342,0.0,-0.7602949365590898,0.306564188087294
W,0.0,0.9412063291800827,0.12309679723545228,0.1286808777826248,0.48517356826124564,0.0,0.0,0.46145135568899415,0.1210733503210988,0.1299401188328566,0.12309679723545228,0.4652525591604293,0.12758610183183489,0.0,0.0,0.12780821752882265,0.0,0.49720054634116584,0.2811775142248028,0.0,0.0,-0.28002041068618194
Y,3.428338763093991,1.7460818617691112,1.1295351629825676,0.6523172552385129,-0.0,0.1162960757788956,-0.2741668949426111,0.26473144553554634,1.4284773133709763,0.26759967336661244,0.4461180933848159,0.0,0.25876556685863,-0.4197345643767461,-0.22927694804335919,0.0,0.0,-1.0895551301998487,1.3401077845527387,0.7900913129762593,0.0,1.0488673489105698
