region_start,region_end,length,mean_conservation
0,14,15,0.9333
20,33,14,0.9107
57,72,16,0.9286
136,166,31,0.9964
169,191,23,0.9758
404,432,29,0.9655
437,453,17,0.9294
455,481,27,0.9593
483,515,33,0.9182
518,557,40,0.9350
563,610,48,0.9604
625,674,50,0.9100
704,775,72,0.9104
786,795,10,0.9545
808,817,10,0.8455
819,828,10,0.9091
830,844,15,0.9138
855,864,10,0.9182
866,884,19,0.9091
892,911,20,0.9136
947,957,11,0.8430
973,988,16,0.8864
1015,1025,11,1.0000
1051,1062,12,0.8182
1066,1079,14,0.9821
1132,1142,11,0.8678
1144,1182,39,0.9860
1187,1204,18,0.9495
1261,1280,20,1.0000
1342,1377,36,0.9841
1437,1470,34,0.9251
1496,1507,12,0.9394
1511,1526,16,0.9432
1583,1637,55,0.9170
1682,1696,15,0.8303
1709,1731,23,0.9047
1738,1748,11,0.9091
1752,1764,13,0.9231
1839,1849,11,0.8347
1863,1893,31,1.0000
1918,1931,14,0.9481
1937,1946,10,1.0000
2082,2093,12,0.8917
2108,2119,12,0.9250
2137,2185,49,0.9204
2200,2217,18,0.8833
