,4,5,6,7,8,9,10,11,12,13,14,15,16,17,18,19,20,21,22,23,24
K,0.948600847,2.100603941,N/A,0.570089224,2.270528942,N/A,-0.051399153,-0.188902676,N/A,-0.429910776,1.270528942,0.685566442,N/A,N/A,2.270528942,N/A,0.811097324,0.100603941,-0.53682598,0.022601429,N/A
H,1.270528942,N/A,N/A,N/A,N/A,N/A,N/A,1.685566442,N/A,0.685566442,1.46317402,N/A,N/A,N/A,N/A,N/A,N/A,N/A,N/A,0.948600847,N/A
R,0.570089224,2.022601429,0.331929487,1.533563348,2.048136521,-0.587452053,0.211635253,0.811097324,-0.636361653,0.504994196,1.133025419,-0.051399153,-0.636361653,0.892017319,0.270528942,-1.636361653,0.46317402,0.022601429,-0.587452053,0.504994196,-0.683667368
D,1.46317402,-0.429910776,-0.729471058,N/A,N/A,-0.314433558,N/A,0.685566442,0.685566442,-0.051399153,N/A,-0.188902676,-0.314433558,-0.051399153,N/A,N/A,1.270528942,-0.729471058,0.948600847,N/A,0.46317402
E,N/A,-0.051399153,N/A,N/A,N/A,N/A,N/A,-0.314433558,N/A,0.855491443,-0.314433558,N/A,0.768028602,-0.53682598,-0.816933899,-0.314433558,-0.53682598,0.811097324,1.533563348,0.46317402,0.183066101
F,N/A,0.685566442,N/A,-0.188902676,0.685566442,-0.188902676,1.270528942,1.270528942,2.855491443,N/A,N/A,N/A,N/A,0.270528942,0.46317402,N/A,N/A,N/A,N/A,0.948600847,0.685566442
Y,2.685566442,N/A,N/A,N/A,0.46317402,N/A,N/A,N/A,N/A,N/A,N/A,N/A,N/A,N/A,N/A,2.270528942,N/A,N/A,N/A,N/A,2.270528942
W,0.46317402,N/A,0.100603941,N/A,N/A,N/A,2.270528942,N/A,3.270528942,N/A,3.270528942,N/A,N/A,2.270528942,N/A,3.270528942,N/A,N/A,N/A,N/A,N/A
G,N/A,-0.636361653,1.685566442,N/A,N/A,-0.314433558,-0.314433558,-0.314433558,-0.53682598,-0.429910776,N/A,1.46317402,1.022601429,0.948600847,0.570089224,2.270528942,1.892017319,0.570089224,-0.429910776,-0.314433558,N/A
P,N/A,N/A,-0.429910776,0.363638347,-1.051399153,-0.729471058,0.948600847,-0.636361653,1.270528942,-0.636361653,N/A,N/A,0.270528942,-0.188902676,-0.188902676,1.100603941,N/A,1.948600847,N/A,-0.429910776,0.685566442
A,-0.314433558,0.948600847,-0.899396059,N/A,-0.12178848,-1.051399153,-0.899396059,0.626672753,-0.429910776,0.270528942,1.570089224,0.022601429,-0.051399153,-0.636361653,0.46317402,0.183066101,1.155051725,-0.729471058,0.100603941,0.100603941,-0.429910776
M,N/A,N/A,N/A,N/A,N/A,N/A,N/A,N/A,N/A,N/A,N/A,N/A,3.270528942,N/A,N/A,N/A,N/A,0.685566442,N/A,N/A,N/A
V,1.155051725,N/A,1.948600847,-0.051399153,-0.188902676,1.155051725,0.022601429,0.811097324,N/A,1.46317402,1.396059824,N/A,N/A,0.811097324,N/A,0.270528942,N/A,0.270528942,N/A,#NUM!,0.948600847
L,-0.729471058,0.811097324,-0.051399153,-1.253033014,-0.12178848,1.100603941,1.100603941,-0.051399153,-1.12178848,-1.051399153,-1.314433558,-0.051399153,-1.12178848,-0.816933899,-0.48435856,-1.12178848,-1.12178848,-1.587452053,N/A,-1.373327247,0.270528942
I,0.948600847,N/A,N/A,1.270528942,N/A,N/A,N/A,N/A,0.685566442,N/A,N/A,N/A,1.685566442,N/A,N/A,N/A,N/A,N/A,0.948600847,1.685566442,N/A
S,-0.314433558,-0.12178848,N/A,0.948600847,1.948600847,0.363638347,0.948600847,-0.53682598,-0.051399153,-0.12178848,0.46317402,2.100603941,-0.816933899,-0.899396059,1.504994196,-0.12178848,0.768028602,-0.636361653,0.46317402,1.592457037,-0.051399153
T,-0.429910776,N/A,1.270528942,0.570089224,0.270528942,0.46317402,N/A,N/A,N/A,-0.429910776,0.685566442,0.100603941,0.685566442,0.100603941,-0.188902676,-0.429910776,0.46317402,0.100603941,0.46317402,0.100603941,1.685566442
C,N/A,0.948600847,3.270528942,N/A,N/A,1.270528942,N/A,0.948600847,N/A,1.270528942,1.270528942,N/A,N/A,N/A,0.685566442,N/A,N/A,0.270528942,N/A,3.270528942,N/A
N,N/A,N/A,N/A,N/A,N/A,N/A,0.685566442,0.46317402,N/A,N/A,N/A,N/A,N/A,N/A,0.685566442,2.270528942,1.270528942,N/A,0.948600847,N/A,N/A
Q,1.100603941,N/A,0.100603941,N/A,N/A,0.46317402,N/A,N/A,2.270528942,-0.051399153,N/A,-0.314433558,1.100603941,-0.188902676,N/A,0.46317402,N/A,0.270528942,2.048136521,N/A,0.685566442
,,,,,,,,,,,,,,,,,,,,,
,4,5,6,7,8,9,10,11,12,13,14,15,16,17,18,19,20,21,22,23,24
K,-,**,-,-,*,-,-,-,-,-,-,-,-,-,*,-,-,-,-,-,-
H,-,-,-,-,-,-,-,-,-,-,-,-,-,-,-,-,-,-,-,-,-
R,-,*,-,***,***,-,-,-,-,-,-,-,-,***,-,-,-,-,-,-,-
D,-,-,-,-,-,-,-,-,-,-,-,-,-,-,-,-,-,-,-,-,-
E,-,-,-,-,-,-,-,-,-,-,-,-,-,-,-,-,-,-,-,-,-
F,-,-,-,-,-,-,-,-,**,-,-,-,-,-,-,-,-,-,-,-,-
Y,*,-,-,-,-,-,-,-,-,-,-,-,-,-,-,-,-,-,-,-,-
W,-,-,-,-,-,-,-,-,*,-,*,-,-,-,-,*,-,-,-,-,-
G,-,-,-,-,-,-,-,-,-,-,-,*,-,-,-,**,-,-,-,-,-
P,-,-,-,-,-,-,-,-,-,-,-,-,-,-,-,-,-,*,-,-,-
A,-,-,-,-,-,-,-,-,-,-,*,-,-,-,-,-,-,-,-,-,-
M,-,-,-,-,-,-,-,-,-,-,-,-,*,-,-,-,-,-,-,-,-
V,-,-,*,-,-,-,-,-,-,-,-,-,-,-,-,-,-,-,-,N/A,-
L,-,-,-,-,-,-,-,-,-,-,-,-,-,-,-,-,-,-,-,-,-
I,-,-,-,-,-,-,-,-,-,-,-,-,-,-,-,-,-,-,-,-,-
S,-,-,-,-,-,-,-,-,-,-,-,**,-,-,*,-,-,-,-,*,-
T,-,-,-,-,-,-,-,-,-,-,-,-,-,-,-,-,-,-,-,-,-
C,-,-,**,-,-,-,-,-,-,-,-,-,-,-,-,-,-,-,-,*,-
N,-,-,-,-,-,-,-,-,-,-,-,-,-,-,-,-,-,-,-,-,-
Q,-,-,-,-,-,-,-,-,**,-,-,-,-,-,-,-,-,-,*,-,-
,,,,,,,,,,,,,,,,,,,,,
,4,5,6,7,8,9,10,11,12,13,14,15,16,17,18,19,20,21,22,23,24
K,0.948600847,2.100603941,N/A,0.570089224,2.270528942,N/A,0,0,N/A,0,1.270528942,0.685566442,N/A,N/A,2.270528942,N/A,0.811097324,0.100603941,0,0.022601429,N/A
H,1.270528942,N/A,N/A,N/A,N/A,N/A,N/A,1.685566442,N/A,0.685566442,1.46317402,N/A,N/A,N/A,N/A,N/A,N/A,N/A,N/A,0.948600847,N/A
R,0.570089224,2.022601429,0.331929487,1.533563348,2.048136521,0,0.211635253,0.811097324,0,0.504994196,1.133025419,0,0,0.892017319,0.270528942,0,0.46317402,0.022601429,0,0.504994196,0
D,1.46317402,0,0,N/A,N/A,0,N/A,0.685566442,0.685566442,0,N/A,0,0,0,N/A,N/A,1.270528942,0,0.948600847,N/A,0.46317402
E,N/A,0,N/A,N/A,N/A,N/A,N/A,0,N/A,0.855491443,0,N/A,0.768028602,0,0,0,0,0.811097324,1.533563348,0.46317402,0.183066101
F,N/A,0.685566442,N/A,0,0.685566442,0,1.270528942,1.270528942,2.855491443,N/A,N/A,N/A,N/A,0.270528942,0.46317402,N/A,N/A,N/A,N/A,0.948600847,0.685566442
Y,2.685566442,N/A,N/A,N/A,0.46317402,N/A,N/A,N/A,N/A,N/A,N/A,N/A,N/A,N/A,N/A,2.270528942,N/A,N/A,N/A,N/A,2.270528942
W,0.46317402,N/A,0.100603941,N/A,N/A,N/A,2.270528942,N/A,3.270528942,N/A,3.270528942,N/A,N/A,2.270528942,N/A,3.270528942,N/A,N/A,N/A,N/A,N/A
G,N/A,0,1.685566442,N/A,N/A,0,0,0,0,0,N/A,1.46317402,1.022601429,0.948600847,0.570089224,2.270528942,1.892017319,0.570089224,0,0,N/A
P,N/A,N/A,0,0.363638347,0,0,0.948600847,0,1.270528942,0,N/A,N/A,0.270528942,0,0,1.100603941,N/A,1.948600847,N/A,0,0.685566442
A,0,0.948600847,0,N/A,0,0,0,0.626672753,0,0.270528942,1.570089224,0.022601429,0,0,0.46317402,0.183066101,1.155051725,0,0.100603941,0.100603941,0
M,N/A,N/A,N/A,N/A,N/A,N/A,N/A,N/A,N/A,N/A,N/A,N/A,3.270528942,N/A,N/A,N/A,N/A,0.685566442,N/A,N/A,N/A
V,1.155051725,N/A,1.948600847,0,0,1.155051725,0.022601429,0.811097324,N/A,1.46317402,1.396059824,N/A,N/A,0.811097324,N/A,0.270528942,N/A,0.270528942,N/A,#NUM!,0.948600847
L,0,0.811097324,0,0,0,1.100603941,1.100603941,0,0,0,0,0,0,0,0,0,0,0,N/A,0,0.270528942
I,0.948600847,N/A,N/A,1.270528942,N/A,N/A,N/A,N/A,0.685566442,N/A,N/A,N/A,1.685566442,N/A,N/A,N/A,N/A,N/A,0.948600847,1.685566442,N/A
S,0,0,N/A,0.948600847,1.948600847,0.363638347,0.948600847,0,0,0,0.46317402,2.100603941,0,0,1.504994196,0,0.768028602,0,0.46317402,1.592457037,0
T,0,N/A,1.270528942,0.570089224,0.270528942,0.46317402,N/A,N/A,N/A,0,0.685566442,0.100603941,0.685566442,0.100603941,0,0,0.46317402,0.100603941,0.46317402,0.100603941,1.685566442
C,N/A,0.948600847,3.270528942,N/A,N/A,1.270528942,N/A,0.948600847,N/A,1.270528942,1.270528942,N/A,N/A,N/A,0.685566442,N/A,N/A,0.270528942,N/A,3.270528942,N/A
N,N/A,N/A,N/A,N/A,N/A,N/A,0.685566442,0.46317402,N/A,N/A,N/A,N/A,N/A,N/A,0.685566442,2.270528942,1.270528942,N/A,0.948600847,N/A,N/A
Q,1.100603941,N/A,0.100603941,N/A,N/A,0.46317402,N/A,N/A,2.270528942,0,N/A,0,1.100603941,0,N/A,0.46317402,N/A,0.270528942,2.048136521,N/A,0.685566442
,,,,,,,,,,,,,,,,,,,,,
,,,,,,,,,,,,,,,,,,,,,
,,,,,,,,,,,,,,,,,,,,,
code for heatmap,,from google.colab import files,,,,,,,,,,,,,,,,,,,
,,import io,,,,,,,,,,,,,,,,,,,
,,import re,,,,,,,,,,,,,,,,,,,
,,import matplotlib.pyplot as plt,,,,,,,,,,,,,,,,,,,
,,import numpy as np,,,,,,,,,,,,,,,,,,,
,,import pandas as pd,,,,,,,,,,,,,,,,,,,
,,import seaborn as sns,,,,,,,,,,,,,,,,,,,
,,,,,,,,,,,,,,,,,,,,,
,,# 1. Upload your CSV file,,,,,,,,,,,,,,,,,,,
,,"print(""Please upload your CSV file below:"")",,,,,,,,,,,,,,,,,,,
,,uploaded = files.upload(),,,,,,,,,,,,,,,,,,,
,,filename = list(uploaded.keys())[0],,,,,,,,,,,,,,,,,,,
,,,,,,,,,,,,,,,,,,,,,
,,"df_all = pd.read_csv(filename, header=None)",,,,,,,,,,,,,,,,,,,
,,"print(f""Successfully loaded CSV with shape: {df_all.shape}"")",,,,,,,,,,,,,,,,,,,
,,,,,,,,,,,,,,,,,,,,,
,,# Define your exact 20 amino acid order and position columns (Positions 4 to 24),,,,,,,,,,,,,,,,,,,
,,aa_order = [,,,,,,,,,,,,,,,,,,,
,,"    ""K"",",,,,,,,,,,,,,,,,,,,
,,"    ""H"",",,,,,,,,,,,,,,,,,,,
,,"    ""R"",",,,,,,,,,,,,,,,,,,,
,,"    ""D"",",,,,,,,,,,,,,,,,,,,
,,"    ""E"",",,,,,,,,,,,,,,,,,,,
,,"    ""F"",",,,,,,,,,,,,,,,,,,,
,,"    ""Y"",",,,,,,,,,,,,,,,,,,,
,,"    ""W"",",,,,,,,,,,,,,,,,,,,
,,"    ""G"",",,,,,,,,,,,,,,,,,,,
,,"    ""P"",",,,,,,,,,,,,,,,,,,,
,,"    ""A"",",,,,,,,,,,,,,,,,,,,
,,"    ""M"",",,,,,,,,,,,,,,,,,,,
,,"    ""V"",",,,,,,,,,,,,,,,,,,,
,,"    ""L"",",,,,,,,,,,,,,,,,,,,
,,"    ""I"",",,,,,,,,,,,,,,,,,,,
,,"    ""S"",",,,,,,,,,,,,,,,,,,,
,,"    ""T"",",,,,,,,,,,,,,,,,,,,
,,"    ""C"",",,,,,,,,,,,,,,,,,,,
,,"    ""N"",",,,,,,,,,,,,,,,,,,,
,,"    ""Q"",",,,,,,,,,,,,,,,,,,,
,,],,,,,,,,,,,,,,,,,,,
,,"col_labels = [f""Pos {i}"" for i in range(4, 25)]",,,,,,,,,,,,,,,,,,,
,,,,,,,,,,,,,,,,,,,,,
,,"# 2. Slice the Fold Change Values block starting from Excel row 46 (Python index 45 to 65, columns B to V -> index 1 to 22)",,,,,,,,,,,,,,,,,,,
,,"df_vals_raw = df_all.iloc[45:65, 1:22].copy()",,,,,,,,,,,,,,,,,,,
,,df_vals_raw.index = aa_order,,,,,,,,,,,,,,,,,,,
,,df_vals_raw.columns = col_labels,,,,,,,,,,,,,,,,,,,
,,,,,,,,,,,,,,,,,,,,,
,,"# 3. Slice the Significance Stars block (Rows 23 to 43, columns B to V -> index 1 to 22)",,,,,,,,,,,,,,,,,,,
,,"df_sig_raw = df_all.iloc[23:43, 1:22].copy()",,,,,,,,,,,,,,,,,,,
,,df_sig_raw.index = aa_order,,,,,,,,,,,,,,,,,,,
,,df_sig_raw.columns = col_labels,,,,,,,,,,,,,,,,,,,
,,,,,,,,,,,,,,,,,,,,,
,,,,,,,,,,,,,,,,,,,,,
,,# 4. Helper function to extract numbers for the color scale,,,,,,,,,,,,,,,,,,,
,,def parse_cell(val):,,,,,,,,,,,,,,,,,,,
,,"  if pd.isna(val) or str(val).strip() in [""N/A"", ""-"", """", ""#NUM!"", ""nan""]:",,,,,,,,,,,,,,,,,,,
,,    return 0.0,,,,,,,,,,,,,,,,,,,
,,"  match = re.search(r""[-+]?\d*\.\d+|\d+"", str(val))",,,,,,,,,,,,,,,,,,,
,,  return float(match.group()) if match else 0.0,,,,,,,,,,,,,,,,,,,
,,,,,,,,,,,,,,,,,,,,,
,,,,,,,,,,,,,,,,,,,,,
,,"# Create the numeric table for coloring (clipped to 0, locking the 0-5 scale)",,,,,,,,,,,,,,,,,,,
,,df_numeric = df_vals_raw.map(parse_cell).clip(lower=0),,,,,,,,,,,,,,,,,,,
,,,,,,,,,,,,,,,,,,,,,
,,,,,,,,,,,,,,,,,,,,,
,,# 5. Helper function to round fold changes to 2 decimals and attach stars,,,,,,,,,,,,,,,,,,,
,,"def clean_and_format(v_cell, s_cell):",,,,,,,,,,,,,,,,,,,
,,  v_str = str(v_cell).strip(),,,,,,,,,,,,,,,,,,,
,,  s_str = str(s_cell).strip(),,,,,,,,,,,,,,,,,,,
,,,,,,,,,,,,,,,,,,,,,
,,"  if v_str in [""N/A"", """", ""nan"", ""-"", ""#NUM!""]:",,,,,,,,,,,,,,,,,,,
,,"    return """"",,,,,,,,,,,,,,,,,,,
,,,,,,,,,,,,,,,,,,,,,
,,"  match = re.search(r""([-+]?\d*\.\d+|\d+)"", v_str)",,,,,,,,,,,,,,,,,,,
,,  if not match:,,,,,,,,,,,,,,,,,,,
,,"    return """"",,,,,,,,,,,,,,,,,,,
,,,,,,,,,,,,,,,,,,,,,
,,  num_val = float(match.group()),,,,,,,,,,,,,,,,,,,
,,"  formatted_num = f""{num_val:.2f}""",,,,,,,,,,,,,,,,,,,
,,,,,,,,,,,,,,,,,,,,,
,,"  if ""*"" in s_str:",,,,,,,,,,,,,,,,,,,
,,"    stars = """".join([c for c in s_str if c == ""*""])",,,,,,,,,,,,,,,,,,,
,,"    return f""{formatted_num}{stars}""",,,,,,,,,,,,,,,,,,,
,,,,,,,,,,,,,,,,,,,,,
,,  return formatted_num,,,,,,,,,,,,,,,,,,,
,,,,,,,,,,,,,,,,,,,,,
,,,,,,,,,,,,,,,,,,,,,
,,"df_annot = pd.DataFrame(index=aa_order, columns=col_labels)",,,,,,,,,,,,,,,,,,,
,,for r in aa_order:,,,,,,,,,,,,,,,,,,,
,,  for c in col_labels:,,,,,,,,,,,,,,,,,,,
,,"    df_annot.loc[r, c] = clean_and_format(",,,,,,,,,,,,,,,,,,,
,,"        df_vals_raw.loc[r, c], df_sig_raw.loc[r, c]",,,,,,,,,,,,,,,,,,,
,,    ),,,,,,,,,,,,,,,,,,,
,,,,,,,,,,,,,,,,,,,,,
,,# 6. Generate the publication-ready heatmap with high resolution,,,,,,,,,,,,,,,,,,,
,,"plt.figure(figsize=(16, 9), dpi=300)",,,,,,,,,,,,,,,,,,,
,,,,,,,,,,,,,,,,,,,,,
,,sns.heatmap(,,,,,,,,,,,,,,,,,,,
,,"    df_numeric,",,,,,,,,,,,,,,,,,,,
,,"    annot=df_annot,",,,,,,,,,,,,,,,,,,,
,,"    fmt="""",",,,,,,,,,,,,,,,,,,,
,,"    vmin=0,",,,,,,,,,,,,,,,,,,,
,,"    vmax=5,",,,,,,,,,,,,,,,,,,,
,,"    cmap=""YlOrBr"",",,,,,,,,,,,,,,,,,,,
,,"    linewidths=0.5,",,,,,,,,,,,,,,,,,,,
,,"    linecolor=""white"",",,,,,,,,,,,,,,,,,,,
,,"    annot_kws={""size"": 8},",,,,,,,,,,,,,,,,,,,
,,"    cbar_kws={""label"": ""Enrichment""},",,,,,,,,,,,,,,,,,,,
,,),,,,,,,,,,,,,,,,,,,
,,,,,,,,,,,,,,,,,,,,,
,,plt.title(,,,,,,,,,,,,,,,,,,,
,,"    ""Enrichment Heatmap (Positions 4–24)\n(n = 20 substrates vs. n = 193""",,,,,,,,,,,,,,,,,,,
,,"    "" non-substrate controls)"",",,,,,,,,,,,,,,,,,,,
,,"    fontsize=14,",,,,,,,,,,,,,,,,,,,
,,"    weight=""bold"",",,,,,,,,,,,,,,,,,,,
,,),,,,,,,,,,,,,,,,,,,
,,"plt.ylabel("""")",,,,,,,,,,,,,,,,,,,
,,"plt.xlabel("""")",,,,,,,,,,,,,,,,,,,
,,plt.tight_layout(),,,,,,,,,,,,,,,,,,,
,,,,,,,,,,,,,,,,,,,,,
,,# Save as high-resolution vector SVG format and trigger browser download,,,,,,,,,,,,,,,,,,,
,,"svg_filename = ""enrichment_heatmap.svg""",,,,,,,,,,,,,,,,,,,
,,"plt.savefig(svg_filename, format=""svg"", bbox_inches=""tight"")",,,,,,,,,,,,,,,,,,,
,,"print(f""Saved {svg_filename} successfully!"")",,,,,,,,,,,,,,,,,,,
,,,,,,,,,,,,,,,,,,,,,
,,plt.show(),,,,,,,,,,,,,,,,,,,
,,,,,,,,,,,,,,,,,,,,,
,,files.download(svg_filename),,,,,,,,,,,,,,,,,,,
