kind,label,position,n_sub,pct_sub,n_ctrl,pct_ctrl,fold_change,p_chi2,p_fisher,q_chi2,q_fisher
residue,K,4,2,10.0,10,5.181347150259067,1.9300000000000002,0.373652465,0.3131261778079447,0.946281722131488,1.0
residue,K,5,4,20.0,9,4.66321243523316,4.28888888888889,0.006385706,0.023468258664987814,0.29516152177777777,0.9914764870986983
residue,K,6,0,0.0,9,4.66321243523316,0.0,0.323737157,1.0,0.946281722131488,1.0
residue,K,7,2,10.0,13,6.7357512953367875,1.4846153846153847,0.587053491,0.6380662294000665,0.946281722131488,1.0
residue,K,8,3,15.0,6,3.1088082901554404,4.825,0.011857454,0.041440742509251324,0.352335776,1.0
residue,K,9,0,0.0,13,6.7357512953367875,0.0,0.752142412,0.6168108596103834,0.982291102,1.0
residue,K,10,1,5.0,10,5.181347150259067,0.9650000000000001,0.972172503,1.0,0.982291102,1.0
residue,K,11,1,5.0,11,5.699481865284974,0.8772727272727273,0.897244406,1.0,0.982291102,1.0
residue,K,12,0,0.0,6,3.1088082901554404,0.0,0.423789121,1.0,0.946281722131488,1.0
residue,K,13,1,5.0,13,6.7357512953367875,0.7423076923076923,0.765564798,1.0,0.982291102,1.0
residue,K,14,2,10.0,8,4.145077720207254,2.4125,0.23867628,0.238843022154762,0.946281722131488,1.0
residue,K,15,2,10.0,12,6.217616580310881,1.6083333333333334,0.515841967,0.6265379685587353,0.946281722131488,1.0
residue,K,16,0,0.0,11,5.699481865284974,0.0,0.272928306,0.6047358058398087,0.946281722131488,1.0
residue,K,17,0,0.0,9,4.66321243523316,0.0,0.323737157,1.0,0.946281722131488,1.0
residue,K,18,3,15.0,6,3.1088082901554404,4.825,0.011857454,0.041440742509251324,0.352335776,1.0
residue,K,19,0,0.0,12,6.217616580310881,0.0,0.250993825,0.6093608594168406,0.946281722131488,1.0
residue,K,20,2,10.0,11,5.699481865284974,1.7545454545454546,0.838487966,0.35005226572376563,0.982291102,1.0
residue,K,21,1,5.0,9,4.66321243523316,1.0722222222222224,0.945962017,1.0,0.982291102,1.0
residue,K,22,1,5.0,14,7.253886010362693,0.6892857142857144,0.707656672,1.0,0.982291102,1.0
residue,K,23,2,10.0,19,9.844559585492227,1.0157894736842106,0.982291102,1.0,0.982291102,1.0
residue,K,24,0,0.0,10,5.181347150259067,0.0,0.297066399,0.6035640740389386,0.946281722131488,1.0
residue,H,4,1,5.0,4,2.072538860103627,2.4125,0.410445394,0.39222363192347814,0.946281722131488,1.0
residue,H,5,0,0.0,0,0.0,,,1.0,,1.0
residue,H,6,0,0.0,3,1.5544041450777202,0.0,0.574432618,1.0,0.946281722131488,1.0
residue,H,7,0,0.0,5,2.5906735751295336,0.0,0.466358969,1.0,0.946281722131488,1.0
residue,H,8,0,0.0,6,3.1088082901554404,0.0,0.423789121,1.0,0.946281722131488,1.0
residue,H,9,0,0.0,2,1.0362694300518136,0.0,0.962271266,1.0,0.982291102,1.0
residue,H,10,0,0.0,2,1.0362694300518136,0.0,0.647380722,1.0,0.946281722131488,1.0
residue,H,11,1,5.0,3,1.5544041450777202,3.216666666666667,0.279897573,0.327908672338661,0.946281722131488,1.0
residue,H,12,0,0.0,8,4.145077720207254,0.0,0.353356326,1.0,0.946281722131488,1.0
residue,H,13,1,5.0,6,3.1088082901554404,1.6083333333333334,0.651570322,0.5037396414878716,0.946281722131488,1.0
residue,H,14,2,10.0,7,3.6269430051813467,2.7571428571428576,0.177453742,0.20219948521457728,0.946281722131488,1.0
residue,H,15,0,0.0,3,1.5544041450777202,0.0,0.574432618,1.0,0.946281722131488,1.0
residue,H,16,0,0.0,5,2.5906735751295336,0.0,0.466358969,1.0,0.946281722131488,1.0
residue,H,17,0,0.0,8,4.145077720207254,0.0,0.353356326,1.0,0.946281722131488,1.0
residue,H,18,0,0.0,5,2.5906735751295336,0.0,0.466358969,1.0,0.946281722131488,1.0
residue,H,19,0,0.0,6,3.1088082901554404,0.0,0.423789121,1.0,0.946281722131488,1.0
residue,H,20,0,0.0,3,1.5544041450777202,0.0,0.943298966,1.0,0.982291102,1.0
residue,H,21,0,0.0,5,2.5906735751295336,0.0,0.466358969,1.0,0.946281722131488,1.0
residue,H,22,0,0.0,5,2.5906735751295336,0.0,0.466358969,1.0,0.946281722131488,1.0
residue,H,23,1,5.0,5,2.5906735751295336,1.9300000000000002,0.535326761,0.4506636673154516,0.946281722131488,1.0
residue,H,24,0,0.0,9,4.66321243523316,0.0,0.323737157,1.0,0.946281722131488,1.0
residue,R,4,1,5.0,12,6.217616580310881,0.8041666666666667,0.828578818,1.0,0.982291102,1.0
residue,R,5,4,20.0,10,5.181347150259067,3.8600000000000003,0.010906913,0.03082623569149282,0.352335776,0.9914764870986983
residue,R,6,3,15.0,11,5.699481865284974,2.631818181818182,0.110105821,0.13163445570168428,0.946281722131488,1.0
residue,R,7,7,35.0,12,6.217616580310881,5.629166666666666,1.71838e-05,0.0005458509453327756,0.0051821744,0.19575005076549792
residue,R,8,6,30.0,9,4.66321243523316,6.433333333333334,2.49143e-05,0.0009321430988833236,0.0051821744,0.19575005076549792
residue,R,9,2,10.0,14,7.253886010362693,1.3785714285714288,0.896502683,0.6509837309770338,0.982291102,1.0
residue,R,10,2,10.0,13,6.7357512953367875,1.4846153846153847,0.587053491,0.6380662294000665,0.946281722131488,1.0
residue,R,11,2,10.0,8,4.145077720207254,2.4125,0.23867628,0.238843022154762,0.946281722131488,1.0
residue,R,12,2,10.0,16,8.290155440414509,1.20625,0.79356073,0.6796172202082962,0.982291102,1.0
residue,R,13,3,15.0,15,7.772020725388601,1.93,0.268625479,0.38729055955089386,0.946281722131488,1.0
residue,R,14,1,5.0,7,3.6269430051813467,1.3785714285714288,0.758514022,0.5519202588191462,0.982291102,1.0
residue,R,15,1,5.0,15,7.772020725388601,0.6433333333333334,0.654369924,1.0,0.946281722131488,1.0
residue,R,16,2,10.0,14,7.253886010362693,1.3785714285714288,0.657392831,0.6509837309770338,0.946281722131488,1.0
residue,R,17,5,25.0,9,4.66321243523316,5.361111111111112,0.000476525,0.0050733160987253305,0.06607813333333333,0.7102642538215462
residue,R,18,0,0.0,13,6.7357512953367875,0.0,0.230996482,0.6168108596103834,0.946281722131488,1.0
residue,R,19,1,5.0,12,6.217616580310881,0.8041666666666667,0.828578818,1.0,0.982291102,1.0
residue,R,20,1,5.0,7,3.6269430051813467,1.3785714285714288,0.948607609,0.5519202588191462,0.982291102,1.0
residue,R,21,1,5.0,5,2.5906735751295336,1.9300000000000002,0.535326761,0.4506636673154516,0.946281722131488,1.0
residue,R,22,1,5.0,10,5.181347150259067,0.9650000000000001,0.972172503,1.0,0.982291102,1.0
residue,R,23,2,10.0,10,5.181347150259067,1.9300000000000002,0.373652465,0.3131261778079447,0.946281722131488,1.0
residue,R,24,2,10.0,12,6.217616580310881,1.6083333333333334,0.515841967,0.6265379685587353,0.946281722131488,1.0
category,Basic,4,4,20.0,26,13.471502590673575,1.4846153846153847,0.424329094,0.4953707894843777,0.9420637179633027,1.0
category,Basic,5,8,40.0,19,9.844559585492227,4.063157894736842,0.000114117,0.0010630382845514263,0.007189371000000001,0.06697141192673986
category,Basic,6,3,15.0,23,11.917098445595855,1.258695652173913,0.688494037,0.718128174596959,0.9420637179633027,1.0
category,Basic,7,9,45.0,30,15.544041450777202,2.895,0.0011858,0.003482781248905034,0.0498036,0.14627681245401145
category,Basic,8,9,45.0,21,10.880829015544041,4.135714285714286,2.97492e-05,0.0003861818994774466,0.0037483992,0.04865891933415827
category,Basic,9,2,10.0,29,15.025906735751295,0.6655172413793103,0.797883647,0.7450847239311482,0.9420637179633027,1.0
category,Basic,10,3,15.0,25,12.953367875647666,1.1580000000000001,0.796526695,0.7323904902476784,0.9420637179633027,1.0
category,Basic,11,4,20.0,22,11.398963730569948,1.7545454545454546,0.263363656,0.27879210097186,0.9301084007727274,1.0
category,Basic,12,2,10.0,30,15.544041450777202,0.6433333333333334,0.50891075,0.7449881285252866,0.9420637179633027,1.0
category,Basic,13,5,25.0,34,17.616580310880828,1.4191176470588236,0.41638598,0.37742625684543774,0.9420637179633027,1.0
category,Basic,14,5,25.0,22,11.398963730569948,2.1931818181818183,0.081811292,0.14705411099401777,0.9301084007727274,1.0
category,Basic,15,3,15.0,30,15.544041450777202,0.965,0.948965269,1.0,0.996161324,1.0
category,Basic,16,2,10.0,30,15.544041450777202,0.6433333333333334,0.50891075,0.7449881285252866,0.9420637179633027,1.0
category,Basic,17,5,25.0,26,13.471502590673575,1.8557692307692306,0.164019095,0.18151347802005394,0.9301084007727274,1.0
category,Basic,18,3,15.0,24,12.435233160621761,1.20625,0.742786493,0.7248810397189143,0.9420637179633027,1.0
category,Basic,19,1,5.0,30,15.544041450777202,0.3216666666666667,0.203074613,0.32061425177329295,0.9301084007727274,1.0
category,Basic,20,3,15.0,21,10.880829015544041,1.3785714285714286,0.832991166,0.4784354907243885,0.9484965646434783,1.0
category,Basic,21,2,10.0,19,9.844559585492227,1.0157894736842106,0.982291102,1.0,0.996161324,1.0
category,Basic,22,2,10.0,29,15.025906735751295,0.6655172413793103,0.544043213,0.7450847239311482,0.9420637179633027,1.0
category,Basic,23,5,25.0,34,17.616580310880828,1.4191176470588236,0.41638598,0.37742625684543774,0.9420637179633027,1.0
category,Basic,24,2,10.0,31,16.06217616580311,0.6225806451612904,0.475714437,0.7458334717456447,0.9420637179633027,1.0
residue,D,4,2,10.0,7,3.6269430051813467,2.7571428571428576,0.177453742,0.20219948521457728,0.946281722131488,1.0
residue,D,5,1,5.0,13,6.7357512953367875,0.7423076923076923,0.765564798,1.0,0.982291102,1.0
residue,D,6,1,5.0,16,8.290155440414509,0.603125,0.605275119,1.0,0.946281722131488,1.0
residue,D,7,0,0.0,14,7.253886010362693,0.0,0.212716385,0.3717171901996402,0.946281722131488,1.0
residue,D,8,0,0.0,7,3.6269430051813467,0.0,0.386464286,1.0,0.946281722131488,1.0
residue,D,9,1,5.0,12,6.217616580310881,0.8041666666666667,0.954473695,1.0,0.982291102,1.0
residue,D,10,0,0.0,10,5.181347150259067,0.0,0.297066399,0.6035640740389386,0.946281722131488,1.0
residue,D,11,1,5.0,6,3.1088082901554404,1.6083333333333334,0.651570322,0.5037396414878716,0.946281722131488,1.0
residue,D,12,1,5.0,6,3.1088082901554404,1.6083333333333334,0.651570322,0.5037396414878716,0.946281722131488,1.0
residue,D,13,1,5.0,10,5.181347150259067,0.9650000000000001,0.972172503,1.0,0.982291102,1.0
residue,D,14,0,0.0,11,5.699481865284974,0.0,0.272928306,0.6047358058398087,0.946281722131488,1.0
residue,D,15,1,5.0,11,5.699481865284974,0.8772727272727273,0.897244406,1.0,0.982291102,1.0
residue,D,16,1,5.0,12,6.217616580310881,0.8041666666666667,0.828578818,1.0,0.982291102,1.0
residue,D,17,1,5.0,10,5.181347150259067,0.9650000000000001,0.972172503,1.0,0.982291102,1.0
residue,D,18,0,0.0,10,5.181347150259067,0.0,0.297066399,0.6035640740389386,0.946281722131488,1.0
residue,D,19,0,0.0,7,3.6269430051813467,0.0,0.386464286,1.0,0.946281722131488,1.0
residue,D,20,1,5.0,4,2.072538860103627,2.4125,0.892933763,0.39222363192347814,0.982291102,1.0
residue,D,21,1,5.0,16,8.290155440414509,0.603125,0.605275119,1.0,0.946281722131488,1.0
residue,D,22,2,10.0,10,5.181347150259067,1.9300000000000002,0.373652465,0.3131261778079447,0.946281722131488,1.0
residue,D,23,0,0.0,14,7.253886010362693,0.0,0.212716385,0.3717171901996402,0.946281722131488,1.0
residue,D,24,1,5.0,7,3.6269430051813467,1.3785714285714288,0.758514022,0.5519202588191462,0.982291102,1.0
residue,E,4,0,0.0,21,10.880829015544041,0.0,0.120240615,0.23088836956075084,0.946281722131488,1.0
residue,E,5,2,10.0,20,10.362694300518134,0.9650000000000001,0.959537757,1.0,0.982291102,1.0
residue,E,6,0,0.0,17,8.808290155440414,0.0,0.16646924,0.3788130491056978,0.946281722131488,1.0
residue,E,7,0,0.0,10,5.181347150259067,0.0,0.297066399,0.6035640740389386,0.946281722131488,1.0
residue,E,8,0,0.0,22,11.398963730569948,0.0,0.110827149,0.23639633045582364,0.946281722131488,1.0
residue,E,9,0,0.0,12,6.217616580310881,0.0,0.761054434,0.6093608594168406,0.982291102,1.0
residue,E,10,0,0.0,10,5.181347150259067,0.0,0.297066399,0.6035640740389386,0.946281722131488,1.0
residue,E,11,1,5.0,12,6.217616580310881,0.8041666666666667,0.828578818,1.0,0.982291102,1.0
residue,E,12,0,0.0,14,7.253886010362693,0.0,0.212716385,0.3717171901996402,0.946281722131488,1.0
residue,E,13,3,15.0,16,8.290155440414509,1.809375,0.316287291,0.3982097814339874,0.946281722131488,1.0
residue,E,14,1,5.0,12,6.217616580310881,0.8041666666666667,0.828578818,1.0,0.982291102,1.0
residue,E,15,0,0.0,10,5.181347150259067,0.0,0.297066399,0.6035640740389386,0.946281722131488,1.0
residue,E,16,3,15.0,17,8.808290155440414,1.7029411764705884,0.36618086,0.4112341831583596,0.946281722131488,1.0
residue,E,17,1,5.0,14,7.253886010362693,0.6892857142857144,0.707656672,1.0,0.982291102,1.0
residue,E,18,1,5.0,17,8.808290155440414,0.5676470588235295,0.559991459,1.0,0.946281722131488,1.0
residue,E,19,1,5.0,12,6.217616580310881,0.8041666666666667,0.828578818,1.0,0.982291102,1.0
residue,E,20,1,5.0,14,7.253886010362693,0.6892857142857144,0.914266829,1.0,0.982291102,1.0
residue,E,21,2,10.0,11,5.699481865284974,1.7545454545454546,0.444422442,0.35005226572376563,0.946281722131488,1.0
residue,E,22,3,15.0,10,5.181347150259067,2.895,0.080807846,0.11003269427092892,0.946281722131488,1.0
residue,E,23,1,5.0,7,3.6269430051813467,1.3785714285714288,0.758514022,0.5519202588191462,0.982291102,1.0
residue,E,24,2,10.0,17,8.808290155440414,1.135294117647059,0.858737037,0.6947692263181036,0.982291102,1.0
category,Acidic,4,2,10.0,28,14.507772020725387,0.6892857142857144,0.581192,0.7461745288424413,0.9420637179633027,1.0
category,Acidic,5,3,15.0,33,17.098445595854923,0.8772727272727272,0.811597671,1.0,0.9420637179633027,1.0
category,Acidic,6,1,5.0,33,17.098445595854923,0.2924242424242424,0.15966478,0.21109493429910103,0.9301084007727274,1.0
category,Acidic,7,0,0.0,24,12.435233160621761,0.0,0.094096203,0.13805325323782414,0.9301084007727274,1.0
category,Acidic,8,0,0.0,29,15.025906735751295,0.0,0.062158897,0.08299547788911113,0.9301084007727274,1.0
category,Acidic,9,1,5.0,24,12.435233160621761,0.40208333333333335,0.701877721,0.48005086667259,0.9420637179633027,1.0
category,Acidic,10,0,0.0,20,10.362694300518134,0.0,0.130435836,0.22779535127127776,0.9301084007727274,1.0
category,Acidic,11,2,10.0,18,9.32642487046632,1.0722222222222224,0.921690065,1.0,0.9841775270338983,1.0
category,Acidic,12,1,5.0,20,10.362694300518134,0.48250000000000004,0.443804894,0.7004104766623119,0.9420637179633027,1.0
category,Acidic,13,4,20.0,26,13.471502590673575,1.4846153846153847,0.424329094,0.4953707894843777,0.9420637179633027,1.0
category,Acidic,14,1,5.0,23,11.917098445595855,0.41956521739130437,0.351719156,0.707415031381974,0.9420637179633027,1.0
category,Acidic,15,1,5.0,21,10.880829015544041,0.45952380952380956,0.410729812,0.7013466939227422,0.9420637179633027,1.0
category,Acidic,16,4,20.0,29,15.025906735751295,1.3310344827586207,0.558413392,0.5230961378453228,0.9420637179633027,1.0
category,Acidic,17,2,10.0,24,12.435233160621761,0.8041666666666667,0.751488701,1.0,0.9420637179633027,1.0
category,Acidic,18,1,5.0,27,13.989637305699482,0.35740740740740745,0.257399595,0.4838959454776654,0.9301084007727274,1.0
category,Acidic,19,1,5.0,19,9.844559585492227,0.5078947368421053,0.4795415,0.7010626443321629,0.9420637179633027,1.0
category,Acidic,20,2,10.0,18,9.32642487046632,1.0722222222222224,0.97356404,1.0,0.996161324,1.0
category,Acidic,21,3,15.0,27,13.989637305699482,1.0722222222222222,0.901596806,1.0,0.9735921095384615,1.0
category,Acidic,22,5,25.0,20,10.362694300518134,2.4125,0.052872989,0.06676291754709594,0.9301084007727274,1.0
category,Acidic,23,1,5.0,21,10.880829015544041,0.45952380952380956,0.410729812,0.7013466939227422,0.9420637179633027,1.0
category,Acidic,24,3,15.0,24,12.435233160621761,1.20625,0.742786493,0.7248810397189143,0.9420637179633027,1.0
residue,F,4,0,0.0,3,1.5544041450777202,0.0,0.574432618,1.0,0.946281722131488,1.0
residue,F,5,1,5.0,6,3.1088082901554404,1.6083333333333334,0.651570322,0.5037396414878716,0.946281722131488,1.0
residue,F,6,0,0.0,5,2.5906735751295336,0.0,0.466358969,1.0,0.946281722131488,1.0
residue,F,7,1,5.0,11,5.699481865284974,0.8772727272727273,0.897244406,1.0,0.982291102,1.0
residue,F,8,1,5.0,6,3.1088082901554404,1.6083333333333334,0.651570322,0.5037396414878716,0.946281722131488,1.0
residue,F,9,1,5.0,11,5.699481865284974,0.8772727272727273,0.97397169,1.0,0.982291102,1.0
residue,F,10,2,10.0,8,4.145077720207254,2.4125,0.23867628,0.238843022154762,0.946281722131488,1.0
residue,F,11,1,5.0,4,2.072538860103627,2.4125,0.410445394,0.39222363192347814,0.946281722131488,1.0
residue,F,12,3,15.0,4,2.072538860103627,7.2375,0.002022967,0.01956253667031535,0.210388568,0.9914764870986983
residue,F,13,0,0.0,9,4.66321243523316,0.0,0.323737157,1.0,0.946281722131488,1.0
residue,F,14,0,0.0,10,5.181347150259067,0.0,0.297066399,0.6035640740389386,0.946281722131488,1.0
residue,F,15,0,0.0,6,3.1088082901554404,0.0,0.423789121,1.0,0.946281722131488,1.0
residue,F,16,0,0.0,7,3.6269430051813467,0.0,0.386464286,1.0,0.946281722131488,1.0
residue,F,17,1,5.0,8,4.145077720207254,1.20625,0.856434565,0.5956353555197174,0.982291102,1.0
residue,F,18,1,5.0,7,3.6269430051813467,1.3785714285714288,0.758514022,0.5519202588191462,0.982291102,1.0
residue,F,19,0,0.0,11,5.699481865284974,0.0,0.272928306,0.6047358058398087,0.946281722131488,1.0
residue,F,20,0,0.0,7,3.6269430051813467,0.0,0.865131386,1.0,0.982291102,1.0
residue,F,21,0,0.0,5,2.5906735751295336,0.0,0.466358969,1.0,0.946281722131488,1.0
residue,F,22,0,0.0,11,5.699481865284974,0.0,0.272928306,0.6047358058398087,0.946281722131488,1.0
residue,F,23,1,5.0,5,2.5906735751295336,1.9300000000000002,0.535326761,0.4506636673154516,0.946281722131488,1.0
residue,F,24,1,5.0,6,3.1088082901554404,1.6083333333333334,0.651570322,0.5037396414878716,0.946281722131488,1.0
residue,Y,4,2,10.0,3,1.5544041450777202,6.433333333333334,0.017566255,0.07064883399939248,0.42985659294117645,1.0
residue,Y,5,0,0.0,3,1.5544041450777202,0.0,0.574432618,1.0,0.946281722131488,1.0
residue,Y,6,0,0.0,2,1.0362694300518136,0.0,0.647380722,1.0,0.946281722131488,1.0
residue,Y,7,0,0.0,3,1.5544041450777202,0.0,0.574432618,1.0,0.946281722131488,1.0
residue,Y,8,1,5.0,7,3.6269430051813467,1.3785714285714288,0.758514022,0.5519202588191462,0.982291102,1.0
residue,Y,9,0,0.0,7,3.6269430051813467,0.0,0.866575725,1.0,0.982291102,1.0
residue,Y,10,0,0.0,2,1.0362694300518136,0.0,0.647380722,1.0,0.946281722131488,1.0
residue,Y,11,0,0.0,8,4.145077720207254,0.0,0.353356326,1.0,0.946281722131488,1.0
residue,Y,12,0,0.0,6,3.1088082901554404,0.0,0.423789121,1.0,0.946281722131488,1.0
residue,Y,13,0,0.0,1,0.5181347150259068,0.0,0.746945385,1.0,0.982291102,1.0
residue,Y,14,0,0.0,3,1.5544041450777202,0.0,0.574432618,1.0,0.946281722131488,1.0
residue,Y,15,0,0.0,4,2.072538860103627,0.0,0.515721571,1.0,0.946281722131488,1.0
residue,Y,16,0,0.0,3,1.5544041450777202,0.0,0.574432618,1.0,0.946281722131488,1.0
residue,Y,17,0,0.0,5,2.5906735751295336,0.0,0.466358969,1.0,0.946281722131488,1.0
residue,Y,18,0,0.0,7,3.6269430051813467,0.0,0.386464286,1.0,0.946281722131488,1.0
residue,Y,19,1,5.0,2,1.0362694300518136,4.825,0.152168086,0.2571622167953622,0.946281722131488,1.0
residue,Y,20,0,0.0,3,1.5544041450777202,0.0,0.943894846,1.0,0.982291102,1.0
residue,Y,21,0,0.0,4,2.072538860103627,0.0,0.515721571,1.0,0.946281722131488,1.0
residue,Y,22,0,0.0,0,0.0,,,1.0,,1.0
residue,Y,23,0,0.0,7,3.6269430051813467,0.0,0.386464286,1.0,0.946281722131488,1.0
residue,Y,24,1,5.0,2,1.0362694300518136,4.825,0.152168086,0.2571622167953622,0.946281722131488,1.0
residue,W,4,1,5.0,7,3.6269430051813467,1.3785714285714288,0.758514022,0.5519202588191462,0.982291102,1.0
residue,W,5,0,0.0,4,2.072538860103627,0.0,0.515721571,1.0,0.946281722131488,1.0
residue,W,6,1,5.0,9,4.66321243523316,1.0722222222222224,0.945962017,1.0,0.982291102,1.0
residue,W,7,0,0.0,4,2.072538860103627,0.0,0.515721571,1.0,0.946281722131488,1.0
residue,W,8,0,0.0,3,1.5544041450777202,0.0,0.574432618,1.0,0.946281722131488,1.0
residue,W,9,1,5.0,0,0.0,inf,0.821742811,0.09389671361502347,0.982291102,1.0
residue,W,10,1,5.0,2,1.0362694300518136,4.825,0.152168086,0.2571622167953622,0.946281722131488,1.0
residue,W,11,0,0.0,3,1.5544041450777202,0.0,0.574432618,1.0,0.946281722131488,1.0
residue,W,12,1,5.0,1,0.5181347150259068,9.65,0.047898018,0.17937815572681368,0.79702301952,1.0
residue,W,13,0,0.0,0,0.0,,,1.0,,1.0
residue,W,14,1,5.0,1,0.5181347150259068,9.65,0.047898018,0.17937815572681368,0.79702301952,1.0
residue,W,15,0,0.0,3,1.5544041450777202,0.0,0.574432618,1.0,0.946281722131488,1.0
residue,W,16,0,0.0,4,2.072538860103627,0.0,0.515721571,1.0,0.946281722131488,1.0
residue,W,17,1,5.0,2,1.0362694300518136,4.825,0.152168086,0.2571622167953622,0.946281722131488,1.0
residue,W,18,0,0.0,3,1.5544041450777202,0.0,0.574432618,1.0,0.946281722131488,1.0
residue,W,19,1,5.0,1,0.5181347150259068,9.65,0.047898018,0.17937815572681368,0.79702301952,1.0
residue,W,20,0,0.0,2,1.0362694300518136,0.0,0.962765405,1.0,0.982291102,1.0
residue,W,21,0,0.0,1,0.5181347150259068,0.0,0.746945385,1.0,0.982291102,1.0
residue,W,22,0,0.0,1,0.5181347150259068,0.0,0.746945385,1.0,0.982291102,1.0
residue,W,23,0,0.0,2,1.0362694300518136,0.0,0.647380722,1.0,0.946281722131488,1.0
residue,W,24,0,0.0,2,1.0362694300518136,0.0,0.647380722,1.0,0.946281722131488,1.0
category,Aromatic,4,3,15.0,13,6.7357512953367875,2.2269230769230766,0.181964423,0.17899528420578706,0.9301084007727274,1.0
category,Aromatic,5,1,5.0,13,6.7357512953367875,0.7423076923076923,0.765564798,1.0,0.9420637179633027,1.0
category,Aromatic,6,1,5.0,16,8.290155440414509,0.603125,0.605275119,1.0,0.9420637179633027,1.0
category,Aromatic,7,1,5.0,18,9.32642487046632,0.5361111111111112,0.518180669,1.0,0.9420637179633027,1.0
category,Aromatic,8,2,10.0,16,8.290155440414509,1.20625,0.79356073,0.6796172202082962,0.9420637179633027,1.0
category,Aromatic,9,2,10.0,18,9.32642487046632,1.0722222222222224,0.973786426,1.0,0.996161324,1.0
category,Aromatic,10,3,15.0,12,6.217616580310881,2.4125,0.143953216,0.15468357133215518,0.9301084007727274,1.0
category,Aromatic,11,1,5.0,15,7.772020725388601,0.6433333333333334,0.654369924,1.0,0.9420637179633027,1.0
category,Aromatic,12,4,20.0,11,5.699481865284974,3.5090909090909093,0.017343542,0.03943799317980063,0.5463215730000001,1.0
category,Aromatic,13,0,0.0,10,5.181347150259067,0.0,0.297066399,0.6035640740389386,0.9301084007727274,1.0
category,Aromatic,14,1,5.0,14,7.253886010362693,0.6892857142857144,0.707656672,1.0,0.9420637179633027,1.0
category,Aromatic,15,0,0.0,13,6.7357512953367875,0.0,0.230996482,0.6168108596103834,0.9301084007727274,1.0
category,Aromatic,16,0,0.0,14,7.253886010362693,0.0,0.212716385,0.3717171901996402,0.9301084007727274,1.0
category,Aromatic,17,2,10.0,15,7.772020725388601,1.2866666666666668,0.726354386,0.6649355234570127,0.9420637179633027,1.0
category,Aromatic,18,1,5.0,17,8.808290155440414,0.5676470588235295,0.559991459,1.0,0.9420637179633027,1.0
category,Aromatic,19,2,10.0,14,7.253886010362693,1.3785714285714288,0.657392831,0.6509837309770338,0.9420637179633027,1.0
category,Aromatic,20,0,0.0,12,6.217616580310881,0.0,0.766296037,0.6093608594168406,0.9420637179633027,1.0
category,Aromatic,21,0,0.0,10,5.181347150259067,0.0,0.297066399,0.6035640740389386,0.9301084007727274,1.0
category,Aromatic,22,0,0.0,12,6.217616580310881,0.0,0.250993825,0.6093608594168406,0.9301084007727274,1.0
category,Aromatic,23,1,5.0,14,7.253886010362693,0.6892857142857144,0.707656672,1.0,0.9420637179633027,1.0
category,Aromatic,24,2,10.0,10,5.181347150259067,1.9300000000000002,0.373652465,0.3131261778079447,0.9420637179633027,1.0
residue,G,4,0,0.0,11,5.699481865284974,0.0,0.272928306,0.6047358058398087,0.946281722131488,1.0
residue,G,5,1,5.0,15,7.772020725388601,0.6433333333333334,0.654369924,1.0,0.946281722131488,1.0
residue,G,6,3,15.0,9,4.66321243523316,3.216666666666667,0.056333303,0.09005628605417329,0.8679501499259259,1.0
residue,G,7,0,0.0,8,4.145077720207254,0.0,0.353356326,1.0,0.946281722131488,1.0
residue,G,8,0,0.0,11,5.699481865284974,0.0,0.272928306,0.6047358058398087,0.946281722131488,1.0
residue,G,9,1,5.0,12,6.217616580310881,0.8041666666666667,0.953979375,1.0,0.982291102,1.0
residue,G,10,1,5.0,12,6.217616580310881,0.8041666666666667,0.828578818,1.0,0.982291102,1.0
residue,G,11,1,5.0,12,6.217616580310881,0.8041666666666667,0.828578818,1.0,0.982291102,1.0
residue,G,12,1,5.0,14,7.253886010362693,0.6892857142857144,0.707656672,1.0,0.982291102,1.0
residue,G,13,1,5.0,13,6.7357512953367875,0.7423076923076923,0.765564798,1.0,0.982291102,1.0
residue,G,14,0,0.0,14,7.253886010362693,0.0,0.212716385,0.3717171901996402,0.946281722131488,1.0
residue,G,15,6,30.0,21,10.880829015544041,2.757142857142857,0.014432083,0.02612324388240227,0.4002497685333334,0.9914764870986983
residue,G,16,4,20.0,19,9.844559585492227,2.031578947368421,0.16362912,0.24412763812040583,0.946281722131488,1.0
residue,G,17,3,15.0,15,7.772020725388601,1.93,0.268625479,0.38729055955089386,0.946281722131488,1.0
residue,G,18,2,10.0,13,6.7357512953367875,1.4846153846153847,0.587053491,0.6380662294000665,0.946281722131488,1.0
residue,G,19,4,20.0,8,4.145077720207254,4.825,0.003419805,0.0173161039605522,0.23710648,0.9914764870986983
residue,G,20,5,25.0,13,6.7357512953367875,3.7115384615384612,0.389578675,0.01685003663462557,0.946281722131488,0.9914764870986983
residue,G,21,2,10.0,13,6.7357512953367875,1.4846153846153847,0.587053491,0.6380662294000665,0.946281722131488,1.0
residue,G,22,1,5.0,13,6.7357512953367875,0.7423076923076923,0.765564798,1.0,0.982291102,1.0
residue,G,23,1,5.0,12,6.217616580310881,0.8041666666666667,0.828578818,1.0,0.982291102,1.0
residue,G,24,0,0.0,15,7.772020725388601,0.0,0.195969198,0.37063738779011557,0.946281722131488,1.0
residue,P,4,0,0.0,14,7.253886010362693,0.0,0.212716385,0.3717171901996402,0.946281722131488,1.0
residue,P,5,0,0.0,18,9.32642487046632,0.0,0.153465199,0.22963123694914894,0.946281722131488,1.0
residue,P,6,1,5.0,13,6.7357512953367875,0.7423076923076923,0.765564798,1.0,0.982291102,1.0
residue,P,7,2,10.0,15,7.772020725388601,1.2866666666666668,0.726354386,0.6649355234570127,0.982291102,1.0
residue,P,8,1,5.0,20,10.362694300518134,0.48250000000000004,0.443804894,0.7004104766623119,0.946281722131488,1.0
residue,P,9,1,5.0,16,8.290155440414509,0.603125,0.871663091,1.0,0.982291102,1.0
residue,P,10,2,10.0,10,5.181347150259067,1.9300000000000002,0.373652465,0.3131261778079447,0.946281722131488,1.0
residue,P,11,1,5.0,15,7.772020725388601,0.6433333333333334,0.654369924,1.0,0.946281722131488,1.0
residue,P,12,3,15.0,12,6.217616580310881,2.4125,0.143953216,0.15468357133215518,0.946281722131488,1.0
residue,P,13,1,5.0,15,7.772020725388601,0.6433333333333334,0.654369924,1.0,0.946281722131488,1.0
residue,P,14,0,0.0,16,8.290155440414509,0.0,0.18059833,0.37313558384981205,0.946281722131488,1.0
residue,P,15,0,0.0,16,8.290155440414509,0.0,0.18059833,0.37313558384981205,0.946281722131488,1.0
residue,P,16,1,5.0,8,4.145077720207254,1.20625,0.856434565,0.5956353555197174,0.982291102,1.0
residue,P,17,1,5.0,11,5.699481865284974,0.8772727272727273,0.897244406,1.0,0.982291102,1.0
residue,P,18,1,5.0,11,5.699481865284974,0.8772727272727273,0.897244406,1.0,0.982291102,1.0
residue,P,19,2,10.0,9,4.66321243523316,2.144444444444445,0.304619898,0.27594786251564946,0.946281722131488,1.0
residue,P,20,0,0.0,12,6.217616580310881,0.0,0.769402056,0.6093608594168406,0.982291102,1.0
residue,P,21,4,20.0,10,5.181347150259067,3.8600000000000003,0.010906913,0.03082623569149282,0.352335776,0.9914764870986983
residue,P,22,0,0.0,10,5.181347150259067,0.0,0.297066399,0.6035640740389386,0.946281722131488,1.0
residue,P,23,1,5.0,13,6.7357512953367875,0.7423076923076923,0.765564798,1.0,0.982291102,1.0
residue,P,24,1,5.0,6,3.1088082901554404,1.6083333333333334,0.651570322,0.5037396414878716,0.946281722131488,1.0
residue,A,4,1,5.0,12,6.217616580310881,0.8041666666666667,0.828578818,1.0,0.982291102,1.0
residue,A,5,2,10.0,10,5.181347150259067,1.9300000000000002,0.373652465,0.3131261778079447,0.946281722131488,1.0
residue,A,6,1,5.0,18,9.32642487046632,0.5361111111111112,0.518180669,1.0,0.946281722131488,1.0
residue,A,7,0,0.0,14,7.253886010362693,0.0,0.212716385,0.3717171901996402,0.946281722131488,1.0
residue,A,8,2,10.0,21,10.880829015544041,0.9190476190476191,0.903834596,1.0,0.982291102,1.0
residue,A,9,1,5.0,20,10.362694300518134,0.48250000000000004,0.789619841,0.7004104766623119,0.982291102,1.0
residue,A,10,1,5.0,18,9.32642487046632,0.5361111111111112,0.518180669,1.0,0.946281722131488,1.0
residue,A,11,4,20.0,25,12.953367875647666,1.5440000000000003,0.381739334,0.48883636986048046,0.946281722131488,1.0
residue,A,12,1,5.0,13,6.7357512953367875,0.7423076923076923,0.765564798,1.0,0.982291102,1.0
residue,A,13,1,5.0,8,4.145077720207254,1.20625,0.856434565,0.5956353555197174,0.982291102,1.0
residue,A,14,4,20.0,13,6.7357512953367875,2.9692307692307693,0.037196888,0.06052196258808845,0.7736952703999999,1.0
residue,A,15,2,10.0,19,9.844559585492227,1.0157894736842106,0.982291102,1.0,0.982291102,1.0
residue,A,16,1,5.0,10,5.181347150259067,0.9650000000000001,0.972172503,1.0,0.982291102,1.0
residue,A,17,1,5.0,15,7.772020725388601,0.6433333333333334,0.654369924,1.0,0.946281722131488,1.0
residue,A,18,2,10.0,14,7.253886010362693,1.3785714285714288,0.657392831,0.6509837309770338,0.946281722131488,1.0
residue,A,19,2,10.0,17,8.808290155440414,1.135294117647059,0.858737037,0.6947692263181036,0.982291102,1.0
residue,A,20,3,15.0,13,6.7357512953367875,2.2269230769230766,0.689856438,0.17899528420578706,0.982291102,1.0
residue,A,21,1,5.0,16,8.290155440414509,0.603125,0.605275119,1.0,0.946281722131488,1.0
residue,A,22,2,10.0,18,9.32642487046632,1.0722222222222224,0.921690065,1.0,0.982291102,1.0
residue,A,23,1,5.0,9,4.66321243523316,1.0722222222222224,0.945962017,1.0,0.982291102,1.0
residue,A,24,1,5.0,13,6.7357512953367875,0.7423076923076923,0.765564798,1.0,0.982291102,1.0
residue,M,4,0,0.0,3,1.5544041450777202,0.0,0.574432618,1.0,0.946281722131488,1.0
residue,M,5,0,0.0,7,3.6269430051813467,0.0,0.386464286,1.0,0.946281722131488,1.0
residue,M,6,0,0.0,2,1.0362694300518136,0.0,0.647380722,1.0,0.946281722131488,1.0
residue,M,7,0,0.0,2,1.0362694300518136,0.0,0.647380722,1.0,0.946281722131488,1.0
residue,M,8,0,0.0,6,3.1088082901554404,0.0,0.423789121,1.0,0.946281722131488,1.0
residue,M,9,0,0.0,1,0.5181347150259068,0.0,0.981174905,1.0,0.982291102,1.0
residue,M,10,0,0.0,3,1.5544041450777202,0.0,0.574432618,1.0,0.946281722131488,1.0
residue,M,11,0,0.0,6,3.1088082901554404,0.0,0.423789121,1.0,0.946281722131488,1.0
residue,M,12,0,0.0,3,1.5544041450777202,0.0,0.574432618,1.0,0.946281722131488,1.0
residue,M,13,0,0.0,4,2.072538860103627,0.0,0.515721571,1.0,0.946281722131488,1.0
residue,M,14,0,0.0,7,3.6269430051813467,0.0,0.386464286,1.0,0.946281722131488,1.0
residue,M,15,0,0.0,0,0.0,,,1.0,,1.0
residue,M,16,1,5.0,1,0.5181347150259068,9.65,0.047898018,0.17937815572681368,0.79702301952,1.0
residue,M,17,0,0.0,4,2.072538860103627,0.0,0.515721571,1.0,0.946281722131488,1.0
residue,M,18,0,0.0,3,1.5544041450777202,0.0,0.574432618,1.0,0.946281722131488,1.0
residue,M,19,0,0.0,5,2.5906735751295336,0.0,0.466358969,1.0,0.946281722131488,1.0
residue,M,20,0,0.0,4,2.072538860103627,0.0,0.924469225,1.0,0.982291102,1.0
residue,M,21,1,5.0,6,3.1088082901554404,1.6083333333333334,0.651570322,0.5037396414878716,0.946281722131488,1.0
residue,M,22,0,0.0,7,3.6269430051813467,0.0,0.386464286,1.0,0.946281722131488,1.0
residue,M,23,0,0.0,5,2.5906735751295336,0.0,0.466358969,1.0,0.946281722131488,1.0
residue,M,24,0,0.0,3,1.5544041450777202,0.0,0.574432618,1.0,0.946281722131488,1.0
category,Aliphatic,4,1,5.0,40,20.72538860103627,0.24125000000000002,0.089514401,0.13365219752045782,0.9301084007727274,1.0
category,Aliphatic,5,3,15.0,50,25.906735751295333,0.5790000000000001,0.282849241,0.4162350287990791,0.9301084007727274,1.0
category,Aliphatic,6,5,25.0,42,21.761658031088082,1.1488095238095237,0.739562867,0.7779028065441911,0.9420637179633027,1.0
category,Aliphatic,7,2,10.0,39,20.207253886010363,0.4948717948717949,0.270401413,0.3781386363589889,0.9301084007727274,1.0
category,Aliphatic,8,3,15.0,58,30.05181347150259,0.49913793103448273,0.156372553,0.1989211945018781,0.9301084007727274,1.0
category,Aliphatic,9,3,15.0,49,25.38860103626943,0.5908163265306122,0.527414489,0.416314905985651,0.9420637179633027,1.0
category,Aliphatic,10,4,20.0,43,22.279792746113987,0.8976744186046512,0.814959883,1.0,0.9420637179633027,1.0
category,Aliphatic,11,6,30.0,58,30.05181347150259,0.9982758620689655,0.996161324,1.0,0.996161324,1.0
category,Aliphatic,12,5,25.0,42,21.761658031088082,1.1488095238095237,0.739562867,0.7779028065441911,0.9420637179633027,1.0
category,Aliphatic,13,3,15.0,40,20.72538860103627,0.72375,0.543720074,0.7709593978838938,0.9420637179633027,1.0
category,Aliphatic,14,4,20.0,50,25.906735751295333,0.7720000000000001,0.563257186,0.7877349950134325,0.9420637179633027,1.0
category,Aliphatic,15,8,40.0,56,29.015544041450774,1.3785714285714288,0.307752172,0.3142406784269334,0.9301084007727274,1.0
category,Aliphatic,16,7,35.0,38,19.689119170984455,1.7776315789473682,0.110333082,0.1463282972628271,0.9301084007727274,1.0
category,Aliphatic,17,5,25.0,45,23.316062176165804,1.0722222222222222,0.865691309,0.7888307230180216,0.9484965646434783,1.0
category,Aliphatic,18,5,25.0,41,21.243523316062177,1.1768292682926829,0.697556043,0.7752740670415437,0.9420637179633027,1.0
category,Aliphatic,19,8,40.0,39,20.207253886010363,1.9794871794871796,0.042171264,0.05101492877407324,0.9301084007727274,1.0
category,Aliphatic,20,8,40.0,42,21.761658031088082,1.8380952380952382,0.308823082,0.09300768874403378,0.9301084007727274,1.0
category,Aliphatic,21,8,40.0,45,23.316062176165804,1.7155555555555557,0.100424793,0.10910393845882825,0.9301084007727274,1.0
category,Aliphatic,22,3,15.0,48,24.870466321243523,0.603125,0.324799759,0.417637304317965,0.9301084007727274,1.0
category,Aliphatic,23,3,15.0,39,20.207253886010363,0.7423076923076923,0.577427252,0.770821939157943,0.9420637179633027,1.0
category,Aliphatic,24,2,10.0,37,19.170984455958546,0.5216216216216217,0.312750322,0.5419855897315096,0.9301084007727274,1.0
residue,V,4,3,15.0,13,6.7357512953367875,2.2269230769230766,0.181964423,0.17899528420578706,0.946281722131488,1.0
residue,V,5,0,0.0,7,3.6269430051813467,0.0,0.386464286,1.0,0.946281722131488,1.0
residue,V,6,4,20.0,10,5.181347150259067,3.8600000000000003,0.010906913,0.03082623569149282,0.352335776,0.9914764870986983
residue,V,7,1,5.0,10,5.181347150259067,0.9650000000000001,0.972172503,1.0,0.982291102,1.0
residue,V,8,1,5.0,11,5.699481865284974,0.8772727272727273,0.897244406,1.0,0.982291102,1.0
residue,V,9,3,15.0,13,6.7357512953367875,2.2269230769230766,0.694669987,0.17899528420578706,0.982291102,1.0
residue,V,10,2,10.0,19,9.844559585492227,1.0157894736842106,0.982291102,1.0,0.982291102,1.0
residue,V,11,2,10.0,11,5.699481865284974,1.7545454545454546,0.444422442,0.35005226572376563,0.946281722131488,1.0
residue,V,12,0,0.0,16,8.290155440414509,0.0,0.18059833,0.37313558384981205,0.946281722131488,1.0
residue,V,13,2,10.0,7,3.6269430051813467,2.7571428571428576,0.177453742,0.20219948521457728,0.946281722131488,1.0
residue,V,14,3,15.0,11,5.699481865284974,2.631818181818182,0.110105821,0.13163445570168428,0.946281722131488,1.0
residue,V,15,0,0.0,9,4.66321243523316,0.0,0.323737157,1.0,0.946281722131488,1.0
residue,V,16,0,0.0,11,5.699481865284974,0.0,0.272928306,0.6047358058398087,0.946281722131488,1.0
residue,V,17,2,10.0,11,5.699481865284974,1.7545454545454546,0.444422442,0.35005226572376563,0.946281722131488,1.0
residue,V,18,0,0.0,8,4.145077720207254,0.0,0.353356326,1.0,0.946281722131488,1.0
residue,V,19,2,10.0,16,8.290155440414509,1.20625,0.79356073,0.6796172202082962,0.982291102,1.0
residue,V,20,0,0.0,15,7.772020725388601,0.0,0.70658826,0.37063738779011557,0.982291102,1.0
residue,V,21,2,10.0,16,8.290155440414509,1.20625,0.79356073,0.6796172202082962,0.982291102,1.0
residue,V,22,0,0.0,7,3.6269430051813467,0.0,0.386464286,1.0,0.946281722131488,1.0
residue,V,23,0,0.0,12,6.217616580310881,0.0,0.250993825,0.6093608594168406,0.946281722131488,1.0
residue,V,24,3,15.0,15,7.772020725388601,1.93,0.268625479,0.38729055955089386,0.946281722131488,1.0
residue,L,4,1,5.0,16,8.290155440414509,0.603125,0.605275119,1.0,0.946281722131488,1.0
residue,L,5,2,10.0,11,5.699481865284974,1.7545454545454546,0.444422442,0.35005226572376563,0.946281722131488,1.0
residue,L,6,2,10.0,20,10.362694300518134,0.9650000000000001,0.959537757,1.0,0.982291102,1.0
residue,L,7,1,5.0,23,11.917098445595855,0.41956521739130437,0.351719156,0.707415031381974,0.946281722131488,1.0
residue,L,8,2,10.0,21,10.880829015544041,0.9190476190476191,0.903834596,1.0,0.982291102,1.0
residue,L,9,4,20.0,18,9.32642487046632,2.144444444444445,0.597595164,0.1351576909521226,0.946281722131488,1.0
residue,L,10,4,20.0,18,9.32642487046632,2.144444444444445,0.135432207,0.1351576909521226,0.946281722131488,1.0
residue,L,11,2,10.0,20,10.362694300518134,0.9650000000000001,0.959537757,1.0,0.982291102,1.0
residue,L,12,1,5.0,21,10.880829015544041,0.45952380952380956,0.410729812,0.7013466939227422,0.946281722131488,1.0
residue,L,13,1,5.0,20,10.362694300518134,0.48250000000000004,0.443804894,0.7004104766623119,0.946281722131488,1.0
residue,L,14,1,5.0,24,12.435233160621761,0.40208333333333335,0.325411821,0.48005086667259,0.946281722131488,1.0
residue,L,15,2,10.0,20,10.362694300518134,0.9650000000000001,0.959537757,1.0,0.982291102,1.0
residue,L,16,1,5.0,21,10.880829015544041,0.45952380952380956,0.410729812,0.7013466939227422,0.946281722131488,1.0
residue,L,17,1,5.0,17,8.808290155440414,0.5676470588235295,0.559991459,1.0,0.946281722131488,1.0
residue,L,18,2,10.0,27,13.989637305699482,0.7148148148148149,0.620436155,1.0,0.946281722131488,1.0
residue,L,19,1,5.0,21,10.880829015544041,0.45952380952380956,0.410729812,0.7013466939227422,0.946281722131488,1.0
residue,L,20,1,5.0,21,10.880829015544041,0.45952380952380956,0.769256612,0.7013466939227422,0.982291102,1.0
residue,L,21,1,5.0,29,15.025906735751295,0.33275862068965517,0.219847674,0.32096077262611505,0.946281722131488,1.0
residue,L,22,0,0.0,21,10.880829015544041,0.0,0.120240615,0.23088836956075084,0.946281722131488,1.0
residue,L,23,1,5.0,25,12.953367875647666,0.38600000000000007,0.301017615,0.47936615778497127,0.946281722131488,1.0
residue,L,24,3,15.0,24,12.435233160621761,1.20625,0.742786493,0.7248810397189143,0.982291102,1.0
residue,I,4,2,10.0,10,5.181347150259067,1.9300000000000002,0.373652465,0.3131261778079447,0.946281722131488,1.0
residue,I,5,0,0.0,6,3.1088082901554404,0.0,0.423789121,1.0,0.946281722131488,1.0
residue,I,6,0,0.0,10,5.181347150259067,0.0,0.297066399,0.6035640740389386,0.946281722131488,1.0
residue,I,7,1,5.0,4,2.072538860103627,2.4125,0.410445394,0.39222363192347814,0.946281722131488,1.0
residue,I,8,0,0.0,5,2.5906735751295336,0.0,0.466358969,1.0,0.946281722131488,1.0
residue,I,9,0,0.0,3,1.5544041450777202,0.0,0.943449714,1.0,0.982291102,1.0
residue,I,10,0,0.0,11,5.699481865284974,0.0,0.272928306,0.6047358058398087,0.946281722131488,1.0
residue,I,11,0,0.0,4,2.072538860103627,0.0,0.515721571,1.0,0.946281722131488,1.0
residue,I,12,1,5.0,6,3.1088082901554404,1.6083333333333334,0.651570322,0.5037396414878716,0.946281722131488,1.0
residue,I,13,0,0.0,6,3.1088082901554404,0.0,0.423789121,1.0,0.946281722131488,1.0
residue,I,14,0,0.0,8,4.145077720207254,0.0,0.353356326,1.0,0.946281722131488,1.0
residue,I,15,0,0.0,5,2.5906735751295336,0.0,0.466358969,1.0,0.946281722131488,1.0
residue,I,16,2,10.0,6,3.1088082901554404,3.216666666666667,0.122839452,0.16647532016894928,0.946281722131488,1.0
residue,I,17,0,0.0,7,3.6269430051813467,0.0,0.386464286,1.0,0.946281722131488,1.0
residue,I,18,0,0.0,2,1.0362694300518136,0.0,0.647380722,1.0,0.946281722131488,1.0
residue,I,19,0,0.0,6,3.1088082901554404,0.0,0.423789121,1.0,0.946281722131488,1.0
residue,I,20,0,0.0,10,5.181347150259067,0.0,0.809451747,0.6035640740389386,0.982291102,1.0
residue,I,21,0,0.0,5,2.5906735751295336,0.0,0.466358969,1.0,0.946281722131488,1.0
residue,I,22,1,5.0,5,2.5906735751295336,1.9300000000000002,0.535326761,0.4506636673154516,0.946281722131488,1.0
residue,I,23,2,10.0,6,3.1088082901554404,3.216666666666667,0.122839452,0.16647532016894928,0.946281722131488,1.0
residue,I,24,0,0.0,11,5.699481865284974,0.0,0.272928306,0.6047358058398087,0.946281722131488,1.0
category,Hydrophobic,4,6,30.0,39,20.207253886010363,1.4846153846153847,0.307141598,0.3856321505990501,0.9301084007727274,1.0
category,Hydrophobic,5,2,10.0,24,12.435233160621761,0.8041666666666667,0.751488701,1.0,0.9420637179633027,1.0
category,Hydrophobic,6,6,30.0,40,20.72538860103627,1.4475,0.337310206,0.3908857709721755,0.9420637179633027,1.0
category,Hydrophobic,7,3,15.0,37,19.170984455958546,0.7824324324324324,0.649367247,0.7726601792546908,0.9420637179633027,1.0
category,Hydrophobic,8,3,15.0,37,19.170984455958546,0.7824324324324324,0.649367247,0.7726601792546908,0.9420637179633027,1.0
category,Hydrophobic,9,7,35.0,34,17.616580310880828,1.986764705882353,0.34651496,0.07437110050217152,0.9420637179633027,1.0
category,Hydrophobic,10,6,30.0,48,24.870466321243523,1.20625,0.615698271,0.596696490525522,0.9420637179633027,1.0
category,Hydrophobic,11,4,20.0,35,18.134715025906736,1.102857142857143,0.837325642,0.7673110070018601,0.9484965646434783,1.0
category,Hydrophobic,12,2,10.0,43,22.279792746113987,0.4488372093023256,0.200334101,0.2593528906784403,0.9301084007727274,1.0
category,Hydrophobic,13,3,15.0,33,17.098445595854923,0.8772727272727272,0.811597671,1.0,0.9420637179633027,1.0
category,Hydrophobic,14,4,20.0,43,22.279792746113987,0.8976744186046512,0.814959883,1.0,0.9420637179633027,1.0
category,Hydrophobic,15,2,10.0,34,17.616580310880828,0.5676470588235295,0.386940958,0.5386544423883447,0.9420637179633027,1.0
category,Hydrophobic,16,3,15.0,38,19.689119170984455,0.7618421052631579,0.612637352,0.7713815925421725,0.9420637179633027,1.0
category,Hydrophobic,17,3,15.0,35,18.134715025906736,0.8271428571428571,0.72742379,1.0,0.9420637179633027,1.0
category,Hydrophobic,18,2,10.0,37,19.170984455958546,0.5216216216216217,0.312750322,0.5419855897315096,0.9301084007727274,1.0
category,Hydrophobic,19,3,15.0,43,22.279792746113987,0.6732558139534884,0.451376622,0.5765690315835402,0.9420637179633027,1.0
category,Hydrophobic,20,1,5.0,46,23.83419689119171,0.20978260869565218,0.280735482,0.08431119273341016,0.9301084007727274,1.0
category,Hydrophobic,21,3,15.0,50,25.906735751295333,0.5790000000000001,0.282849241,0.4162350287990791,0.9301084007727274,1.0
category,Hydrophobic,22,1,5.0,33,17.098445595854923,0.2924242424242424,0.15966478,0.21109493429910103,0.9301084007727274,1.0
category,Hydrophobic,23,3,15.0,43,22.279792746113987,0.6732558139534884,0.451376622,0.5765690315835402,0.9420637179633027,1.0
category,Hydrophobic,24,6,30.0,50,25.906735751295333,1.1580000000000001,0.69222998,0.7898481320697763,0.9420637179633027,1.0
residue,S,4,1,5.0,12,6.217616580310881,0.8041666666666667,0.828578818,1.0,0.982291102,1.0
residue,S,5,2,10.0,21,10.880829015544041,0.9190476190476191,0.903834596,1.0,0.982291102,1.0
residue,S,6,0,0.0,19,9.844559585492227,0.0,0.141484074,0.22731111828042933,0.946281722131488,1.0
residue,S,7,3,15.0,15,7.772020725388601,1.93,0.268625479,0.38729055955089386,0.946281722131488,1.0
residue,S,8,2,10.0,5,2.5906735751295336,3.8600000000000003,0.076858723,0.13220782228093045,0.946281722131488,1.0
residue,S,9,2,10.0,15,7.772020725388601,1.2866666666666668,0.91662475,0.6649355234570127,0.982291102,1.0
residue,S,10,3,15.0,15,7.772020725388601,1.93,0.268625479,0.38729055955089386,0.946281722131488,1.0
residue,S,11,1,5.0,14,7.253886010362693,0.6892857142857144,0.707656672,1.0,0.982291102,1.0
residue,S,12,2,10.0,20,10.362694300518134,0.9650000000000001,0.959537757,1.0,0.982291102,1.0
residue,S,13,2,10.0,21,10.880829015544041,0.9190476190476191,0.903834596,1.0,0.982291102,1.0
residue,S,14,2,10.0,14,7.253886010362693,1.3785714285714288,0.657392831,0.6509837309770338,0.946281722131488,1.0
residue,S,15,4,20.0,9,4.66321243523316,4.28888888888889,0.006385706,0.023468258664987814,0.29516152177777777,0.9914764870986983
residue,S,16,1,5.0,17,8.808290155440414,0.5676470588235295,0.559991459,1.0,0.946281722131488,1.0
residue,S,17,1,5.0,18,9.32642487046632,0.5361111111111112,0.518180669,1.0,0.946281722131488,1.0
residue,S,18,5,25.0,17,8.808290155440414,2.838235294117647,0.023519101,0.040118264486157844,0.5149445271578947,1.0
residue,S,19,2,10.0,21,10.880829015544041,0.9190476190476191,0.903834596,1.0,0.982291102,1.0
residue,S,20,3,15.0,17,8.808290155440414,1.7029411764705884,0.759993321,0.4112341831583596,0.982291102,1.0
residue,S,21,1,5.0,15,7.772020725388601,0.6433333333333334,0.654369924,1.0,0.946281722131488,1.0
residue,S,22,3,15.0,21,10.880829015544041,1.3785714285714286,0.579188483,0.4784354907243885,0.946281722131488,1.0
residue,S,23,5,25.0,16,8.290155440414509,3.015625,0.017026349,0.033049216236623276,0.42985659294117645,0.9914764870986983
residue,S,24,1,5.0,10,5.181347150259067,0.9650000000000001,0.972172503,1.0,0.982291102,1.0
residue,T,4,1,5.0,13,6.7357512953367875,0.7423076923076923,0.765564798,1.0,0.982291102,1.0
residue,T,5,0,0.0,10,5.181347150259067,0.0,0.297066399,0.6035640740389386,0.946281722131488,1.0
residue,T,6,1,5.0,4,2.072538860103627,2.4125,0.410445394,0.39222363192347814,0.946281722131488,1.0
residue,T,7,2,10.0,13,6.7357512953367875,1.4846153846153847,0.587053491,0.6380662294000665,0.946281722131488,1.0
residue,T,8,1,5.0,8,4.145077720207254,1.20625,0.856434565,0.5956353555197174,0.982291102,1.0
residue,T,9,1,5.0,7,3.6269430051813467,1.3785714285714288,0.949162462,0.5519202588191462,0.982291102,1.0
residue,T,10,0,0.0,13,6.7357512953367875,0.0,0.230996482,0.6168108596103834,0.946281722131488,1.0
residue,T,11,0,0.0,13,6.7357512953367875,0.0,0.230996482,0.6168108596103834,0.946281722131488,1.0
residue,T,12,0,0.0,9,4.66321243523316,0.0,0.323737157,1.0,0.946281722131488,1.0
residue,T,13,1,5.0,13,6.7357512953367875,0.7423076923076923,0.765564798,1.0,0.982291102,1.0
residue,T,14,2,10.0,12,6.217616580310881,1.6083333333333334,0.515841967,0.6265379685587353,0.946281722131488,1.0
residue,T,15,1,5.0,9,4.66321243523316,1.0722222222222224,0.945962017,1.0,0.982291102,1.0
residue,T,16,1,5.0,6,3.1088082901554404,1.6083333333333334,0.651570322,0.5037396414878716,0.946281722131488,1.0
residue,T,17,1,5.0,9,4.66321243523316,1.0722222222222224,0.945962017,1.0,0.982291102,1.0
residue,T,18,1,5.0,11,5.699481865284974,0.8772727272727273,0.897244406,1.0,0.982291102,1.0
residue,T,19,1,5.0,13,6.7357512953367875,0.7423076923076923,0.765564798,1.0,0.982291102,1.0
residue,T,20,2,10.0,14,7.253886010362693,1.3785714285714288,0.895378001,0.6509837309770338,0.982291102,1.0
residue,T,21,1,5.0,9,4.66321243523316,1.0722222222222224,0.945962017,1.0,0.982291102,1.0
residue,T,22,2,10.0,14,7.253886010362693,1.3785714285714288,0.657392831,0.6509837309770338,0.946281722131488,1.0
residue,T,23,1,5.0,9,4.66321243523316,1.0722222222222224,0.945962017,1.0,0.982291102,1.0
residue,T,24,3,15.0,9,4.66321243523316,3.216666666666667,0.056333303,0.09005628605417329,0.8679501499259259,1.0
residue,C,4,0,0.0,5,2.5906735751295336,0.0,0.466358969,1.0,0.946281722131488,1.0
residue,C,5,1,5.0,5,2.5906735751295336,1.9300000000000002,0.535326761,0.4506636673154516,0.946281722131488,1.0
residue,C,6,2,10.0,2,1.0362694300518136,9.65,0.004937958,0.04492285016546565,0.2934557897142857,1.0
residue,C,7,0,0.0,6,3.1088082901554404,0.0,0.423789121,1.0,0.946281722131488,1.0
residue,C,8,0,0.0,6,3.1088082901554404,0.0,0.423789121,1.0,0.946281722131488,1.0
residue,C,9,1,5.0,4,2.072538860103627,2.4125,0.893217182,0.39222363192347814,0.982291102,1.0
residue,C,10,0,0.0,4,2.072538860103627,0.0,0.515721571,1.0,0.946281722131488,1.0
residue,C,11,1,5.0,5,2.5906735751295336,1.9300000000000002,0.535326761,0.4506636673154516,0.946281722131488,1.0
residue,C,12,0,0.0,4,2.072538860103627,0.0,0.515721571,1.0,0.946281722131488,1.0
residue,C,13,1,5.0,4,2.072538860103627,2.4125,0.410445394,0.39222363192347814,0.946281722131488,1.0
residue,C,14,1,5.0,4,2.072538860103627,2.4125,0.410445394,0.39222363192347814,0.946281722131488,1.0
residue,C,15,0,0.0,5,2.5906735751295336,0.0,0.466358969,1.0,0.946281722131488,1.0
residue,C,16,0,0.0,3,1.5544041450777202,0.0,0.574432618,1.0,0.946281722131488,1.0
residue,C,17,0,0.0,7,3.6269430051813467,0.0,0.386464286,1.0,0.946281722131488,1.0
residue,C,18,1,5.0,6,3.1088082901554404,1.6083333333333334,0.651570322,0.5037396414878716,0.946281722131488,1.0
residue,C,19,0,0.0,5,2.5906735751295336,0.0,0.466358969,1.0,0.946281722131488,1.0
residue,C,20,0,0.0,8,4.145077720207254,0.0,0.848171356,1.0,0.982291102,1.0
residue,C,21,1,5.0,8,4.145077720207254,1.20625,0.856434565,0.5956353555197174,0.982291102,1.0
residue,C,22,0,0.0,4,2.072538860103627,0.0,0.515721571,1.0,0.946281722131488,1.0
residue,C,23,1,5.0,1,0.5181347150259068,9.65,0.047898018,0.17937815572681368,0.79702301952,1.0
residue,C,24,0,0.0,6,3.1088082901554404,0.0,0.423789121,1.0,0.946281722131488,1.0
residue,N,4,0,0.0,8,4.145077720207254,0.0,0.353356326,1.0,0.946281722131488,1.0
residue,N,5,0,0.0,10,5.181347150259067,0.0,0.297066399,0.6035640740389386,0.946281722131488,1.0
residue,N,6,0,0.0,5,2.5906735751295336,0.0,0.466358969,1.0,0.946281722131488,1.0
residue,N,7,0,0.0,4,2.072538860103627,0.0,0.515721571,1.0,0.946281722131488,1.0
residue,N,8,0,0.0,4,2.072538860103627,0.0,0.515721571,1.0,0.946281722131488,1.0
residue,N,9,0,0.0,6,3.1088082901554404,0.0,0.886673039,1.0,0.982291102,1.0
residue,N,10,1,5.0,6,3.1088082901554404,1.6083333333333334,0.651570322,0.5037396414878716,0.946281722131488,1.0
residue,N,11,1,5.0,7,3.6269430051813467,1.3785714285714288,0.758514022,0.5519202588191462,0.982291102,1.0
residue,N,12,0,0.0,6,3.1088082901554404,0.0,0.423789121,1.0,0.946281722131488,1.0
residue,N,13,0,0.0,2,1.0362694300518136,0.0,0.647380722,1.0,0.946281722131488,1.0
residue,N,14,0,0.0,4,2.072538860103627,0.0,0.515721571,1.0,0.946281722131488,1.0
residue,N,15,0,0.0,4,2.072538860103627,0.0,0.515721571,1.0,0.946281722131488,1.0
residue,N,16,0,0.0,9,4.66321243523316,0.0,0.323737157,1.0,0.946281722131488,1.0
residue,N,17,0,0.0,3,1.5544041450777202,0.0,0.574432618,1.0,0.946281722131488,1.0
residue,N,18,1,5.0,6,3.1088082901554404,1.6083333333333334,0.651570322,0.5037396414878716,0.946281722131488,1.0
residue,N,19,1,5.0,2,1.0362694300518136,4.825,0.152168086,0.2571622167953622,0.946281722131488,1.0
residue,N,20,1,5.0,4,2.072538860103627,2.4125,0.894328762,0.39222363192347814,0.982291102,1.0
residue,N,21,0,0.0,2,1.0362694300518136,0.0,0.647380722,1.0,0.946281722131488,1.0
residue,N,22,1,5.0,5,2.5906735751295336,1.9300000000000002,0.535326761,0.4506636673154516,0.946281722131488,1.0
residue,N,23,0,0.0,7,3.6269430051813467,0.0,0.386464286,1.0,0.946281722131488,1.0
residue,N,24,0,0.0,10,5.181347150259067,0.0,0.297066399,0.6035640740389386,0.946281722131488,1.0
residue,Q,4,2,10.0,9,4.66321243523316,2.144444444444445,0.304619898,0.27594786251564946,0.946281722131488,1.0
residue,Q,5,0,0.0,8,4.145077720207254,0.0,0.353356326,1.0,0.946281722131488,1.0
residue,Q,6,1,5.0,9,4.66321243523316,1.0722222222222224,0.945962017,1.0,0.982291102,1.0
residue,Q,7,0,0.0,7,3.6269430051813467,0.0,0.386464286,1.0,0.946281722131488,1.0
residue,Q,8,0,0.0,9,4.66321243523316,0.0,0.323737157,1.0,0.946281722131488,1.0
residue,Q,9,1,5.0,7,3.6269430051813467,1.3785714285714288,0.949025435,0.5519202588191462,0.982291102,1.0
residue,Q,10,0,0.0,7,3.6269430051813467,0.0,0.386464286,1.0,0.946281722131488,1.0
residue,Q,11,0,0.0,6,3.1088082901554404,0.0,0.423789121,1.0,0.946281722131488,1.0
residue,Q,12,4,20.0,8,4.145077720207254,4.825,0.003419805,0.0173161039605522,0.23710648,0.9914764870986983
residue,Q,13,1,5.0,10,5.181347150259067,0.9650000000000001,0.972172503,1.0,0.982291102,1.0
residue,Q,14,0,0.0,7,3.6269430051813467,0.0,0.386464286,1.0,0.946281722131488,1.0
residue,Q,15,1,5.0,12,6.217616580310881,0.8041666666666667,0.828578818,1.0,0.982291102,1.0
residue,Q,16,2,10.0,9,4.66321243523316,2.144444444444445,0.304619898,0.27594786251564946,0.946281722131488,1.0
residue,Q,17,1,5.0,11,5.699481865284974,0.8772727272727273,0.897244406,1.0,0.982291102,1.0
residue,Q,18,0,0.0,7,3.6269430051813467,0.0,0.386464286,1.0,0.946281722131488,1.0
residue,Q,19,1,5.0,7,3.6269430051813467,1.3785714285714288,0.758514022,0.5519202588191462,0.982291102,1.0
residue,Q,20,0,0.0,11,5.699481865284974,0.0,0.789764615,0.6047358058398087,0.982291102,1.0
residue,Q,21,1,5.0,8,4.145077720207254,1.20625,0.856434565,0.5956353555197174,0.982291102,1.0
residue,Q,22,3,15.0,7,3.6269430051813467,4.135714285714286,0.022089503,0.0556253374538389,0.5105129582222222,1.0
residue,Q,23,0,0.0,9,4.66321243523316,0.0,0.323737157,1.0,0.946281722131488,1.0
residue,Q,24,1,5.0,6,3.1088082901554404,1.6083333333333334,0.651570322,0.5037396414878716,0.946281722131488,1.0
category,Polar,4,4,20.0,47,24.352331606217618,0.8212765957446809,0.664162801,0.7885716196106821,0.9420637179633027,1.0
category,Polar,5,3,15.0,54,27.979274611398964,0.5361111111111111,0.21201047,0.291637193129967,0.9301084007727274,1.0
category,Polar,6,4,20.0,39,20.207253886010363,0.9897435897435898,0.982463919,1.0,0.996161324,1.0
category,Polar,7,5,25.0,45,23.316062176165804,1.0722222222222222,0.865691309,0.7888307230180216,0.9484965646434783,1.0
category,Polar,8,3,15.0,32,16.580310880829018,0.9046875,0.85594058,1.0,0.9484965646434783,1.0
category,Polar,9,5,25.0,39,20.207253886010363,1.2371794871794872,0.79528031,0.5713687509494888,0.9420637179633027,1.0
category,Polar,10,4,20.0,45,23.316062176165804,0.8577777777777779,0.737309914,1.0,0.9420637179633027,1.0
category,Polar,11,3,15.0,45,23.316062176165804,0.6433333333333333,0.396826421,0.5755583974351639,0.9420637179633027,1.0
category,Polar,12,6,30.0,47,24.352331606217618,1.2319148936170212,0.5781409,0.5909222317691821,0.9420637179633027,1.0
category,Polar,13,5,25.0,50,25.906735751295333,0.9650000000000001,0.929720022,1.0,0.9844094350588236,1.0
category,Polar,14,5,25.0,41,21.243523316062177,1.1768292682926829,0.697556043,0.7752740670415437,0.9420637179633027,1.0
category,Polar,15,6,30.0,39,20.207253886010363,1.4846153846153847,0.307141598,0.3856321505990501,0.9301084007727274,1.0
category,Polar,16,4,20.0,44,22.797927461139896,0.8772727272727273,0.775587598,1.0,0.9420637179633027,1.0
category,Polar,17,3,15.0,48,24.870466321243523,0.603125,0.324799759,0.417637304317965,0.9301084007727274,1.0
category,Polar,18,8,40.0,47,24.352331606217618,1.6425531914893619,0.128001575,0.17656519494995954,0.9301084007727274,1.0
category,Polar,19,5,25.0,48,24.870466321243523,1.0052083333333333,0.989823545,1.0,0.996161324,1.0
category,Polar,20,6,30.0,54,27.979274611398964,1.0722222222222222,0.904049816,0.799747785946221,0.9735921095384615,1.0
category,Polar,21,4,20.0,42,21.761658031088082,0.9190476190476191,0.855386413,1.0,0.9484965646434783,1.0
category,Polar,22,9,45.0,51,26.42487046632124,1.7029411764705884,0.078764665,0.1140787659868836,0.9301084007727274,1.0
category,Polar,23,7,35.0,42,21.761658031088082,1.6083333333333332,0.180554103,0.26112085161670967,0.9301084007727274,1.0
category,Polar,24,5,25.0,41,21.243523316062177,1.1768292682926829,0.697556043,0.7752740670415437,0.9420637179633027,1.0
