downstream_product,pos2,n_entries,classes,origins,dbs,example_id,example_2A
PDAHLANGSMSEVMMSEIAG,D,1,A,Unclassified,UniParc,UPI00085E5502/109-123,LLKLAGDVESNPGP
PDALVKLNDCKTKYGLNSNC,D,1,A,Virus,UniParc,UPI0012A782B9/321-335,KILISGDVELNPGP
PDALVKLNDYKTRYGLNIKC,D,2,A,Unclassified,UniParc,UPI001BEE1881/321-335,KILISGDVELNPGP
PDALVKLNDYKTRYGLSIKC,D,1,A,Virus,UniParc,UPI0010B8E47E/321-335,KILISGDVELNPGP
PDASVHGQIGAALLVMITLF,D,18,A,Unclassified,UniParc,UPI00032B29A4/831-847,FDLLKLAGDVESNPGP
PDAVLAELQKLSAGQSTLLN,D,4,A,Unclassified,UniParc,UPI001893775D/42-57,LLLLVSGDIESNPGP
PDAVLDELKKLSAGQSQLLT,D,9,A,Unclassified,UniParc,UPI001896A7A7/152-167,ALLLLAGDVETNPGP
PDCNEPTKQFTTKKRYNAYV,D,1,A,Unclassified,UniParc,UPI001B88760C/46-61,LLIISGDVEKNPGP
PDDAVLIELQKLSAGQSQLL,D,2,A,Host,UniParc/UniProtKB,UPI000770ECA6/28-44,RLLLLLSGDVETNPGP
PDDCPQLASILQTVQRIEQG,D,1,A,Host,UniParc,UPI0007AA64DA/83-98,LLLLLSGDIETNPGP
PDDCQGGGNPTMEEMVKAIL,D,3,A,Unclassified,UniParc,UPI001A9DA21B/151-166,RDLLLSGDIESNPGP
PDDDCIPTMEEMVKDILAKQ,D,2,A,Unclassified,UniParc,UPI001A9E8E88/246-261,RDLLSCGDIESNPGP
PDDESKAERMLADLLAGQAR,D,1,A,Host,UniParc,UPI001FC738A5/52-67,LLLLLSGDIEVNPGP
PDDKVLTAIASLSAKVDSRH,D,4,A,Host/Unclassified,UniParc,UPI0014190949/51-65,KLLLCGDIESNPGP
PDDKVLTAIASLSAKVDWRH,D,1,A,Host,UniParc,UPI002037A7FF/280-294,KLLLCGDIESNPGP
PDDSVLKQLLDGQKEIKKEL,D,1,A,Unclassified,UniParc,UPI002100DAC7/66-82,FLLLLICGDVEMNPGP
PDDVTIAEQLKSIAKDIQEI,D,1,A,Unclassified,UniParc,UPI002155EB88/147-161,LLLLSGDVETNPGP
PDDVTNNLSGELSNVVKAIT,D,1,A,Host,UniParc,UPI001FC6D856/75-89,LVKTCGDVELNPGP
PDEGGTDTPLTMKEMAKSIL,D,1,A,Host,UniParc,UPI00144C6CA0/21-35,DLLSCGDIESNPGP
PDENVEELLRQILANQSGIA,D,2,A,Unclassified,UniParc,UPI001AA007A8/16-30,RLLLSGDVEENPGP
PDENVEEMLRQILSNQSGIA,D,1,A,Unclassified,UniParc,UPI001A9FCB33/16-30,RLLLSGDVEENPGP
PDEVGLNLAQVVKALEGLNI,D,1,A,Unclassified,UniParc,UPI001E6A4026/162-178,RGSLTTCGDVEENPGP
PDEVPTRVLLEQLLATQKEI,D,2,A,Unclassified,UniParc,UPI001A9CE649/135-149,LLMLAGDVESNPGP
PDEWQKEVLTMLKELKAETG,D,1,A,Host,UniParc,UPI002038705C/231-245,KLLCCGDIESNPGP
PDFEEMFNQLLLGQKKIGED,D,1,A,Host,UniParc,UPI0007AA6A29/130-145,LLLLAGDIEENPGP
PDFEKMCNQLFLGQKKIGED,D,1,A,Host,UniParc,UPI000770FE5B/46-59,LLAGDIEENPGP
PDFNYLSTPCDFKARSGLGV,D,1,A,Host,UniParc,UPI00194C7B4B/105-121,LLLLLSGNVEPNPGP
PDFSVLQTIGDSLGSGVKQT,D,4,A,Unclassified,UniParc,UPI000DC0CAD8/23-40,FDLLKLAGDVESNPGP
PDGAVLVELQKLCGGQSQLL,D,1,A,Unclassified,UniParc,UPI001A9D9607/145-161,RFLLLLSGDVETNPGP
PDGCQEGSNPTMEEMVKAIL,D,2,A,Host,UniParc,UPI00144DCB62/151-167,RDLLLSGDIESNPGP
PDGNSNPQPSLESIAMAISR,D,1,A,Unclassified,UniParc,UPI002100E1B1/60-75,LLLVLAGDVELNPGP
PDGNVEDMVRQILSNQNRIA,D,3,A,Unclassified,UniParc,UPI00116157FA/215-228,LLLSGDVEENPGP
PDHSNENASELLKQLVTAHT,D,2,A,Unclassified,UniParc,UPI0021C55737/28-41,LLLCGDIESNPGP
PDIDNDVPLKFMFSNINSIG,D,1,A,Host,UniParc,UPI001F868784/148-163,LLAMCGDIEPNPGP
PDIELVY,D,4,A,Unclassified,UniParc,UPI0001E2368C/15-27,QCGDVEENPGP
PDIELVYKNRGFYKHYGVRV,D,2,A,Virus,UniParc/UniProtKB,UPI000BADD7A3/894-911,FWLLMLCGDVELNPGP
PDIEVLLEQISKDIAEIKTS,D,1,A,Host,UniParc,UPI00144EC229/149-163,LLLSGDVELNPGP
PDIKVLVQGLCDGQKAIQAN,D,1,A,Host,UniParc,UPI001FC75A30/126-140,LLLSGDVETNPGP
PDIKVLVQGLCDRQKAIQAN,D,1,A,Host,UniParc,UPI001FC68F58/126-140,LLLSGDVETNPGP
PDILAELKKLSQGQSAILSE,D,1,A,Host,UniParc,UPI00156D0795/42-56,SLLLSGDVGTNPGP
PDILVKLNDYKTRYGLNIKC,D,2,A,Virus,UniParc,UPI000810F69B/322-335,ILVSGDVELNPGP
PDILVTLNDYITKYQLKLEC,D,19,A,Virus,UniParc,UPI00000EC216/321-335,KILISGDIELNPGP
PDILVTLNDYITKYQLKLEY,D,7,A,Virus,UniParc,UPI00062DE49F/321-335,KILISGDIELNPGP
PDILVTLNDYKTKYGLNIKC,D,1,A,Unclassified,UniParc,UPI001E8034EF/322-335,ILVSGDVELNPGP
PDIPESLLTELRKLIAGQNQ,D,1,A,Unclassified,UniParc,UPI00189A5F74/42-57,LLILAGDVETNPGP
PDIPESLLTELRKLTAGQNQ,D,5,A,Unclassified,UniParc,UPI00189AFCC9/99-114,LLILAGDVETNPGP
PDIQAVLNELKNLSAGQSQL,D,2,A,Unclassified,UniParc,UPI0018976B25/112-128,SLLLLAGDVETNPGP
PDIQLTQSPSSLSASVGDRV,D,1,A,Unclassified,UniParc,UPI0014263B39/239-256,FDLLKLAGDVESNPGP
PDISQLSRQLQQIADDLKVI,D,1,A,Unclassified,UniParc,UPI002031DED6/254-269,LLLLAGDVETNPGP
PDITDACMSIFHQNIRSIRN,D,1,A,Unclassified,UniParc,UPI001E1D862C/104-121,RLLLMLSGDIEKNPGP
PDIVSTHVERKYSKCVYYMR,D,1,A,Unclassified,UniParc,UPI0021FD7311/96-106,SGDVHPNPGP
PDIWRNRITGCMAVQEGAAL,D,2,A,Virus,UniParc/UniProtKB,UPI00027B65FC/768-782,LLKCGDVESNPGP
PDKAAMMEMLTNISVDIKEI,D,1,A,Unclassified,UniParc,UPI001C389A94/153-168,DLLMLCGDIETNPGP
PDKKEVQTKEMSEMLVLLRG,D,1,A,Host,UniParc,UPI0010C6F581/140-153,LLLSGDIELNPGP
PDKKYSIGLDIGTNSVGWAV,D,1,A,Unclassified,UniParc,UPI001871DC59/226-242,RGSLLTCGDVEENPGP
PDKLDEIFRAVTEIRTSHST,D,1,A,Unclassified,UniParc,UPI00189BA9A8/102-117,MLLQLSGDVEQNPGP
PDKLDEILRAVTEIRTSHST,D,1,A,Unclassified,UniParc,UPI00189C159A/1-16,MLLQLSGDVEQNPGP
PDKLDMIISALKDAATSRDA,D,1,A,Host,UniParc,UPI001FC744DD/54-68,LLVCCGDVETNPGP
PDKLDQILAMVTSIKSSQAC,D,2,A,Unclassified,UniParc,UPI001894BB41/171-186,MLLQLSGDVEENPGP
PDKLDVILGELKKMSADQTE,D,1,A,Unclassified,UniParc,UPI001898A102/151-167,RSLLLMCGDIESNPGP
PDKLDVILGELKKTSAGQTE,D,1,A,Unclassified,UniParc,UPI002101CE63/67-83,RSLLLMCGDIESNPGP
PDKQGTRELLEKLVEGQDKI,D,1,A,Unclassified,UniParc,UPI002031BEA5/223-236,LLLCGDVELNPGP
PDKVCKSCTQTKQSELTAIL,D,1,A,Host,UniParc,UPI0007AA6FF5/409-424,LLLLLSGDVESNPGP
PDKVDQVVALVKEFTASNER,D,1,A,Unclassified,UniParc,UPI001886E832/20-35,HLLICAGDVELNPGP
PDKVVLDELRKLSAGQATLI,D,3,A,Unclassified,UniParc,UPI0018932FC5/146-161,ALLLLSGDVETNPGP
PDLAQIAKQLKEVAVDIKEI,D,3,A,Unclassified,UniParc,UPI0018877CFB/248-262,LLLLAGDIESNPGP
PDLEELINTILAELKQSKEE,D,1,A,Host,UniParc,UPI001FC6D586/832-844,LLCGDVESNPGP
PDLGGELCIKIKNEDLTFIA,D,1,A,Unclassified,UniParc,UPI0001ED087F/452-468,FDLLKLAGDVESNPGP
PDLKQISQQLTQIAGDIKEI,D,1,A,Host,UniParc,UPI0014190565/29-45,RDLLLLAGDVETNPGP
PDLKVLLKELPEGQKSIKAD,D,1,A,Host,UniParc,UPI0020378066/168-181,LLLSGDVELNPGP
PDLSDLAEQLTQIAADIKTI,D,1,A,Unclassified,UniParc,UPI002031CB3C/207-221,LLLLSGDVETNPGP
PDLSQLSKQLQQIADDLKEI,D,2,A,Host,UniParc/UniProtKB,UPI0002AEF210/100-114,LLLLAGDIETNPGP
PDMADLSSSFESTFTHDASL,D,3,A,Unclassified,UniParc,UPI002071701D/23-39,RLILLAGDIETNPGP
PDMAELLAEIGKLSVDIKSI,D,1,A,Unclassified,UniParc,UPI001FC7619D/380-396,LLLLLAGDVESNPGP
PDMAQLMEQLQIIAEDVKDI,D,1,A,Unclassified,UniParc,UPI001FC6C888/5-21,MLLMLSGDVKSNPGP
PDMEARAKQELHPLLRRVAD,D,1,A,Unclassified,UniParc,UPI000DBB0F61/1009-1024,LLLLGGDVETNPGP
PDMKIIMEQLKAIAKDIQDI,D,2,A,Unclassified,UniParc,UPI001A9E1AEE/254-270,MLLLLSGDVEVNPGP
PDMKIIMEQLKTIAKDLQDI,D,1,A,Host,UniParc,UPI000770E88A/61-77,MLLVLSGDVEVNPGP
PDMKVERYAPDSDSGYESKN,D,2,A,Virus,UniParc/UniProtKB,UPI0008481693/743-760,RSLLLRCGDIEENPGP
PDMNKIMKQLQVIADDIKEI,D,1,A,Unclassified,UniParc,UPI0010C6F10F/104-119,LLLLSGDIETNPGP
PDMNKIMKQLQVIADEIKEE,D,1,A,Unclassified,UniParc,UPI0018872737/205-218,LLSGDIETNPGP
PDMRPEIWIAQEARRIGDEA,D,4,A,Unclassified,UniParc,UPI000DC0C45C/37-54,FDLLKLAGDVESNPGP
PDMRPEIWIAQELRRIGDEF,D,100,A,Unclassified,UniParc,UPI000DC05926/139-156,FDLLKLAGDVESNPGP
PDMRVPAQLLGLLLLWFPGS,D,1,A,Unclassified,UniParc,UPI0013E74A66/476-493,FDLLKLAGDVESNPGP
PDNAAILAELRKLTAGQSTV,D,3,A,Host,UniParc/UniProtKB,UPI0002AEF8D8/256-272,RSLLLVAGDIESNPGP
PDNAALLAEMKKLSAGQAKM,D,1,A,Unclassified,UniParc,UPI001895310A/168-184,RSLLLLTGDIESNPGP
PDNATPTPVTLEFIASTLSR,D,1,A,Host,UniParc,UPI001FC798CE/237-252,LLLALSGDVELNPGP
PDNAVLVELQKLSTGQSQLL,D,1,A,Unclassified,UniParc,UPI001C389CAF/160-176,RFLLLLSGDVETNPGP
PDNLAELVKTMKDLNERTKR,D,2,A,Unclassified,UniParc,UPI001888BF92/277-292,LLLLLCGDVESNPGP
PDNQAVLNELKKLSTGQTQL,D,1,A,Unclassified,UniParc,UPI001894F134/160-176,RSLLLLAGDIESNPGP
PDNQAVLNELKKLTAGQSQL,D,2,A,Host,UniParc/UniProtKB,UPI0002AF167A/277-293,RSLLLLAGDIETNPGP
PDNQAVLNELRKLSTGQTQL,D,1,A,Unclassified,UniParc,UPI0020C20944/277-293,RSLLLLAGDIEINPGP
PDPKSILQKYSANLSKAISA,D,2,A,Host/Unclassified,UniParc,UPI00096B09FA/35-50,LLLLMSGDVELNPGP
PDPLIKLNDC,D,1,A,Virus,UniParc,UPI000D7DB518/321-335,KILLSGDIELNPGP
PDPLIKLNDCKTEYGINIVC,D,1,A,Virus,UniParc,UPI000DC791C7/321-335,KILISGDVELNPGP
PDPLIKLNDCKTKYGIDIIC,D,18,A,Unclassified/Virus,UniParc,UPI0010AF0AC3/321-335,RILLSGDVELNPGP
PDPLIKLNDCKTKYGINIIC,D,5,A,Unclassified/Virus,UniParc,UPI0010BBA7F1/321-335,KILLSGDVELNPGP
PDPLIKLNDCKTKYGINILC,D,3,A,Virus,UniParc,UPI000D7E0F51/318-332,KILLSGDIELNPGP
PDPLIKLNDCKTKYGINITC,D,2,A,Unclassified/Virus,UniParc,UPI0010B40EDF/321-335,KILLSGDVELNPGP
PDPLIKLNDCKTKYGINIVC,D,1,A,Virus,UniParc,UPI0010B5B6BF/321-335,KILLSGDVELNPGP
PDPLIKLNDCKTKYGINVIC,D,1,A,Virus,UniParc,UPI0010B11E85/321-335,KILLSGDVELNPGP
PDPLIKLNDCKTKYGINVTC,D,1,A,Virus,UniParc,UPI000D7EB6B6/321-335,KILLSGDVELNPGP
PDPLIKLNDCKTKYGISIIC,D,3,A,Unclassified/Virus,UniParc,UPI0010BB2845/321-335,KILISGDVELNPGP
PDPLIKLNDYKTKYCINILC,D,1,A,Virus,UniParc,UPI000DC7A760/321-335,RILVSGDVELNPGP
PDPLIKLNDYKTKYGICIIC,D,1,A,Virus,UniParc,UPI0010B53398/321-335,KILLSGDVELNPGP
PDPLIKLNDYKTKYGIDIIC,D,4,A,Unclassified/Virus,UniParc,UPI0010B59663/321-335,KILLSGDVELNPGP
PDPLIKLNDYKTKYGIGIVC,D,1,A,Virus,UniParc,UPI0010B7C279/321-335,KILLSGDVELNPGP
PDPLIKLNDYKTKYGINILC,D,1,A,Virus,UniParc,UPI0011652B92/86-100,RILVSGDVELNPGP
PDPLIKLNDYKTKYGINVLC,D,1,A,Virus,UniParc,UPI0010B55AF4/321-335,RILISGDVEMNPGP
PDPLIKLNDYKTKYGINVVC,D,4,A,Virus,UniParc,UPI000F0BEAA7/281-295,KILISGDVELNPGP
PDPLIKLNDYKTKYSIDIIC,D,1,A,Virus,UniParc,UPI0010B1D482/321-335,KILLSGDVELNPGP
PDPLIKLNNYKTRYGINILC,D,1,A,Virus,UniParc,UPI000F0CC76D/311-325,RILVSGDVELNPGP
PDPLIRLN,D,1,A,Unclassified,UniParc,UPI000014B58E/4-18,KILISGDVELNPGP
PDPLIRLNDCKTKYDIDIIC,D,2,A,Virus,UniParc,UPI0010B4BFDB/321-335,KILISGDVELNPGP
PDPLIRLNDCKTKYDISIIC,D,1,A,Unclassified,UniParc,UPI001BEFF6F1/321-335,KILISGDVELNPGP
PDPLIRLNDCKTKYGIDIIC,D,2,A,Virus,UniParc,UPI00001389F9/321-335,KILISGDVELNPGP
PDPLIRLNDCKTKYGIEIIC,D,3,A,Virus,UniParc,UPI000D7D23F4/321-335,KILISGDVELNPGP
PDPLIRLNDCKTKYGINIIC,D,7,A,Unclassified/Virus,UniParc,UPI000DC7544C/321-335,KILISGDVELNPGP
PDPLIRLNDCKTKYGINILC,D,3,A,Virus,UniParc,UPI000F0C317B/321-335,RILVSGDVELNPGP
PDPLIRLNDCKTKYGINIVC,D,7,A,Virus,UniParc,UPI0010AF976D/321-335,KILLSGDVELNPGP
PDPLIRLNDCKTKYGISIIC,D,7,A,Unclassified/Virus,UniParc,UPI000DC76CF2/321-335,KILISGDVELNPGP
PDPLIRLNDCKTKYGLNVLC,D,1,A,Virus,UniParc,UPI0010BAC412/321-335,KILISGDVELNPGP
PDPLIRLNDYKTKYGISIIC,D,1,A,Virus,UniParc,UPI0010B6C730/321-335,KILISGDVELNPGP
PDPLIRLNECKTKYGINVVC,D,1,A,Virus,UniParc,UPI0010B509D2/321-335,KILISGDVELNPGP
PDPLITLNDWKTKYGISIVC,D,1,A,Virus,UniParc,UPI0008110D52/312-326,KILISGDVELNPGP
PDPLVRLNDCKTKHGIHIIC,D,1,A,Virus,UniParc,UPI000F0C7679/311-325,KILISGDVELNPGP
PDPLVRLNDCKTKYGISVIC,D,1,A,Virus,UniParc,UPI000DC76139/321-335,KILISGDVELNPGP
PDPLVRLNDYKTKYGINVVC,D,1,A,Virus,UniParc,UPI0012A89E4D/321-335,KILISGDVELNPGP
PDPNMQQTSYSVFTNHGLSI,D,1,A,Host,UniParc,UPI001E886542/31-46,SLLKLSGDIELNPGP
PDPTEAYKKIKDILRSQYAT,D,1,A,Host,UniParc,UPI000A13AF24/312-328,HLLLFLSGDVELNPGP
PDPVVEEHFRRSLGKNYKEG,D,4,A,Unclassified,UniParc,UPI000DC0DCC8/29-45,FDLLKLAGDVESNPGP
PDPWALFAQGEKYGPPPMAM,D,1,A,Virus,UniParc,UPI00090C027E/338-353,LLLQQAGDVEMNPGP
PDRAAMMEMLTNISVDIKEI,D,6,A,Unclassified,UniParc,UPI001A9E8839/152-167,DLLMLCGDIETNPGP
PDRAATMEMLTNISVDIKEI,D,1,A,Unclassified,UniParc,UPI001A9F2020/254-269,DLLMLCGDIETNPGP
PDRARRGALDLEAGFAPSTS,D,2,A,Host,UniParc/UniProtKB,UPI001A3E32BD/26-42,RFLLLLAGDIERNPGP
PDRELLAKIELVLKNQTDIR,D,1,A,Unclassified,UniParc,UPI001CEE79F0/136-151,LLLLVSGDVESNPGP
PDRFDTVLAELQKLTAGQNA,D,1,A,Unclassified,UniParc,UPI002155F033/243-260,RILLLLSGDVETNPGP
PDRIGIEKEFLKLSKLIGPS,D,1,A,Host,UniParc,UPI001238D7C6/12-27,ILLMRSGDVETNPGP
PDRIVSDEEFIKLSTLIATC,D,1,A,Host,UniParc,UPI00123C6EFD/62-77,ILLMRSGDVETNPGP
PDRIVSEAEFIKLSKLIEPS,D,3,A,Host,UniParc/UniProtKB,UPI001238DE5D/30-45,ILLKKSGDVETNPGP
PDRIVSEDEFIKLSKLIEPS,D,2,A,Host,UniParc/UniProtKB,UPI001238DA67/19-34,ILLMRSGDVETNPGP
PDRIVSEEEFIKLSKLIAPS,D,1,A,Host,UniParc,UPI00123943B4/19-34,ILLMRSGDVETNPGP
PDRIVSEEEFIKLSKLIEPG,D,1,A,Host,UniParc,UPI00123A7F97/30-45,ILLMRSGDVETNPGP
PDRIVSEEEFIKLSKLIEPS,D,2,A,Host,UniParc,UPI0012398129/96-111,ILLMRSGDVETNPGP
PDRIVSEEEFIKLSKLIKPY,D,2,A,Host,UniParc/UniProtKB,UPI0005EF2BE4/30-45,ILLMRSGDVETNPGP
PDRIVSEEEFIKLSKMIEPT,D,2,A,Host,UniParc/UniProtKB,UPI001238F980/30-45,ILLMRSGDVETNPGP
PDRIVSEEEFIKLTTLIAPS,D,1,A,Host,UniParc,UPI0012385549/55-70,ILLMRSGDVETNPGP
PDRIVSEEEFLKLSKLIEPA,D,1,A,Host,UniParc,UPI001238CED6/12-27,ILLMRSGDVETNPGP
PDRIVSEEEFMELSKLIAPS,D,2,A,Host,UniParc/UniProtKB,UPI00123A2538/19-34,ILLVRSGDVETNPGP
PDRIVSEEEFMRLSKLIEPS,D,1,A,Unclassified,UniParc,UPI0010C6EA42/58-73,ILLMRSGDVETNPGP
PDRIVSEKDFLKLSKQIEPS,D,1,A,Host,UniParc,UPI001239096F/44-59,ILLMRSGDVETNPGP
PDRIVSEKEFLKLSKKIDPS,D,1,A,Unclassified,UniParc,UPI0010C69149/19-34,ILLMRSGDVETNPGP
PDRIVSEKEFLKLSKLIEPN,D,2,A,Host,UniParc,UPI00123AAC0A/30-45,ILLMRSGDVETNPGP
PDRIVSEKEFLKLSKQIEPR,D,1,A,Host,UniParc,UPI00123B5B14/30-45,ILLMRSGDVEINPGP
PDRIVSEKEFLKLSKQIEPS,D,21,A,Host/Unclassified,UniParc,UPI0010C6475D/55-70,ILLMRSGDVETNPGP
PDRIVSEKEFLKLSKQIKPS,D,6,A,Host,UniParc,UPI0012386908/30-45,ILLMRSGDVETNPGP
PDRIVSEKEFLMLSKQIGPS,D,1,A,Host,UniParc,UPI0012384067/52-67,ILLMRSGDVETNPGP
PDRIVSEKEFLQLSKQIEPS,D,1,A,Host,UniParc,UPI001239FAE8/31-45,LLVRSGDVETNPGP
PDRIVSEREFFKLSKQIDPS,D,6,A,Host,UniParc,UPI0012389822/30-45,ILLMRSGDVETNPGP
PDRNVSEKEFLRLSKKIDPS,D,3,A,Host/Unclassified,UniParc/UniProtKB,UPI0010C6F80A/45-60,ILLIRSGDVESNPGP
PDRRTKALLDMDSLPDDPSE,D,2,A,Unclassified,UniParc,UPI001892F799/78-92,LLLLSGDIEANPGP
PDRVEEMRPYGKKITFSQRQ,D,2,A,Virus,UniParc/UniProtKB,UPI00043ADBA0/825-840,DRLLQAGDIEQNPGP
PDSAAVLAELKKLSSGQSKL,D,3,A,Unclassified,UniParc,UPI00189400FB/151-168,RFLLLLSGDIEQNPGP
PDSADLVLIELQKLTAGQKE,D,1,A,Unclassified,UniParc,UPI00189C369D/87-104,RSLLLLSGDIESNPGP
PDSCRVLSWNAQGFNHMVEA,D,2,A,Host,UniParc,UPI001A48A2BB/3690-3705,DLTDDGDVESNPGP
PDSDALLAELKNLSAGQSQL,D,15,A,Unclassified,UniParc,UPI0018973D07/120-136,ALLMMSGDVESNPGP
PDSDCLLDNILKGQAEILNG,D,1,A,Unclassified,UniParc,UPI001C384D7D/9-24,RLLLCGDVESNPGP
PDSDSSSQQKNKQQRTSRSF,D,1,A,Host,UniParc,UPI0017595383/6-21,LLLSAGDIELNPGP
PDSDSTRAHQKHRNKRSNGT,D,1,A,Host,UniParc,UPI00176FC9EC/88-103,LLLCAGDIELNPGP
PDSDVKGNLNPDSDVLQQIL,D,1,A,Unclassified,UniParc,UPI00189C24BA/251-268,HLLLIMCGDIEENPGP
PDSHPVMEFLNAENDLVTLA,D,1,A,Virus,UniParc,UPI001E729A06/893-909,SLLMQSGDVESNPGP
PDSIVSEEEFIKLSEQIGPS,D,2,A,Host,UniParc/UniProtKB,UPI001239B48F/30-46,ILLMRSGDVETNPGP
PDSLMDAVLKDLTQEAANLP,D,6,A,Virus,UniParc,UPI000585DAFD/948-965,HSDILLGGDIEENPGP
PDSLMGYNDAMLKQMKKNDL,D,1,A,Unclassified,UniParc,UPI0012333293/19-30,SGDVEQNPGP
PDSLTILQLNINGVRSKVLE,D,1,A,Host,UniParc,UPI0011410179/42-56,LHLAGDVELNPGP
PDSNAILTELKKLSAGQSQL,D,1,A,Unclassified,UniParc,UPI0021552ABA/40-57,RSLLLLSGDIETNPGP
PDSQAVLKELKSLSAGHSQL,D,1,A,Unclassified,UniParc,UPI0021551E00/156-173,RSLLLLAGDIETNPGP
PDSQAVLKELKSLSAGQSQL,D,3,A,Unclassified,UniParc,UPI0021551029/146-163,RSLLLLAGDIETNPGP
PDSSLDMSSSSLGISFSSSI,D,1,A,Host,UniParc,UPI001E846580/30-46,ILLLRGGDVHPNPGP
PDSSLDMSSSSLGTSFSSSI,D,1,A,Host,UniParc,UPI001E8B0F34/39-55,ILLLRGGDVHPNPGP
PDSSLDMSSSSSGTSFSSSI,D,1,A,Host,UniParc,UPI001E8C0CBF/30-46,ILLLRGGDVHPNPGP
PDSSLDMSSSSSVKMNLFLL,D,1,A,Host,UniParc,UPI001E8C6838/39-55,ILLLRGGDVHPNPGP
PDSSSSSSLSGYSHILNNNG,D,1,A,Host,UniParc,UPI001E81F9F4/71-87,LLLLCSGDVHPNPGP
PDSVDASTSSSGDLSATSFE,D,1,A,Unclassified,UniParc,UPI002071F96B/42-58,SLLLTCGDIETNPGP
PDSVDSQVANILSIVTRIEI,D,1,A,Unclassified,UniParc,UPI001C38B713/157-171,LQLSGDIETNPGP
PDSVDTQVANILSIVTRIET,D,1,A,Host,UniParc,UPI0007AA6A62/157-171,LQLSGDIETNPGP
PDSVETSTASSSNLSATSFE,D,3,A,Unclassified,UniParc,UPI002071D687/109-125,SLLLLCGDVETNPGP
PDSVNSSIDISYSTSESFLD,D,5,A,Unclassified,UniParc,UPI0020718E0D/109-126,FHLLLLSGDIHPNPGP
PDTAAILAELKKISTGQSKL,D,7,A,Unclassified,UniParc,UPI00215502C2/339-355,LLLLLSGDIETNPGP
PDTAALLQTILDGQNEIKAD,D,1,A,Unclassified,UniParc,UPI0021C51452/167-181,LLCCGDIETNPGP
PDTAATLQILLDGQNAIKAK,D,2,A,Unclassified,UniParc,UPI001A9D27FC/73-90,FLLLLLCGDIELNPGP
PDTAAVMEMLTNISVDIKEI,D,2,A,Host,UniParc,UPI0007AA5682/152-168,DLLMLCGDIETNPGP
PDTAERTVSEKEFLKLAKAI,D,3,A,Host/Unclassified,UniParc/UniProtKB,UPI0010C743B6/2-13,SGDVETNPGP
PDTAESTVSDMEFLKLAHAI,D,6,A,Host,UniParc/UniProtKB,UPI0005EE204C/19-35,ILLMRSGDVETNPGP
PDTAESTVSDMEFLKLAYDI,D,2,A,Host,UniParc/UniProtKB,UPI00123A6299/19-35,LLLMRSGDVETNPGP
PDTAESTVSEKEFLKLAQAI,D,2,A,Host,UniParc/UniProtKB,UPI00123C00A0/19-35,ILLMRSGDVETNPGP
PDTAESTVSEMEFLKLAHAI,D,2,A,Host,UniParc/UniProtKB,UPI00123BA168/19-35,ILLMRSGDVETNPGP
PDTALILKQLREIAADIKDI,D,1,A,Host,UniParc,UPI001418F575/15-31,KLLLLGGDIKTNPGP
PDTAQILKQLREIAADIKDI,D,1,A,Unclassified,UniParc,UPI0020C318E4/351-366,LLLLGGDIETNPGP
PDTDAVLAELKKLSAGQTTI,D,3,A,Unclassified,UniParc,UPI0018999505/234-248,LLQSGDIETNPGP
PDTDAVLAELKKLSARQTTI,D,1,A,Unclassified,UniParc,UPI002101C275/43-57,LLQSGDIETNPGP
PDTDAVLAVLKKLSAGQTTI,D,1,A,Unclassified,UniParc,UPI0021016720/251-265,LLQSGDIETNPGP
PDTDDLIKMVNTMLASQEEL,D,1,A,Unclassified,UniParc,UPI001889564B/134-150,ILILLAGDVEQNPGP
PDTDMAIILQQLQKGQSAIL,D,1,A,Host,UniParc,UPI00144F35A2/164-180,SLLILAGDVEENPGP
PDTDMAIIPQQLQKGQSAIL,D,1,A,Host,UniParc,UPI0010C73418/147-163,SLLILAGDVEENPGP
PDTEETLQKLLVGQNKIFEA,D,2,A,Unclassified,UniParc,UPI001161603D/154-169,LLLLSGDIESNPGP
PDTEETLQKLLVGQNKIFEV,D,1,A,Unclassified,UniParc,UPI001A9CF5CE/154-169,LLLLSGDIESNPGP
PDTETMREILESQKEMAINI,D,2,A,Host,UniParc,UPI0007AA6055/161-175,LLRGGDVEENPGP
PDTKEMLEQILKNQKEASDA,D,1,A,Host,UniParc,UPI001FC79DAA/64-78,LLMSGDIEENPGP
PDTLVSEDVSSLSQILKLQF,D,1,A,Host,UniParc,UPI00144BCA18/162-177,LLLLSGDIETNPGP
PDTMEMIQQVIASQTEILSK,D,1,A,Unclassified,UniParc,UPI002031CCE0/152-165,KLSGDVEENPGP
PDTNAILAELKKLSTGQSKL,D,6,A,Unclassified,UniParc,UPI001161A4DD/141-158,RSLLLQSGDIETNPGP
PDTNAILAELKRLFTGQSKL,D,1,A,Unclassified,UniParc,UPI001A9D7579/139-156,RSLLLQSGDIETNPGP
PDTNDVLKELQKISASQNTL,D,2,A,Unclassified,UniParc,UPI00189ACB11/161-178,RRLLILSGDIETNPGP
PDTNPGNLTEFELHLLADGM,D,2,A,Unclassified,UniParc,UPI001BB102E9/272-287,LLLRSGDVEQNPGP
PDTNPGNLTELELILLADGM,D,2,A,Unclassified,UniParc,UPI001BB136AC/289-304,LLLRSGDVEPNPGP
PDTNPGNLTELELNLLADGM,D,1,A,Unclassified,UniParc,UPI001BB1BFD9/241-256,LLLRSGDVEPNPGP
PDTNTSGNEQSRRVVNHPIM,D,5,A,Host,UniParc,UPI001750B7E9/21-35,LITSGDVELNPGP
PDTPNKQLDEMCKPLQDGQS,D,1,A,Unclassified,UniParc,UPI001A9EAA4E/25-40,LLMLCGDVEVNPGP
PDTPPTCVICKSDVSVNDKA,D,3,A,Host/Unclassified,UniParc/UniProtKB,UPI0010C6D207/86-102,ILLLLSGQVEPNPGP
PDTQVLLKQLLDGQAQIAAD,D,1,A,Host,UniParc,UPI0007AA6267/157-172,MLLRSGDVESNPGP
PDTRSASLLSLEDLPDDLAE,D,1,A,Unclassified,UniParc,UPI0021551A7C/128-143,LLLRSGDVETNPGP
PDTRSASLLSLEDLPDDPAE,D,1,A,Unclassified,UniParc,UPI001897DBD7/242-257,LLLCSGDVETNPGP
PDTSAVLSELRKLTTGQSQL,D,2,A,Unclassified,UniParc,UPI001893DBD1/106-123,RCLLLLAGDIESNPGP
PDTSDLSSSYESSSCTDASL,D,1,A,Unclassified,UniParc,UPI00207233B7/75-91,SLLLLSGDIEINPGP
PDTTLEKFIKQVLENQKQMS,D,1,A,Unclassified,UniParc,UPI001C388FC7/133-147,LLLSGDVELNPGP
PDTTLEKLIKQVLENQKQMS,D,1,A,Unclassified,UniParc,UPI001A9FE8E3/130-144,LLLSGDVELNPGP
PDTTLEKMIKQVLENQKQMS,D,3,A,Unclassified,UniParc,UPI001A9D2D33/130-144,LLLSGDVELNPGP
PDTTRPPLSQEQMSAHIREQ,D,1,A,Virus,UniParc,UPI00090AEAD2/83-99,DQLMLSGDVETNPGP
PDTVHEMLEEHLKGQKTIAG,D,1,A,Host,UniParc,UPI001FC6B2E8/131-147,MLLLLAGDVELNPGP
PDTVLAELKKLSTGQSQLLA,D,9,A,Unclassified,UniParc,UPI002154FC53/152-168,TLLLLAGDIESNPGP
PDTVLAKLKKLSTGQSQLLA,D,1,A,Unclassified,UniParc,UPI0021550041/150-166,TLLLLAGDIESNPGP
PDVKAMLKELCGGQKVILEE,D,1,A,Unclassified,UniParc,UPI001FC78A75/139-152,LLLSGDVELNPGP
PDVLIKLNDYKTKYGLNIKC,D,2,A,Virus,UniParc,UPI00078D0422/321-335,KILISGDVELNPGP
PDVLIKLNNCKTKYGLNIKC,D,1,A,Virus,UniParc,UPI001164CF56/144-158,KILISGDVELNPGP
PDVLIKLNNYKTRYGLDIKC,D,1,A,Virus,UniParc,UPI0010B0C07D/321-335,KILISGDVELNPGP
PDVLIRLNDCKTKYGLNIKC,D,1,A,Unclassified,UniParc,UPI001E805DAD/321-335,KILISGDVELNPGP
PDVLVKLNDCKTKYDLNIKC,D,1,A,Virus,UniParc,UPI0011636739/200-214,KILISGDVELNPGP
PDVLVKLNDCKTKYGLNIKC,D,2,A,Unclassified/Virus,UniParc,UPI0012A8E463/321-335,KILISGDVELNPGP
PDVLVKLNDCVTKYNLKVKC,D,1,A,Virus,UniParc,UPI0006BC6FBC/321-335,KILISGDVELNPGP
PDVLVKLNDYKTKYGLNIKC,D,6,A,Unclassified/Virus,UniParc,UPI0012A7B3A2/321-335,KILISGDVELNPGP
PDVLVKLNDYKTRYGLNIKC,D,4,A,Virus,UniParc,UPI0010B0FFE8/321-335,KILISGDVELNPGP
PDVLVKLNDYKTRYGLNVKC,D,1,A,Virus,UniParc,UPI0010B3ED9E/321-335,KILISGDVELNPGP
PDVLVKLNNYKTRYGLNIKC,D,1,A,Virus,UniParc,UPI001397860D/321-335,KILMSGDVELNPGP
PDVLVRLNDCKTKYGLNIKC,D,2,A,Unclassified,UniParc,UPI001E7C41E7/321-335,KILISGDVELNPGP
PDVQKLLAELLDGQKSIRKR,D,3,A,Unclassified,UniParc,UPI0020C1D62E/220-235,SLLLLCGDVEPNPGP
PDVQMTQSPSNLAASPGESV,D,1,A,Unclassified,UniParc,UPI0001B30697/259-275,FDLLKLAGDVESNPGP
PDYIDYKETCRRQHKRKRVS,D,2,A,Unclassified/Virus,UniParc,UPI001316657A/21-36,ILLLLSGDVETNPGP
PDYISLLNYYSQTRDVKVDY,D,1,A,Virus,UniParc,UPI001317CAA3/297-308,LSGDVELNPGP
PDYISQLNIDAQRKQIHFPL,D,2,B,Virus,UniParc/UniProtKB,UPI00094746F6/312-335,KNSMWLRDLTREGVESNPGP
PDYKCLHQMCAASSAHFKSL,D,1,A,Unclassified,UniParc,UPI0014581789/143-156,LLCCGDVEQNPGP
PDYKDDDDKPGESLFKGPRD,D,2,A,Unclassified,UniParc,UPI0021EF7F17/739-755,FDLLKLAGDVESNPGP
PDYKDHDGDYKDHDIDYKDD,D,20,A,Unclassified/Virus,UniParc,UPI0011628937/322-338,FSLLKQAGDVEENPGP
PDYKDHDGDYTFLYNHMVSN,D,1,A,Unclassified,UniParc,UPI001EA5E349/322-338,FSLLKQAGDVEENPGP
PE,E,2,A,Virus,UniParc/UniProtKB,UPI00016522C7/92-105,FDLLKLAGDVESNP
PEAAKKLDEIIENQKVSSCE,E,1,A,Unclassified,UniParc,UPI002031E8B7/269-281,LLLSGDVELNPGP
PEALYLVCGERGFFLSVYLK,E,3,A,Unclassified,UniParc,UPI001477A9A1/1378-1393,RGSLLTCGDVEENPGP
PEARDPLYKPRGELSNLVGL,E,1,A,Host,UniParc,UPI00221BE357/1752-1767,RLLLILSGDVEPNPGP
PEDAKNIKKGPAPFYPLEDG,E,1,A,Unclassified,UniParc,UPI00022A342C/248-263,FDLLKLAGDVESNPGP
PEDLAQILQTMKDMNERSKR,E,1,A,Unclassified,UniParc,UPI0021C540F6/154-168,LLLLTCGDVESNPGP
PEEQWAREIGAQLRRMADDL,E,48,A,Unclassified,UniParc,UPI000DC068AA/139-154,FDLLKLAGDVESNPGP
PEEQWAREIGAQLRRMADDN,E,2,A,Unclassified,UniParc,UPI000DC0AA22/91-101,KAGDVESNPGP
PEFATMAKPLSQEESTLIER,E,1,A,Unclassified,UniParc,UPI0010C389E5/249-266,RGSLLTCGDVEENPGP
PEFATMEDAKNIKKGPAPFY,E,1,A,Unclassified,UniParc,UPI0008153822/318-335,FDLLKLAGDVESNPGP
PEFMTEYKPTVRLATRDDVP,E,5,A,Unclassified,UniParc,UPI0010A6C713/1502-1519,FSLLKQAGDVEENPGP
PEFMVSKGEEDNMAIIKEFM,E,1,A,Unclassified,UniParc,UPI00081C8914/133-150,FDLLKLAGDVESNPGP
PEFNMVGEDSV,E,1,A,Unclassified,UniParc,UPI0003E668E3/12-29,FDLLKLAGDVESNPGP
PEFRKADTQMTIDRKVTCFS,E,1,A,Virus,UniParc,UPI00176BDBD6/975-989,LQQAGDVEMNPGP
PEFRKADTQMTVDKKVTCFS,E,2,A,Virus,UniParc/UniProtKB,UPI00043ADBA0/977-991,LQQAGDVEMNPGP
PEFTTATALTMPLNSSMASK,E,1,A,Unclassified,UniParc,UPI000F85AD5D/416-433,RGSLLTCGDVEENPGP
PEGMEQVSITPEQLQMILAM,E,14,A,Unclassified/Virus,UniParc/UniProtKB,UPI0004F5FA51/468-482,DILLSGDVEENPGP
PEGNAAVLAELQKLNAGQTL,E,5,A,Unclassified,UniParc,UPI0021553106/80-96,HSLLMLSGDVEANPGP
PEGNAAVLAELQKLNAVQTL,E,1,A,Unclassified,UniParc,UPI002155A453/40-56,HSLLMLSGDVEANPGP
PEGNAAVLAELQKLNVGQTL,E,1,A,Unclassified,UniParc,UPI0021554FEE/40-56,HSLLMLSGDVEANPGP
PEGNAAVLTELQKLNAGQTL,E,1,A,Unclassified,UniParc,UPI002155AE55/40-56,HSLLMLSGDVETNPGP
PEHDQESDTSSSFPAFQGNF,E,1,A,Unclassified,UniParc,UPI002071DC77/40-54,LLEQAGDIEKNPGP
PEHDTITSTLESVLETMRRL,E,1,A,Unclassified,UniParc,UPI0021019F73/138-154,RLSLLLSGDVEENPGP
PEKAVLDELKKLSTGQASLI,E,1,A,Unclassified,UniParc,UPI0021557D8E/251-265,ALLLLSGDIETNPGP
PEKAVLDELKKLSTGQATLI,E,1,A,Unclassified,UniParc,UPI002155E06B/41-55,ALLQLSGDIETNPGP
PEKLDQVLTLVKELITSNHK,E,1,A,Host,UniParc,UPI001FC73D94/54-68,HLLVCAGDVETNPGP
PEKPCCQDISLCHWNLNGIA,E,1,A,Unclassified,UniParc,UPI000A87ADBC/7-22,RLSLLISGDIEINPGP
PELMVSKGEELFTGVVPILV,E,1,A,Unclassified,UniParc,UPI0009E10EF0/248-263,RGSLLTCGDVEENPGP
PELSQIAKQLKDIATDIKDI,E,1,A,Unclassified,UniParc,UPI0018FDA766/40-53,LLLVAGDIEENPGP
PELTAQSDMKFLFSNINSIG,E,2,A,Host,UniParc,UPI001CAE19A3/63-76,LLLQAGDVETNPGP
PELTQISKQLEAIAGDIKSI,E,1,A,Unclassified,UniParc,UPI0021C50DB5/236-249,LLLLAGDIETNPGP
PEMANILAELKTLTAGQSKL,E,2,A,Unclassified,UniParc,UPI0018F91B42/110-126,RDLLLLAGDIETNPGP
PEMEKRRYASDSDSGYESKN,E,1,A,Virus,UniParc,UPI0022044156/743-760,RSLLLRCGDIEENPGP
PEMQEILTELQKISAGQATL,E,1,A,Host,UniParc,UPI001FC6E3F1/141-157,LLLLLSGDVETNPGP
PENHLQITEFNKALDEINDI,E,2,A,Unclassified,UniParc,UPI001232F4FA/38-51,LLYLCGDVEKNPGP
PENISNISVLTTRLARIGRK,E,1,A,Unclassified,UniParc,UPI00106908A4/12-24,LFLSGDVELNPGP
PENVHDLSILHLNIRSIRSK,E,2,A,Unclassified,UniParc,UPI0020721D58/50-62,LLQAGDIETNPGP
PEPNWEKSYVVHFANYVRRC,E,1,A,Unclassified,UniParc,UPI000FDF7024/688-701,DLLRSGDVETNPGP
PEPVELKDIMDRLTVIASDV,E,1,A,Unclassified,UniParc,UPI001A9E0D69/44-56,SLLLLCGDIESNP
PEQDSENTDPKASSRDVGSN,E,1,A,Host,UniParc,UPI000D524059/31-47,SLLLCSGDVELNPGP
PEQNVNNQTNLSVDSSTLLN,E,5,A,Host/Unclassified,UniParc/UniProtKB,UPI000C00A618/2-16,NLLRSGDVELNPGP
PEQSLSPGLSTTRKKPLWKC,E,1,A,Host,UniParc,UPI000C000EE3/89-104,RLVQCGDIEINPGP
PERPPAHAPRGELNMDIGFA,E,1,A,Host,UniParc,UPI00221B4E77/827-842,RMLLLLAGDVERNPGP
PERTHEYSEKTLSIFHCNIE,E,1,A,Host,UniParc,UPI0019C20030/282-295,LLLICGDIEPNPGP
PERTHEYSEKTLSIFHCNIR,E,16,A,Host,UniParc,UPI0015796E85/73-86,LLLICGDIEPNPGP
PERTKEHSGKTLSIFHCNIK,E,1,A,Host,UniParc,UPI001579DB31/73-86,LLIICGDIEPNPGP
PERTPEISEKTLSIFHGNIR,E,14,A,Host/Unclassified,UniParc,UPI001B536BA2/71-84,LLLICGDIEPNPGP
PERTPEISENTLSIFHGNIR,E,1,A,Host,UniParc,UPI001579589D/71-84,LLLICGDIEPNPGP
PERTQAYSEKTLSIFHCNIR,E,1,A,Host,UniParc,UPI0015798CE4/29-42,LLIICGDIEPNPGP
PESGVVVAVELQRRRPGMSV,E,3,A,Host,UniParc,UPI001D5DF831/206-220,LLLKAGDVEKNPGP
PESMGPRKYQPRGPLDLNVG,E,1,A,Host,UniParc,UPI00221B5729/383-400,RILLLLAGDIERNPGP
PESNAILAELKKLSAGQSQL,E,2,A,Host,UniParc/UniProtKB,UPI0002AEF10E/145-160,TLLLLSGDIETNPGP
PESPSAPPHRWCIPWQRLLL,E,4,A,Unclassified,UniParc,UPI0021EDC6B5/905-920,LLKLAGDVESNPGP
PETAQILKQLKEIAADIKDI,E,1,A,Unclassified,UniParc,UPI0018988F91/332-347,LLLLGGDIETNPGP
PETDKPDAPSLLCSASAELT,E,2,A,Host/Unclassified,UniParc,UPI00096B5F68/118-135,FLLILLSGDVELNPGP
PETDKQYKELFAAISALSEK,E,1,A,Unclassified,UniParc,UPI00189B323C/52-67,LLILCGDVELNPGP
PETDTLLLWVLLLWVPGSTG,E,2,A,Unclassified,UniParc,UPI0002B64B14/256-273,FDLLKLAGDVESNPGP
PETFEHWWAQLTSGSGVKQT,E,2,A,Unclassified,UniParc,UPI000DC0879A/23-41,FDLLKLAGDVESNPGP
PETFEHWWSQLLSGSGVKQT,E,2,A,Unclassified,UniParc,UPI000DC0564D/23-41,FDLLKLAGDVESNPGP
PETFSDLWKLLPEGSGVKQT,E,2,A,Unclassified,UniParc,UPI000DC057B6/23-41,FDLLKLAGDVESNPGP
PETGAILQKLKEIAQDIQEI,E,1,A,Unclassified,UniParc,UPI001C39002F/23-40,RMLLLLSGDVEVNPGP
PETGAILQKLKEIARDIQEI,E,8,A,Unclassified,UniParc,UPI001A9D819C/57-74,RMLLLLSGNVEVNPGP
PETNATSHSLESIAQALSRL,E,1,A,Unclassified,UniParc,UPI00189735D3/62-77,LLLLAGDVELNPGP
PETRLETMISQVLENQKQLK,E,5,A,Host/Unclassified,UniParc/UniProtKB,UPI0003D10870/133-149,LLLLLSGDVERNPGP
PETRNKQLDDMCKLLQDGQS,E,10,A,Unclassified,UniParc,UPI001A9D5361/129-144,LLMLCGDVEVNPGP
PETRNKQLDNMCKLLQDGQS,E,1,A,Unclassified,UniParc,UPI001C38A6D6/150-165,LLMLCGDVEVNPGP
PETRSADVQTTILATVQRIE,E,1,A,Unclassified,UniParc,UPI001C381D57/30-47,RLRLLVAGDVESNPGP
PEVAKKLDEIIENQKVSSCE,E,1,A,Unclassified,UniParc,UPI002031CF2B/254-266,LLLSGDVELNPGP
PEVEDMLRELLSGHTKIAQE,E,1,A,Host,UniParc,UPI00203842A3/200-215,RMLLLLWGDVESNPGP
PEVEDMLRELLSGQTKITQE,E,1,A,Unclassified,UniParc,UPI001FC6E905/1-15,MLLLVCGDVESNPGP
PEVEKMLEEILSNQSKLLAK,E,3,A,Host/Unclassified,UniParc,UPI0018873967/154-168,LLLKLSGDVEENPGP
PEVEKMLEEILSNQTKLLAK,E,7,A,Host/Unclassified,UniParc,UPI001886E4C2/154-168,LLLKLSGDVEENPGP
PEYDAEELLRKEPKVSDFQR,E,2,A,Host/Unclassified,UniParc,UPI00096B2DA0/166-179,LIICGDVESNPGP
