alignment_col,human_pos,human_aa,consensus,conservation_score
0,,-,M,1.0000
1,,-,A,1.0000
2,,-,P,1.0000
3,,-,T,1.0000
4,,-,A,1.0000
5,,-,K,1.0000
6,,-,T,1.0000
7,,-,N,1.0000
8,,-,K,1.0000
9,,-,G,1.0000
10,,-,D,1.0000
11,,-,T,1.0000
12,,-,K,1.0000
13,,-,T,1.0000
14,,-,A,1.0000
15,,-,A,1.0000
16,,-,A,1.0000
17,,-,K,1.0000
18,,-,P,1.0000
19,,-,A,1.0000
20,,-,E,1.0000
21,,-,K,1.0000
22,,-,K,1.0000
23,,-,A,1.0000
24,,-,A,1.0000
25,,-,P,1.0000
26,,-,A,1.0000
27,,-,A,1.0000
28,,-,A,1.0000
29,,-,A,1.0000
30,,-,A,1.0000
31,,-,K,1.0000
32,,-,G,1.0000
33,,-,K,1.0000
34,,-,V,1.0000
35,,-,E,1.0000
36,,-,K,1.0000
37,,-,P,1.0000
38,,-,K,1.0000
39,,-,A,1.0000
40,,-,E,1.0000
41,,-,A,1.0000
42,,-,A,1.0000
43,,-,K,1.0000
44,,-,P,1.0000
45,,-,A,1.0000
46,,-,A,1.0000
47,,-,A,1.0000
48,,-,A,1.0000
49,,-,A,1.0000
50,,-,K,1.0000
51,,-,N,1.0000
52,,-,V,1.0000
53,,-,K,1.0000
54,,-,K,1.0000
55,,-,A,1.0000
56,,-,S,1.0000
57,,-,E,1.0000
58,,-,A,1.0000
59,,-,A,1.0000
60,,-,K,1.0000
61,,-,D,1.0000
62,,-,V,1.0000
63,,-,K,1.0000
64,,-,A,1.0000
65,,-,A,1.0000
66,,-,A,1.0000
67,,-,A,1.0000
68,,-,A,1.0000
69,,-,A,1.0000
70,,-,K,1.0000
71,,-,P,1.0000
72,,-,A,1.0000
73,,-,A,1.0000
74,,-,A,1.0000
75,,-,K,1.0000
76,,-,P,1.0000
77,,-,A,1.0000
78,,-,A,1.0000
79,,-,A,1.0000
80,,-,K,1.0000
81,,-,P,1.0000
82,,-,A,1.0000
83,,-,A,1.0000
84,,-,A,1.0000
85,,-,S,1.0000
86,,-,K,1.0000
87,,-,D,1.0000
88,,-,A,1.0000
89,,-,G,1.0000
90,,-,K,1.0000
91,,-,K,1.0000
92,,-,A,1.0000
93,,-,P,1.0000
94,,-,A,1.0000
95,,-,A,1.0000
96,,-,A,1.0000
97,,-,A,1.0000
98,,-,P,1.0000
99,,-,K,1.0000
100,,-,K,1.0000
101,,-,D,1.0000
102,,-,A,1.0000
103,,-,K,1.0000
104,,-,A,1.0000
105,,-,A,1.0000
106,,-,A,1.0000
107,,-,A,1.0000
108,,-,P,1.0000
109,,-,A,1.0000
110,,-,P,1.0000
111,,-,A,1.0000
112,,-,K,1.0000
113,,-,A,1.0000
114,,-,A,1.0000
115,,-,P,1.0000
116,,-,A,1.0000
117,,-,K,1.0000
118,,-,K,1.0000
119,,-,A,1.0000
120,,-,A,1.0000
121,,-,S,1.0000
122,,-,T,1.0000
123,,-,P,1.0000
124,,-,A,1.0000
125,,-,A,1.0000
126,,-,A,1.0000
127,,-,P,1.0000
128,,-,P,1.0000
129,,-,A,1.0000
130,,-,K,1.0000
131,,-,K,1.0000
132,,-,A,1.0000
133,,-,A,1.0000
134,,-,P,1.0000
135,,-,A,1.0000
136,,-,K,1.0000
137,,-,A,1.0000
138,,-,A,1.0000
139,,-,A,1.0000
140,,-,P,1.0000
141,,-,A,1.0000
142,,-,A,1.0000
143,,-,A,1.0000
144,,-,A,1.0000
145,,-,P,1.0000
146,,-,A,1.0000
147,,-,P,1.0000
148,,-,A,1.0000
149,,-,A,1.0000
150,,-,A,1.0000
151,,-,A,1.0000
152,,-,P,1.0000
153,,-,A,1.0000
154,,-,V,1.0000
155,,-,A,1.0000
156,,-,K,1.0000
157,,-,P,1.0000
158,,-,A,1.0000
159,,-,P,1.0000
160,,-,K,1.0000
161,,-,P,1.0000
162,,-,K,1.0000
163,,-,A,1.0000
164,,-,K,1.0000
165,1,M,M,0.9000
166,2,A,A,0.7500
167,,-,P,0.5000
168,,-,Q,0.3333
169,3,P,P,0.7273
170,4,V,V,0.2727
171,5,K,K,0.6364
172,,-,V,0.2857
173,,-,K,0.4286
174,,-,K,0.2857
175,,-,K,0.8571
176,,-,P,0.4286
177,,-,G,0.5000
178,6,K,K,0.4444
179,,-,K,0.5000
180,,-,K,1.0000
181,,-,N,0.5000
182,,-,V,0.3333
183,7,L,L,0.3077
184,8,V,K,0.3077
185,9,V,G,0.3077
186,10,K,K,0.6923
187,11,G,G,0.5385
188,12,G,G,0.5385
189,13,K,K,0.8462
190,14,K,K,0.9231
191,15,K,K,0.9231
192,16,K,K,0.8462
193,17,Q,Q,0.3846
194,18,V,V,0.2308
195,19,L,L,0.7692
196,20,K,K,0.8462
197,21,F,F,0.9231
198,22,T,T,0.9231
199,23,L,I,0.5385
200,24,D,D,1.0000
201,25,C,C,0.9231
202,26,T,T,0.9231
203,27,H,H,0.7692
204,28,P,P,0.9231
205,29,V,V,0.8462
206,30,E,E,1.0000
207,31,D,D,1.0000
208,32,G,G,0.8462
209,33,I,I,1.0000
210,34,M,M,1.0000
211,35,D,D,0.8462
212,36,A,A,0.5385
213,37,A,A,0.6154
214,38,N,N,0.6923
215,39,F,F,0.9231
216,40,E,E,0.9231
217,41,Q,Q,0.5385
218,42,F,F,0.8462
219,43,L,L,0.9231
220,44,Q,H,0.4615
221,45,E,E,0.4615
222,46,R,R,0.9231
223,47,I,I,0.9231
224,48,K,K,1.0000
225,49,V,V,0.9231
226,50,N,N,0.6923
227,51,G,G,0.9231
228,52,K,K,1.0000
229,53,A,T,0.6154
230,54,G,N,0.5385
231,55,N,N,0.9231
232,56,L,L,0.7692
233,57,G,G,0.6923
234,58,G,N,0.3077
235,,-,H,1.0000
236,59,G,G,0.7500
237,60,V,V,0.2500
238,61,V,V,0.8462
239,62,T,T,0.5385
240,63,I,I,0.6154
241,64,E,E,1.0000
242,65,R,R,0.7692
243,66,S,S,0.4615
244,67,K,K,1.0000
245,68,S,S,0.6154
246,69,K,K,1.0000
247,70,I,I,0.6154
248,71,T,T,0.3077
249,72,V,V,0.7692
250,73,T,T,0.4615
251,74,S,S,0.7692
252,75,E,E,0.6154
253,76,V,I,0.5385
254,77,P,P,0.6154
255,78,F,F,1.0000
256,79,S,S,1.0000
257,80,K,K,1.0000
258,81,R,R,0.9231
259,82,Y,Y,1.0000
260,83,L,L,0.9231
261,84,K,K,1.0000
262,85,Y,Y,1.0000
263,86,L,L,1.0000
264,87,T,T,0.9231
265,88,K,K,1.0000
266,89,K,K,1.0000
267,90,Y,Y,1.0000
268,91,L,L,1.0000
269,92,K,K,1.0000
270,93,K,K,1.0000
271,94,N,N,0.9231
272,95,N,N,0.7692
273,96,L,L,1.0000
274,97,R,R,1.0000
275,98,D,D,1.0000
276,99,W,W,1.0000
277,100,L,L,0.9231
278,101,R,R,1.0000
279,102,V,V,1.0000
280,103,V,V,1.0000
281,104,A,A,0.9231
282,105,N,N,0.3846
283,106,S,S,0.3846
284,107,K,K,0.8462
285,108,E,E,0.6923
286,109,S,S,0.6923
287,110,Y,Y,1.0000
288,111,E,E,1.0000
289,112,L,L,1.0000
290,113,R,R,1.0000
291,114,Y,Y,1.0000
292,115,F,F,1.0000
293,116,Q,Q,0.8462
294,117,I,I,1.0000
295,118,N,N,0.8462
296,119,Q,Q,0.4615
297,120,D,D,0.6923
298,121,E,E,0.7692
299,122,E,E,0.6154
300,123,E,E,0.8462
301,124,E,E,0.6923
302,125,E,E,0.6923
303,126,D,D,0.5385
304,127,E,E,0.5385
305,128,D,D,0.5000
306,,-,E,1.0000
307,,-,S,1.0000
